{"whale_set": ["0xbb611d193d53fe25a0d372d98cf24e4dc03558ff", "0xa2f1fecf1cc7db65a46588f764b6691533052d22", "0x3b5d93e768e79c0974ac0f7d210237988120cc80", "0x847667d84fc4d81db36689c4f4c5845c8d125418", "0xbaa2bcb5439e985ce4ccf815b4700027d1b92c73", "0x5685bf6758facce7d1221d3cc3ab0fdb836a62e2", "0xc93c86f929a23f8f688d12db7ad2ed736ef652f1", "0x2a1410533fe6abeeff9d124a51f023539b64e0fb", "0xeb92ca532033ff350cb3672f958ffc3f35ccfdf0", "0x1489046ca0f9980fc2d9a950d103d3bec02c1307", "0x77a4ba69bfd3a388bce7031900a3fabc105fc84f", "0xec0bc5b9d6f9cf4e88706d1e3efe333c6ee669e6", "0xd86d87914387111b47355e87aca7c032dbe5648d", "0xed322eac0406328b804d160915364b72e3f820d6", "0x000d257d2dc7616feaef4ae0f14600fdf50a758e", "0xf2f6af4f27ec2dcf4072095ab804016e14cd5817", "0xd25b8718f61fb64a754356ad8cf16b5579f59f3d", "0xe0718185ae103323d86b4eb687cb439b8d10f836", "0x05ab749a8554fb7c852238c271d384bae6798145", "0x0ce3ba832b15107d7ca7f05aedc393d3b12c3bc3", "0x12bff6ca3cb6cfc950a27b275b795fd84d4dddaf", "0x24c8cf69a0e0a17eee21f69d29752bfa32e823e1", "0x2ae3e6f5c1b211858a4c4e8c7c58303e8fdfbc70", "0x879eb52a11d5296d62d8d0d78ff2baf12b43c960", "0x3b334cd6ca37ada031247deb0deaccdc0455a5f8", "0x8c7b26969470bd87494b5d406c3e84256d102a87", "0x31646fb225a7743287e760e44923345644513033", "0xd1ed12197b7dc22dede923727e9b714024dbd7cb", "0x204f72f35326db932158cba6adff0b9a1da95e14", "0x355f3b6a0e5b430a21b5067403c2f4507dbc0df8", "0x2a019dc0089ea8c6edbbafc8a7cc9ba77b4b6397", "0x0ffcad4963e25dc150774363f4061ebe840c8236", "0x477a7d28ed844984088129207c0afcb2459e2d8e", "0xa4da7cb218c5dcb36666815c6aa043890fa82db1", "0x36e7e560c4d4cf32926906d939a18cf91f8a0b6b", "0xa9b44dca52ed35e59ac2a6f49d1203b8155464ed", "0xbad26fe5458e6219cec3e40272760e275e835296", "0xf5d92058c977a9c957c6cbfbe3e9a27c83a9be50", "0x1d379e322ef813587a3e13ad79857c45edc7f4a4", "0x711cf2d57de4c9aa53dd2c0bff3a2bf818688495", "0x682dbb961b8b4c4c99d9d56557d5ad68847e4cd6", "0x60581f6fd33332a587718d0683b255eb7ba7d286", "0xc8ab97a9089a9ff7e6ef0688e6e591a066946418"], "scores": {"0x000d257d2dc7616feaef4ae0f14600fdf50a758e": 8.374598067417452, "0x05ab749a8554fb7c852238c271d384bae6798145": 2.2870171293803327, "0x0ce3ba832b15107d7ca7f05aedc393d3b12c3bc3": 5.821581410185121, "0x0ffcad4963e25dc150774363f4061ebe840c8236": 7.766938156961314, "0x12bff6ca3cb6cfc950a27b275b795fd84d4dddaf": 2.351373578247679, "0x1489046ca0f9980fc2d9a950d103d3bec02c1307": 3.0610517373867023, "0x1d379e322ef813587a3e13ad79857c45edc7f4a4": 2.7591454884038056, "0x204f72f35326db932158cba6adff0b9a1da95e14": 7.095904679145334, "0x24c8cf69a0e0a17eee21f69d29752bfa32e823e1": 8.3573292611476, "0x2a019dc0089ea8c6edbbafc8a7cc9ba77b4b6397": 8.31674110947653, "0x2a1410533fe6abeeff9d124a51f023539b64e0fb": 5.695181370284319, "0x2ae3e6f5c1b211858a4c4e8c7c58303e8fdfbc70": 6.3841862817642365, "0x31646fb225a7743287e760e44923345644513033": 6.50332320428586, "0x355f3b6a0e5b430a21b5067403c2f4507dbc0df8": 3.925098075892349, "0x36e7e560c4d4cf32926906d939a18cf91f8a0b6b": 8.231742856651131, "0x3b334cd6ca37ada031247deb0deaccdc0455a5f8": 2.477264608882203, "0x3b5d93e768e79c0974ac0f7d210237988120cc80": 2.8655905561301425, "0x477a7d28ed844984088129207c0afcb2459e2d8e": 8.403453814465019, "0x5685bf6758facce7d1221d3cc3ab0fdb836a62e2": 8.618052324564678, "0x60581f6fd33332a587718d0683b255eb7ba7d286": 9.181244722574423, "0x682dbb961b8b4c4c99d9d56557d5ad68847e4cd6": 7.422055364518228, "0x711cf2d57de4c9aa53dd2c0bff3a2bf818688495": 8.273447579972334, "0x77a4ba69bfd3a388bce7031900a3fabc105fc84f": 2.648391959292643, "0x847667d84fc4d81db36689c4f4c5845c8d125418": 8.36507433875451, "0x879eb52a11d5296d62d8d0d78ff2baf12b43c960": 6.036874544159798, "0x8c7b26969470bd87494b5d406c3e84256d102a87": 3.9215051279174857, "0xa2f1fecf1cc7db65a46588f764b6691533052d22": 7.893304873424282, "0xa4da7cb218c5dcb36666815c6aa043890fa82db1": 7.029148346133294, "0xa9b44dca52ed35e59ac2a6f49d1203b8155464ed": 5.957018531617477, "0xbaa2bcb5439e985ce4ccf815b4700027d1b92c73": 7.371494117109765, "0xbad26fe5458e6219cec3e40272760e275e835296": 7.649687743556861, "0xbb611d193d53fe25a0d372d98cf24e4dc03558ff": 3.0893295752459693, "0xc8ab97a9089a9ff7e6ef0688e6e591a066946418": 8.468439760867277, "0xc93c86f929a23f8f688d12db7ad2ed736ef652f1": 4.370596143596321, "0xd1ed12197b7dc22dede923727e9b714024dbd7cb": 6.133430920758928, "0xd25b8718f61fb64a754356ad8cf16b5579f59f3d": 8.18268173578318, "0xd86d87914387111b47355e87aca7c032dbe5648d": 3.588938156185469, "0xe0718185ae103323d86b4eb687cb439b8d10f836": 6.197930403821206, "0xeb92ca532033ff350cb3672f958ffc3f35ccfdf0": 5.740142258764372, "0xec0bc5b9d6f9cf4e88706d1e3efe333c6ee669e6": 8.715230708816124, "0xed322eac0406328b804d160915364b72e3f820d6": 8.32417948502067, "0xf2f6af4f27ec2dcf4072095ab804016e14cd5817": 8.433945602234884, "0xf5d92058c977a9c957c6cbfbe3e9a27c83a9be50": 8.518002215420683}, "winrates": {"0x000d257d2dc7616feaef4ae0f14600fdf50a758e": 0.7034596990742424, "0x05ab749a8554fb7c852238c271d384bae6798145": 0.47800648293599496, "0x0ce3ba832b15107d7ca7f05aedc393d3b12c3bc3": 0.6096285683645876, "0x0ffcad4963e25dc150774363f4061ebe840c8236": 0.6356835289485315, "0x12bff6ca3cb6cfc950a27b275b795fd84d4dddaf": 0.3358832005391099, "0x1489046ca0f9980fc2d9a950d103d3bec02c1307": 0.9999109481299154, "0x1d379e322ef813587a3e13ad79857c45edc7f4a4": 0.5609391415142765, "0x204f72f35326db932158cba6adff0b9a1da95e14": 0.9999341572579017, "0x24c8cf69a0e0a17eee21f69d29752bfa32e823e1": 0.40858931222067657, "0x2a019dc0089ea8c6edbbafc8a7cc9ba77b4b6397": 0.8131079208238682, "0x2a1410533fe6abeeff9d124a51f023539b64e0fb": 0.9655557032935184, "0x2ae3e6f5c1b211858a4c4e8c7c58303e8fdfbc70": 0.7624204062856729, "0x31646fb225a7743287e760e44923345644513033": 0.6564349984187346, "0x355f3b6a0e5b430a21b5067403c2f4507dbc0df8": 0.7474361111571491, "0x36e7e560c4d4cf32926906d939a18cf91f8a0b6b": 0.9997159634779853, "0x3b334cd6ca37ada031247deb0deaccdc0455a5f8": 0.5314249583355611, "0x3b5d93e768e79c0974ac0f7d210237988120cc80": 0.5932514172176073, "0x477a7d28ed844984088129207c0afcb2459e2d8e": 0.5460328168302458, "0x5685bf6758facce7d1221d3cc3ab0fdb836a62e2": 0.9996515735600974, "0x60581f6fd33332a587718d0683b255eb7ba7d286": 0.9762231190629819, "0x682dbb961b8b4c4c99d9d56557d5ad68847e4cd6": 0.4138185360149188, "0x711cf2d57de4c9aa53dd2c0bff3a2bf818688495": 0.5628055248888644, "0x77a4ba69bfd3a388bce7031900a3fabc105fc84f": 0.40164482560823145, "0x847667d84fc4d81db36689c4f4c5845c8d125418": 0.9999011420093105, "0x879eb52a11d5296d62d8d0d78ff2baf12b43c960": 0.49999833326898874, "0x8c7b26969470bd87494b5d406c3e84256d102a87": 0.7198780111190513, "0xa2f1fecf1cc7db65a46588f764b6691533052d22": 0.8483197097942651, "0xa4da7cb218c5dcb36666815c6aa043890fa82db1": 0.6631195615190021, "0xa9b44dca52ed35e59ac2a6f49d1203b8155464ed": 0.2539832590471946, "0xbaa2bcb5439e985ce4ccf815b4700027d1b92c73": 0.5795325766606227, "0xbad26fe5458e6219cec3e40272760e275e835296": 0.5964939305601452, "0xbb611d193d53fe25a0d372d98cf24e4dc03558ff": 0.9998719199195992, "0xc8ab97a9089a9ff7e6ef0688e6e591a066946418": 0.6278241156969089, "0xc93c86f929a23f8f688d12db7ad2ed736ef652f1": 0.8519535110985167, "0xd1ed12197b7dc22dede923727e9b714024dbd7cb": 0.5216544802309269, "0xd25b8718f61fb64a754356ad8cf16b5579f59f3d": 0.527611460413895, "0xd86d87914387111b47355e87aca7c032dbe5648d": 0.6425425833963503, "0xe0718185ae103323d86b4eb687cb439b8d10f836": 0.6067713114236329, "0xeb92ca532033ff350cb3672f958ffc3f35ccfdf0": 0.58164466700753, "0xec0bc5b9d6f9cf4e88706d1e3efe333c6ee669e6": 0.9599706314616069, "0xed322eac0406328b804d160915364b72e3f820d6": 0.8106325065820079, "0xf2f6af4f27ec2dcf4072095ab804016e14cd5817": 0.7243121652715353, "0xf5d92058c977a9c957c6cbfbe3e9a27c83a9be50": 0.8147002383971443}}