{"whale_set": ["0xe598435df0cdf5d22bdd5082d557f75f9180a0a8", "0xa2f1fecf1cc7db65a46588f764b6691533052d22", "0xbaa2bcb5439e985ce4ccf815b4700027d1b92c73", "0x60581f6fd33332a587718d0683b255eb7ba7d286", "0x2a1410533fe6abeeff9d124a51f023539b64e0fb", "0xed322eac0406328b804d160915364b72e3f820d6", "0x000d257d2dc7616feaef4ae0f14600fdf50a758e", "0xf2f6af4f27ec2dcf4072095ab804016e14cd5817", "0xd25b8718f61fb64a754356ad8cf16b5579f59f3d", "0xe0718185ae103323d86b4eb687cb439b8d10f836", "0x12bff6ca3cb6cfc950a27b275b795fd84d4dddaf", "0x0ce3ba832b15107d7ca7f05aedc393d3b12c3bc3", "0x24c8cf69a0e0a17eee21f69d29752bfa32e823e1", "0x31646fb225a7743287e760e44923345644513033", "0x477a7d28ed844984088129207c0afcb2459e2d8e", "0xa9b44dca52ed35e59ac2a6f49d1203b8155464ed", "0xf5d92058c977a9c957c6cbfbe3e9a27c83a9be50", "0x682dbb961b8b4c4c99d9d56557d5ad68847e4cd6", "0xc8ab97a9089a9ff7e6ef0688e6e591a066946418"], "scores": {"0x000d257d2dc7616feaef4ae0f14600fdf50a758e": 8.3711213967957, "0x0ce3ba832b15107d7ca7f05aedc393d3b12c3bc3": 5.819716885291849, "0x12bff6ca3cb6cfc950a27b275b795fd84d4dddaf": 2.5714220820648714, "0x24c8cf69a0e0a17eee21f69d29752bfa32e823e1": 8.387165047675122, "0x2a1410533fe6abeeff9d124a51f023539b64e0fb": 5.694970277494921, "0x31646fb225a7743287e760e44923345644513033": 6.4278771269191965, "0x477a7d28ed844984088129207c0afcb2459e2d8e": 8.402696877774611, "0x60581f6fd33332a587718d0683b255eb7ba7d286": 9.183056112719907, "0x682dbb961b8b4c4c99d9d56557d5ad68847e4cd6": 2.098706887574142, "0xa2f1fecf1cc7db65a46588f764b6691533052d22": 7.990179742078263, "0xa9b44dca52ed35e59ac2a6f49d1203b8155464ed": 5.969392017856108, "0xbaa2bcb5439e985ce4ccf815b4700027d1b92c73": 7.257534145198511, "0xc8ab97a9089a9ff7e6ef0688e6e591a066946418": 8.234737384244953, "0xd25b8718f61fb64a754356ad8cf16b5579f59f3d": 8.198183595982657, "0xe0718185ae103323d86b4eb687cb439b8d10f836": 5.905095069269602, "0xe598435df0cdf5d22bdd5082d557f75f9180a0a8": 6.1257248132862445, "0xed322eac0406328b804d160915364b72e3f820d6": 8.338331824680342, "0xf2f6af4f27ec2dcf4072095ab804016e14cd5817": 8.43965468634093, "0xf5d92058c977a9c957c6cbfbe3e9a27c83a9be50": 8.518008692233588}, "winrates": {"0x000d257d2dc7616feaef4ae0f14600fdf50a758e": 0.7015661209341205, "0x0ce3ba832b15107d7ca7f05aedc393d3b12c3bc3": 0.6098631638883775, "0x12bff6ca3cb6cfc950a27b275b795fd84d4dddaf": 0.35015105731211704, "0x24c8cf69a0e0a17eee21f69d29752bfa32e823e1": 0.4270323828418222, "0x2a1410533fe6abeeff9d124a51f023539b64e0fb": 0.9657211424839888, "0x31646fb225a7743287e760e44923345644513033": 0.6522652272755346, "0x477a7d28ed844984088129207c0afcb2459e2d8e": 0.5463394076867929, "0x60581f6fd33332a587718d0683b255eb7ba7d286": 0.9778598225331925, "0x682dbb961b8b4c4c99d9d56557d5ad68847e4cd6": 0.260739846763301, "0xa2f1fecf1cc7db65a46588f764b6691533052d22": 0.8410068652415523, "0xa9b44dca52ed35e59ac2a6f49d1203b8155464ed": 0.2699000245981966, "0xbaa2bcb5439e985ce4ccf815b4700027d1b92c73": 0.5746144152124308, "0xc8ab97a9089a9ff7e6ef0688e6e591a066946418": 0.9668879823591557, "0xd25b8718f61fb64a754356ad8cf16b5579f59f3d": 0.5363855757549736, "0xe0718185ae103323d86b4eb687cb439b8d10f836": 0.5990153594197156, "0xe598435df0cdf5d22bdd5082d557f75f9180a0a8": 0.5154538776353574, "0xed322eac0406328b804d160915364b72e3f820d6": 0.8149732467158038, "0xf2f6af4f27ec2dcf4072095ab804016e14cd5817": 0.7220069722651079, "0xf5d92058c977a9c957c6cbfbe3e9a27c83a9be50": 0.8146880844890296}}