{"whale_set": ["0xe598435df0cdf5d22bdd5082d557f75f9180a0a8", "0xa2f1fecf1cc7db65a46588f764b6691533052d22", "0x847667d84fc4d81db36689c4f4c5845c8d125418", "0x60581f6fd33332a587718d0683b255eb7ba7d286", "0x5685bf6758facce7d1221d3cc3ab0fdb836a62e2", "0xbaa2bcb5439e985ce4ccf815b4700027d1b92c73", "0xc93c86f929a23f8f688d12db7ad2ed736ef652f1", "0x2a1410533fe6abeeff9d124a51f023539b64e0fb", "0x1489046ca0f9980fc2d9a950d103d3bec02c1307", "0xec0bc5b9d6f9cf4e88706d1e3efe333c6ee669e6", "0xd86d87914387111b47355e87aca7c032dbe5648d", "0xed322eac0406328b804d160915364b72e3f820d6", "0x000d257d2dc7616feaef4ae0f14600fdf50a758e", "0xf2f6af4f27ec2dcf4072095ab804016e14cd5817", "0xd25b8718f61fb64a754356ad8cf16b5579f59f3d", "0xe0718185ae103323d86b4eb687cb439b8d10f836", "0x12bff6ca3cb6cfc950a27b275b795fd84d4dddaf", "0x0ce3ba832b15107d7ca7f05aedc393d3b12c3bc3", "0x24c8cf69a0e0a17eee21f69d29752bfa32e823e1", "0x2ae3e6f5c1b211858a4c4e8c7c58303e8fdfbc70", "0x879eb52a11d5296d62d8d0d78ff2baf12b43c960", "0x3b334cd6ca37ada031247deb0deaccdc0455a5f8", "0x31646fb225a7743287e760e44923345644513033", "0xd1ed12197b7dc22dede923727e9b714024dbd7cb", "0x355f3b6a0e5b430a21b5067403c2f4507dbc0df8", "0x2a019dc0089ea8c6edbbafc8a7cc9ba77b4b6397", "0x0ffcad4963e25dc150774363f4061ebe840c8236", "0x477a7d28ed844984088129207c0afcb2459e2d8e", "0xa4da7cb218c5dcb36666815c6aa043890fa82db1", "0x36e7e560c4d4cf32926906d939a18cf91f8a0b6b", "0xa9b44dca52ed35e59ac2a6f49d1203b8155464ed", "0xbad26fe5458e6219cec3e40272760e275e835296", "0xf5d92058c977a9c957c6cbfbe3e9a27c83a9be50", "0x1d379e322ef813587a3e13ad79857c45edc7f4a4", "0x711cf2d57de4c9aa53dd2c0bff3a2bf818688495", "0x682dbb961b8b4c4c99d9d56557d5ad68847e4cd6", "0xc8ab97a9089a9ff7e6ef0688e6e591a066946418"], "scores": {"0x000d257d2dc7616feaef4ae0f14600fdf50a758e": 8.363740724584625, "0x0ce3ba832b15107d7ca7f05aedc393d3b12c3bc3": 5.8170045077696395, "0x0ffcad4963e25dc150774363f4061ebe840c8236": 8.067417557216697, "0x12bff6ca3cb6cfc950a27b275b795fd84d4dddaf": 2.9028343421810248, "0x1489046ca0f9980fc2d9a950d103d3bec02c1307": 3.05307862277982, "0x1d379e322ef813587a3e13ad79857c45edc7f4a4": 3.5331662441338194, "0x24c8cf69a0e0a17eee21f69d29752bfa32e823e1": 8.431110420390775, "0x2a019dc0089ea8c6edbbafc8a7cc9ba77b4b6397": 8.312478207720025, "0x2a1410533fe6abeeff9d124a51f023539b64e0fb": 5.695112236964068, "0x2ae3e6f5c1b211858a4c4e8c7c58303e8fdfbc70": 6.2657058930735605, "0x31646fb225a7743287e760e44923345644513033": 6.319117981019816, "0x355f3b6a0e5b430a21b5067403c2f4507dbc0df8": 4.8983865644458895, "0x36e7e560c4d4cf32926906d939a18cf91f8a0b6b": 8.203899904062968, "0x3b334cd6ca37ada031247deb0deaccdc0455a5f8": 2.364492429250901, "0x477a7d28ed844984088129207c0afcb2459e2d8e": 8.401548046167722, "0x5685bf6758facce7d1221d3cc3ab0fdb836a62e2": 8.61342212332186, "0x60581f6fd33332a587718d0683b255eb7ba7d286": 9.185537128813058, "0x682dbb961b8b4c4c99d9d56557d5ad68847e4cd6": 2.426454930066228, "0x711cf2d57de4c9aa53dd2c0bff3a2bf818688495": 8.2301749415388, "0x847667d84fc4d81db36689c4f4c5845c8d125418": 8.312598114818353, "0x879eb52a11d5296d62d8d0d78ff2baf12b43c960": 6.028576370416507, "0xa2f1fecf1cc7db65a46588f764b6691533052d22": 8.086748455274215, "0xa4da7cb218c5dcb36666815c6aa043890fa82db1": 7.16662293551977, "0xa9b44dca52ed35e59ac2a6f49d1203b8155464ed": 5.987266645021258, "0xbaa2bcb5439e985ce4ccf815b4700027d1b92c73": 7.025579784632639, "0xbad26fe5458e6219cec3e40272760e275e835296": 7.437334098438264, "0xc8ab97a9089a9ff7e6ef0688e6e591a066946418": 8.227887522838357, "0xc93c86f929a23f8f688d12db7ad2ed736ef652f1": 4.936165053504333, "0xd1ed12197b7dc22dede923727e9b714024dbd7cb": 6.284833156371215, "0xd25b8718f61fb64a754356ad8cf16b5579f59f3d": 8.221106664497974, "0xd86d87914387111b47355e87aca7c032dbe5648d": 3.6698149951842853, "0xe0718185ae103323d86b4eb687cb439b8d10f836": 5.8501964382355585, "0xe598435df0cdf5d22bdd5082d557f75f9180a0a8": 5.927092789467343, "0xec0bc5b9d6f9cf4e88706d1e3efe333c6ee669e6": 8.721322226573912, "0xed322eac0406328b804d160915364b72e3f820d6": 8.360291151006953, "0xf2f6af4f27ec2dcf4072095ab804016e14cd5817": 8.451024649676267, "0xf5d92058c977a9c957c6cbfbe3e9a27c83a9be50": 8.518018370363507}, "winrates": {"0x000d257d2dc7616feaef4ae0f14600fdf50a758e": 0.6970118527299337, "0x0ce3ba832b15107d7ca7f05aedc393d3b12c3bc3": 0.6102406336970705, "0x0ffcad4963e25dc150774363f4061ebe840c8236": 0.6334486294964626, "0x12bff6ca3cb6cfc950a27b275b795fd84d4dddaf": 0.3727206132073182, "0x1489046ca0f9980fc2d9a950d103d3bec02c1307": 0.9999427690967582, "0x1d379e322ef813587a3e13ad79857c45edc7f4a4": 0.6062840338309892, "0x24c8cf69a0e0a17eee21f69d29752bfa32e823e1": 0.45412276546213776, "0x2a019dc0089ea8c6edbbafc8a7cc9ba77b4b6397": 0.8049357861875756, "0x2a1410533fe6abeeff9d124a51f023539b64e0fb": 0.9659810723902829, "0x2ae3e6f5c1b211858a4c4e8c7c58303e8fdfbc70": 0.7560308461088976, "0x31646fb225a7743287e760e44923345644513033": 0.6457229390991224, "0x355f3b6a0e5b430a21b5067403c2f4507dbc0df8": 0.7753460604284946, "0x36e7e560c4d4cf32926906d939a18cf91f8a0b6b": 0.9998063145217578, "0x3b334cd6ca37ada031247deb0deaccdc0455a5f8": 0.52601817642389, "0x477a7d28ed844984088129207c0afcb2459e2d8e": 0.5467989194709354, "0x5685bf6758facce7d1221d3cc3ab0fdb836a62e2": 0.999809122081584, "0x60581f6fd33332a587718d0683b255eb7ba7d286": 0.9801069739974416, "0x682dbb961b8b4c4c99d9d56557d5ad68847e4cd6": 0.30742255575337163, "0x711cf2d57de4c9aa53dd2c0bff3a2bf818688495": 0.5394214941894022, "0x847667d84fc4d81db36689c4f4c5845c8d125418": 0.9999335260756448, "0x879eb52a11d5296d62d8d0d78ff2baf12b43c960": 0.49999986354997733, "0xa2f1fecf1cc7db65a46588f764b6691533052d22": 0.8298742836361974, "0xa4da7cb218c5dcb36666815c6aa043890fa82db1": 0.6594638150731176, "0xa9b44dca52ed35e59ac2a6f49d1203b8155464ed": 0.295119531001551, "0xbaa2bcb5439e985ce4ccf815b4700027d1b92c73": 0.5651867461909195, "0xbad26fe5458e6219cec3e40272760e275e835296": 0.5942471701003763, "0xc8ab97a9089a9ff7e6ef0688e6e591a066946418": 0.9551217991216623, "0xc93c86f929a23f8f688d12db7ad2ed736ef652f1": 0.8420083158601073, "0xd1ed12197b7dc22dede923727e9b714024dbd7cb": 0.5236862566876563, "0xd25b8718f61fb64a754356ad8cf16b5579f59f3d": 0.5493061603514785, "0xd86d87914387111b47355e87aca7c032dbe5648d": 0.636521816440198, "0xe0718185ae103323d86b4eb687cb439b8d10f836": 0.5969658038464146, "0xe598435df0cdf5d22bdd5082d557f75f9180a0a8": 0.5099041220944276, "0xec0bc5b9d6f9cf4e88706d1e3efe333c6ee669e6": 0.9607515465254999, "0xed322eac0406328b804d160915364b72e3f820d6": 0.8216097366124532, "0xf2f6af4f27ec2dcf4072095ab804016e14cd5817": 0.7176111753730965, "0xf5d92058c977a9c957c6cbfbe3e9a27c83a9be50": 0.8146642596896564}}