{"whale_set": ["0xe598435df0cdf5d22bdd5082d557f75f9180a0a8", "0xa2f1fecf1cc7db65a46588f764b6691533052d22", "0x847667d84fc4d81db36689c4f4c5845c8d125418", "0x60581f6fd33332a587718d0683b255eb7ba7d286", "0x5685bf6758facce7d1221d3cc3ab0fdb836a62e2", "0xbaa2bcb5439e985ce4ccf815b4700027d1b92c73", "0xc93c86f929a23f8f688d12db7ad2ed736ef652f1", "0x2a1410533fe6abeeff9d124a51f023539b64e0fb", "0x1489046ca0f9980fc2d9a950d103d3bec02c1307", "0xec0bc5b9d6f9cf4e88706d1e3efe333c6ee669e6", "0xd86d87914387111b47355e87aca7c032dbe5648d", "0xed322eac0406328b804d160915364b72e3f820d6", "0x000d257d2dc7616feaef4ae0f14600fdf50a758e", "0xf2f6af4f27ec2dcf4072095ab804016e14cd5817", "0xd25b8718f61fb64a754356ad8cf16b5579f59f3d", "0xe0718185ae103323d86b4eb687cb439b8d10f836", "0x12bff6ca3cb6cfc950a27b275b795fd84d4dddaf", "0x0ce3ba832b15107d7ca7f05aedc393d3b12c3bc3", "0x24c8cf69a0e0a17eee21f69d29752bfa32e823e1", "0x2ae3e6f5c1b211858a4c4e8c7c58303e8fdfbc70", "0x879eb52a11d5296d62d8d0d78ff2baf12b43c960", "0x3b334cd6ca37ada031247deb0deaccdc0455a5f8", "0x31646fb225a7743287e760e44923345644513033", "0xd1ed12197b7dc22dede923727e9b714024dbd7cb", "0x355f3b6a0e5b430a21b5067403c2f4507dbc0df8", "0x2a019dc0089ea8c6edbbafc8a7cc9ba77b4b6397", "0x0ffcad4963e25dc150774363f4061ebe840c8236", "0x477a7d28ed844984088129207c0afcb2459e2d8e", "0xa4da7cb218c5dcb36666815c6aa043890fa82db1", "0x36e7e560c4d4cf32926906d939a18cf91f8a0b6b", "0xa9b44dca52ed35e59ac2a6f49d1203b8155464ed", "0xbad26fe5458e6219cec3e40272760e275e835296", "0xf5d92058c977a9c957c6cbfbe3e9a27c83a9be50", "0x1d379e322ef813587a3e13ad79857c45edc7f4a4", "0x711cf2d57de4c9aa53dd2c0bff3a2bf818688495", "0x682dbb961b8b4c4c99d9d56557d5ad68847e4cd6", "0xc8ab97a9089a9ff7e6ef0688e6e591a066946418"], "scores": {"0x000d257d2dc7616feaef4ae0f14600fdf50a758e": 8.3711213967957, "0x0ce3ba832b15107d7ca7f05aedc393d3b12c3bc3": 5.820919865178001, "0x0ffcad4963e25dc150774363f4061ebe840c8236": 7.895055098624883, "0x12bff6ca3cb6cfc950a27b275b795fd84d4dddaf": 2.582514320152094, "0x1489046ca0f9980fc2d9a950d103d3bec02c1307": 3.0579308391737543, "0x1d379e322ef813587a3e13ad79857c45edc7f4a4": 3.0867954742253634, "0x24c8cf69a0e0a17eee21f69d29752bfa32e823e1": 8.387165047675122, "0x2a019dc0089ea8c6edbbafc8a7cc9ba77b4b6397": 8.320802070609863, "0x2a1410533fe6abeeff9d124a51f023539b64e0fb": 5.695018794595458, "0x2ae3e6f5c1b211858a4c4e8c7c58303e8fdfbc70": 6.340293036025549, "0x31646fb225a7743287e760e44923345644513033": 6.4280985800038595, "0x355f3b6a0e5b430a21b5067403c2f4507dbc0df8": 4.340314167488531, "0x36e7e560c4d4cf32926906d939a18cf91f8a0b6b": 8.220356552342585, "0x3b334cd6ca37ada031247deb0deaccdc0455a5f8": 2.4537864247785923, "0x477a7d28ed844984088129207c0afcb2459e2d8e": 8.402696877774611, "0x5685bf6758facce7d1221d3cc3ab0fdb836a62e2": 8.616276901030293, "0x60581f6fd33332a587718d0683b255eb7ba7d286": 9.183056112719907, "0x682dbb961b8b4c4c99d9d56557d5ad68847e4cd6": 2.1051231923912903, "0x711cf2d57de4c9aa53dd2c0bff3a2bf818688495": 8.255639497576832, "0x847667d84fc4d81db36689c4f4c5845c8d125418": 8.343416650852888, "0x879eb52a11d5296d62d8d0d78ff2baf12b43c960": 6.037064302298467, "0xa2f1fecf1cc7db65a46588f764b6691533052d22": 7.991331580466294, "0xa4da7cb218c5dcb36666815c6aa043890fa82db1": 7.085908731888389, "0xa9b44dca52ed35e59ac2a6f49d1203b8155464ed": 5.96997712999408, "0xbaa2bcb5439e985ce4ccf815b4700027d1b92c73": 7.258010818150225, "0xbad26fe5458e6219cec3e40272760e275e835296": 7.561094090605112, "0xc8ab97a9089a9ff7e6ef0688e6e591a066946418": 8.234737384244953, "0xc93c86f929a23f8f688d12db7ad2ed736ef652f1": 4.58262209507764, "0xd1ed12197b7dc22dede923727e9b714024dbd7cb": 6.222278142413236, "0xd25b8718f61fb64a754356ad8cf16b5579f59f3d": 8.198183595982657, "0xd86d87914387111b47355e87aca7c032dbe5648d": 3.616636625479024, "0xe0718185ae103323d86b4eb687cb439b8d10f836": 5.908209166260914, "0xe598435df0cdf5d22bdd5082d557f75f9180a0a8": 6.126271627670504, "0xec0bc5b9d6f9cf4e88706d1e3efe333c6ee669e6": 8.71815099944594, "0xed322eac0406328b804d160915364b72e3f820d6": 8.338331824680342, "0xf2f6af4f27ec2dcf4072095ab804016e14cd5817": 8.43965468634093, "0xf5d92058c977a9c957c6cbfbe3e9a27c83a9be50": 8.518008692233588}, "winrates": {"0x000d257d2dc7616feaef4ae0f14600fdf50a758e": 0.701578745348756, "0x0ce3ba832b15107d7ca7f05aedc393d3b12c3bc3": 0.6099353426815466, "0x0ffcad4963e25dc150774363f4061ebe840c8236": 0.6350401912121182, "0x12bff6ca3cb6cfc950a27b275b795fd84d4dddaf": 0.3508165915973504, "0x1489046ca0f9980fc2d9a950d103d3bec02c1307": 0.9999289017650015, "0x1d379e322ef813587a3e13ad79857c45edc7f4a4": 0.580148307021659, "0x24c8cf69a0e0a17eee21f69d29752bfa32e823e1": 0.42704679828808206, "0x2a019dc0089ea8c6edbbafc8a7cc9ba77b4b6397": 0.8166171455934453, "0x2a1410533fe6abeeff9d124a51f023539b64e0fb": 0.965724053510021, "0x2ae3e6f5c1b211858a4c4e8c7c58303e8fdfbc70": 0.7600364392373626, "0x31646fb225a7743287e760e44923345644513033": 0.6522785144606144, "0x355f3b6a0e5b430a21b5067403c2f4507dbc0df8": 0.7668562987231232, "0x36e7e560c4d4cf32926906d939a18cf91f8a0b6b": 0.9997677575335832, "0x3b334cd6ca37ada031247deb0deaccdc0455a5f8": 0.5305548921215704, "0x477a7d28ed844984088129207c0afcb2459e2d8e": 0.5464063692368438, "0x5685bf6758facce7d1221d3cc3ab0fdb836a62e2": 0.9997388607877901, "0x60581f6fd33332a587718d0683b255eb7ba7d286": 0.9778649959264821, "0x682dbb961b8b4c4c99d9d56557d5ad68847e4cd6": 0.26112482505232987, "0x711cf2d57de4c9aa53dd2c0bff3a2bf818688495": 0.5532174313925065, "0x847667d84fc4d81db36689c4f4c5845c8d125418": 0.9999195781390655, "0x879eb52a11d5296d62d8d0d78ff2baf12b43c960": 0.5002027972853579, "0xa2f1fecf1cc7db65a46588f764b6691533052d22": 0.8410759755448342, "0xa4da7cb218c5dcb36666815c6aa043890fa82db1": 0.6615972442533041, "0xa9b44dca52ed35e59ac2a6f49d1203b8155464ed": 0.26993513132647495, "0xbaa2bcb5439e985ce4ccf815b4700027d1b92c73": 0.5746430155895337, "0xbad26fe5458e6219cec3e40272760e275e835296": 0.5959789527077408, "0xc8ab97a9089a9ff7e6ef0688e6e591a066946418": 0.9669255877746205, "0xc93c86f929a23f8f688d12db7ad2ed736ef652f1": 0.8482045181562616, "0xd1ed12197b7dc22dede923727e9b714024dbd7cb": 0.5235923770719366, "0xd25b8718f61fb64a754356ad8cf16b5579f59f3d": 0.5370006771764125, "0xd86d87914387111b47355e87aca7c032dbe5648d": 0.6402157149456795, "0xe0718185ae103323d86b4eb687cb439b8d10f836": 0.5992022052391943, "0xe598435df0cdf5d22bdd5082d557f75f9180a0a8": 0.515486686498413, "0xec0bc5b9d6f9cf4e88706d1e3efe333c6ee669e6": 0.9602653213399613, "0xed322eac0406328b804d160915364b72e3f820d6": 0.8150183994307303, "0xf2f6af4f27ec2dcf4072095ab804016e14cd5817": 0.7220479723228297, "0xf5d92058c977a9c957c6cbfbe3e9a27c83a9be50": 0.8147243724424179}}