{"whale_set": ["0xbb611d193d53fe25a0d372d98cf24e4dc03558ff", "0x832bbb891caf3a24c7d1915d9f6369c4949b5c91", "0xa2f1fecf1cc7db65a46588f764b6691533052d22", "0x3b5d93e768e79c0974ac0f7d210237988120cc80", "0xbaa2bcb5439e985ce4ccf815b4700027d1b92c73", "0x2a1410533fe6abeeff9d124a51f023539b64e0fb", "0x662ce90c51d613a2975a536272e477ab7c38bfe7", "0xe40362b6d2c1eb1134da886f4c64f02f08f6e5a4", "0xc851cd9bee7d262afd78674f861f9f576a12cd2a", "0xb8fe807aa951e35af53fd0fee36abc303864ce76", "0xab19716584931d81cd9e7763402673a64baa4876", "0x93d1974fcfb0885f4a438f67aa74c6d86a28a451", "0xed322eac0406328b804d160915364b72e3f820d6", "0x000d257d2dc7616feaef4ae0f14600fdf50a758e", "0x89b9612be1bd62a91e202d12cca8888f1b3fa20f", "0x4f5b608cbdaac7d946578a58493109ed9a60d411", "0xf2f6af4f27ec2dcf4072095ab804016e14cd5817", "0x0e5bd76779e74304d08e759072abf126d87da593", "0xd25b8718f61fb64a754356ad8cf16b5579f59f3d", "0x12bff6ca3cb6cfc950a27b275b795fd84d4dddaf", "0x0ce3ba832b15107d7ca7f05aedc393d3b12c3bc3", "0x69e7ad68b5f11e97927e4bd938baf7dfb60bd3b0", "0xee50a31c3f5a7c77824b12a941a54388a2827ed6", "0x662244931c392df70bd064fa91f838eea0bfd7a9", "0x4a8accbbcb898b0d9218d98ae83d2dd87000e4cd", "0x31646fb225a7743287e760e44923345644513033", "0xb51b3beffd13cde071ed799e70a7b0b598e8b4d9", "0x51a15d76e6b5cd7e0b21fa1f3d1995439a5da78f", "0xea8ee311382139d952087a669252252625663de0", "0x355f3b6a0e5b430a21b5067403c2f4507dbc0df8", "0xcf9efbdb300d03a6c462eda8840dcc3ab9b1518e", "0x4b786ddc5c56d0429094bedd15320def5b464d2f", "0xc6dd722558dbfbd8fa780efcbe819ed8c6604b9f", "0x290136916f9ab5adb804f83d5876ce6aecb5f4d6", "0x477a7d28ed844984088129207c0afcb2459e2d8e", "0x36e7e560c4d4cf32926906d939a18cf91f8a0b6b", "0xf5d92058c977a9c957c6cbfbe3e9a27c83a9be50", "0x11e829d2a19e7ade935861fb043715766a015b74", "0x682dbb961b8b4c4c99d9d56557d5ad68847e4cd6", "0x60581f6fd33332a587718d0683b255eb7ba7d286", "0xc8ab97a9089a9ff7e6ef0688e6e591a066946418"], "scores": {"0x000d257d2dc7616feaef4ae0f14600fdf50a758e": 8.352700803542108, "0x0ce3ba832b15107d7ca7f05aedc393d3b12c3bc3": 5.819647003394271, "0x0e5bd76779e74304d08e759072abf126d87da593": 6.461268936487578, "0x11e829d2a19e7ade935861fb043715766a015b74": 5.901681929527795, "0x12bff6ca3cb6cfc950a27b275b795fd84d4dddaf": 3.550760491100183, "0x290136916f9ab5adb804f83d5876ce6aecb5f4d6": 8.513882495328039, "0x2a1410533fe6abeeff9d124a51f023539b64e0fb": 5.6948343112424125, "0x31646fb225a7743287e760e44923345644513033": 6.427857125771433, "0x355f3b6a0e5b430a21b5067403c2f4507dbc0df8": 5.802563396240301, "0x36e7e560c4d4cf32926906d939a18cf91f8a0b6b": 8.220356552342583, "0x3b5d93e768e79c0974ac0f7d210237988120cc80": 2.746094517891162, "0x477a7d28ed844984088129207c0afcb2459e2d8e": 8.402696877774611, "0x4a8accbbcb898b0d9218d98ae83d2dd87000e4cd": 7.749313347095276, "0x4b786ddc5c56d0429094bedd15320def5b464d2f": 8.092026197861404, "0x4f5b608cbdaac7d946578a58493109ed9a60d411": 8.106494667638168, "0x51a15d76e6b5cd7e0b21fa1f3d1995439a5da78f": 3.732231254630017, "0x60581f6fd33332a587718d0683b255eb7ba7d286": 9.183056112719907, "0x662244931c392df70bd064fa91f838eea0bfd7a9": 7.001196560549073, "0x662ce90c51d613a2975a536272e477ab7c38bfe7": 7.890662897765733, "0x682dbb961b8b4c4c99d9d56557d5ad68847e4cd6": 7.64710650397147, "0x69e7ad68b5f11e97927e4bd938baf7dfb60bd3b0": 1.4571970577832045, "0x832bbb891caf3a24c7d1915d9f6369c4949b5c91": 7.378516214995166, "0x89b9612be1bd62a91e202d12cca8888f1b3fa20f": 2.510241918707022, "0x93d1974fcfb0885f4a438f67aa74c6d86a28a451": 8.296390214569282, "0xa2f1fecf1cc7db65a46588f764b6691533052d22": 7.934865464720447, "0xab19716584931d81cd9e7763402673a64baa4876": 5.961138889671323, "0xb51b3beffd13cde071ed799e70a7b0b598e8b4d9": 6.5358308889356636, "0xb8fe807aa951e35af53fd0fee36abc303864ce76": 7.939945056901108, "0xbaa2bcb5439e985ce4ccf815b4700027d1b92c73": 6.756704762997665, "0xbb611d193d53fe25a0d372d98cf24e4dc03558ff": 2.624281175035147, "0xc6dd722558dbfbd8fa780efcbe819ed8c6604b9f": 8.54986867055617, "0xc851cd9bee7d262afd78674f861f9f576a12cd2a": 6.324698437933544, "0xc8ab97a9089a9ff7e6ef0688e6e591a066946418": 6.036711819870836, "0xcf9efbdb300d03a6c462eda8840dcc3ab9b1518e": 8.52158425289635, "0xd25b8718f61fb64a754356ad8cf16b5579f59f3d": 8.198183595982657, "0xe40362b6d2c1eb1134da886f4c64f02f08f6e5a4": 8.291393065430393, "0xea8ee311382139d952087a669252252625663de0": 2.4265304439555746, "0xed322eac0406328b804d160915364b72e3f820d6": 8.338331824680342, "0xee50a31c3f5a7c77824b12a941a54388a2827ed6": 3.3024448904951447, "0xf2f6af4f27ec2dcf4072095ab804016e14cd5817": 8.322665902571359, "0xf5d92058c977a9c957c6cbfbe3e9a27c83a9be50": 7.2939634427156435}, "winrates": {"0x000d257d2dc7616feaef4ae0f14600fdf50a758e": 0.7248094305919724, "0x0ce3ba832b15107d7ca7f05aedc393d3b12c3bc3": 0.6098589709745227, "0x0e5bd76779e74304d08e759072abf126d87da593": 0.41447564331623277, "0x11e829d2a19e7ade935861fb043715766a015b74": 0.49807320611651407, "0x12bff6ca3cb6cfc950a27b275b795fd84d4dddaf": 0.4646237771836166, "0x290136916f9ab5adb804f83d5876ce6aecb5f4d6": 0.9991719126905668, "0x2a1410533fe6abeeff9d124a51f023539b64e0fb": 0.9657129845088382, "0x31646fb225a7743287e760e44923345644513033": 0.6522640272066689, "0x355f3b6a0e5b430a21b5067403c2f4507dbc0df8": 0.7558298947216172, "0x36e7e560c4d4cf32926906d939a18cf91f8a0b6b": 0.9996957370323767, "0x3b5d93e768e79c0974ac0f7d210237988120cc80": 0.5734616203388807, "0x477a7d28ed844984088129207c0afcb2459e2d8e": 0.5463379967641474, "0x4a8accbbcb898b0d9218d98ae83d2dd87000e4cd": 0.6935402892568622, "0x4b786ddc5c56d0429094bedd15320def5b464d2f": 0.5707426761813881, "0x4f5b608cbdaac7d946578a58493109ed9a60d411": 0.5722206057879786, "0x51a15d76e6b5cd7e0b21fa1f3d1995439a5da78f": 0.9998340449511701, "0x60581f6fd33332a587718d0683b255eb7ba7d286": 0.9778367878167784, "0x662244931c392df70bd064fa91f838eea0bfd7a9": 0.5811082680032776, "0x662ce90c51d613a2975a536272e477ab7c38bfe7": 0.6112961344691777, "0x682dbb961b8b4c4c99d9d56557d5ad68847e4cd6": 0.6187560357981683, "0x69e7ad68b5f11e97927e4bd938baf7dfb60bd3b0": 0.4604139894563613, "0x832bbb891caf3a24c7d1915d9f6369c4949b5c91": 0.8340968714877284, "0x89b9612be1bd62a91e202d12cca8888f1b3fa20f": 0.4945515784458707, "0x93d1974fcfb0885f4a438f67aa74c6d86a28a451": 0.9997996210973372, "0xa2f1fecf1cc7db65a46588f764b6691533052d22": 0.8426017813584848, "0xab19716584931d81cd9e7763402673a64baa4876": 0.8559685048082809, "0xb51b3beffd13cde071ed799e70a7b0b598e8b4d9": 0.9449469283814553, "0xb8fe807aa951e35af53fd0fee36abc303864ce76": 0.43589890270708453, "0xbaa2bcb5439e985ce4ccf815b4700027d1b92c73": 0.5686389947960395, "0xbb611d193d53fe25a0d372d98cf24e4dc03558ff": 0.7910433296034343, "0xc6dd722558dbfbd8fa780efcbe819ed8c6604b9f": 0.6126777385099124, "0xc851cd9bee7d262afd78674f861f9f576a12cd2a": 0.4604272200100626, "0xc8ab97a9089a9ff7e6ef0688e6e591a066946418": 0.744932437402978, "0xcf9efbdb300d03a6c462eda8840dcc3ab9b1518e": 0.999451278549737, "0xd25b8718f61fb64a754356ad8cf16b5579f59f3d": 0.5363756083056116, "0xe40362b6d2c1eb1134da886f4c64f02f08f6e5a4": 0.9471952450672046, "0xea8ee311382139d952087a669252252625663de0": 0.7080170867397602, "0xed322eac0406328b804d160915364b72e3f820d6": 0.8149573899527397, "0xee50a31c3f5a7c77824b12a941a54388a2827ed6": 0.8611703050070577, "0xf2f6af4f27ec2dcf4072095ab804016e14cd5817": 0.5828371820228725, "0xf5d92058c977a9c957c6cbfbe3e9a27c83a9be50": 0.5797104308567597}}