{"whale_set": ["0x421bf8e567f99bb544f317f38fe71719dbb6ac12", "0x088ffbbc6f2c0b3839d2832e75f37e1bcecbc9e7", "0x832bbb891caf3a24c7d1915d9f6369c4949b5c91", "0x562fa836dd0c7ecaf666cd02e88652b8acfde46f", "0x3b5d93e768e79c0974ac0f7d210237988120cc80", "0x777fae71d2ff9ec48a1213d48ba1d9d91024a1bb", "0x3d7710f91dbc7efcaaf0a37f305c42a6deacabd5", "0xe40362b6d2c1eb1134da886f4c64f02f08f6e5a4", "0xc851cd9bee7d262afd78674f861f9f576a12cd2a", "0x17ce7c9a7f768bfa98946caf7d64c9e051f5beec", "0x09d600cfc7437488da4892884c51843f244e0fda", "0xb8fe807aa951e35af53fd0fee36abc303864ce76", "0x3a8651c42ac19aa3e3141531a298abc72f51dea8", "0x93d1974fcfb0885f4a438f67aa74c6d86a28a451", "0xf72044fb3f98854411a069d9a682e54e4b824599", "0x8b32f4a2bebb3ef05d5a46a93d0ce27ab76db1fd", "0x89b9612be1bd62a91e202d12cca8888f1b3fa20f", "0x796301e7bb7bb0891993b4b35ca2bdc10fe35c7b", "0xd5ccdf772f795547e299de57f47966e24de8dea4", "0x7b676d5a6379855773d405fcf19b9aa577651b07", "0xee50a31c3f5a7c77824b12a941a54388a2827ed6", "0x0ce3ba832b15107d7ca7f05aedc393d3b12c3bc3", "0x24c8cf69a0e0a17eee21f69d29752bfa32e823e1", "0x42f28da8182099407250b490ca6c75cdf7d04460", "0x5e9c76f30788f31f6c6867f5f44b1e95a7a7cd75", "0x4a8accbbcb898b0d9218d98ae83d2dd87000e4cd", "0x31646fb225a7743287e760e44923345644513033", "0x51a15d76e6b5cd7e0b21fa1f3d1995439a5da78f", "0x9e1c1f91fd5ee35bc63ea015c7633cf30e7ce87a", "0xcf9efbdb300d03a6c462eda8840dcc3ab9b1518e", "0x4b786ddc5c56d0429094bedd15320def5b464d2f", "0x0eee1b21001ca9af6e5ab8a7321fc2ee46dd4c52", "0x6e8f80ca0cddb8d3f207dc5147ac0e6062ae162c", "0xefc16fbfcf59943f3fd43c6bc01bddbda007dfcd", "0x11e829d2a19e7ade935861fb043715766a015b74", "0x7d0a771ddd2c63255013a1efb5f0e42659b38c6c", "0x682dbb961b8b4c4c99d9d56557d5ad68847e4cd6", "0xfbfb0883a151234e76a5a5ea72ffc5f47e9df563", "0x60581f6fd33332a587718d0683b255eb7ba7d286", "0xc8ab97a9089a9ff7e6ef0688e6e591a066946418"], "scores": {"0x088ffbbc6f2c0b3839d2832e75f37e1bcecbc9e7": 7.129018301852729, "0x09d600cfc7437488da4892884c51843f244e0fda": 6.228703590821661, "0x0ce3ba832b15107d7ca7f05aedc393d3b12c3bc3": 5.819575831447942, "0x0eee1b21001ca9af6e5ab8a7321fc2ee46dd4c52": 6.249789433701472, "0x11e829d2a19e7ade935861fb043715766a015b74": 5.740327217264187, "0x17ce7c9a7f768bfa98946caf7d64c9e051f5beec": 8.09874369325847, "0x24c8cf69a0e0a17eee21f69d29752bfa32e823e1": 7.320898803424987, "0x31646fb225a7743287e760e44923345644513033": 6.997716080605553, "0x3a8651c42ac19aa3e3141531a298abc72f51dea8": 7.781587089107174, "0x3b5d93e768e79c0974ac0f7d210237988120cc80": 2.746077586286167, "0x3d7710f91dbc7efcaaf0a37f305c42a6deacabd5": 8.427554178706004, "0x421bf8e567f99bb544f317f38fe71719dbb6ac12": 8.4645910644748, "0x42f28da8182099407250b490ca6c75cdf7d04460": 8.786195343749949, "0x4a8accbbcb898b0d9218d98ae83d2dd87000e4cd": 7.5236423592454615, "0x4b786ddc5c56d0429094bedd15320def5b464d2f": 7.925648431160558, "0x51a15d76e6b5cd7e0b21fa1f3d1995439a5da78f": 3.7315658751457237, "0x562fa836dd0c7ecaf666cd02e88652b8acfde46f": 8.307604551225, "0x5e9c76f30788f31f6c6867f5f44b1e95a7a7cd75": 8.752758047832152, "0x60581f6fd33332a587718d0683b255eb7ba7d286": 9.183056112719907, "0x682dbb961b8b4c4c99d9d56557d5ad68847e4cd6": 6.294362918465914, "0x6e8f80ca0cddb8d3f207dc5147ac0e6062ae162c": 8.359680284508809, "0x777fae71d2ff9ec48a1213d48ba1d9d91024a1bb": 8.313734137160917, "0x796301e7bb7bb0891993b4b35ca2bdc10fe35c7b": 6.211090746029543, "0x7b676d5a6379855773d405fcf19b9aa577651b07": 8.656452129974593, "0x7d0a771ddd2c63255013a1efb5f0e42659b38c6c": 6.58969992204148, "0x832bbb891caf3a24c7d1915d9f6369c4949b5c91": 6.447768432007185, "0x89b9612be1bd62a91e202d12cca8888f1b3fa20f": 6.69178764623045, "0x8b32f4a2bebb3ef05d5a46a93d0ce27ab76db1fd": 8.379220887175181, "0x93d1974fcfb0885f4a438f67aa74c6d86a28a451": 8.296390214569282, "0x9e1c1f91fd5ee35bc63ea015c7633cf30e7ce87a": 8.411947022330857, "0xb8fe807aa951e35af53fd0fee36abc303864ce76": 6.617073624832843, "0xc851cd9bee7d262afd78674f861f9f576a12cd2a": 5.595269498671622, "0xc8ab97a9089a9ff7e6ef0688e6e591a066946418": 6.085003464036288, "0xcf9efbdb300d03a6c462eda8840dcc3ab9b1518e": 8.500328877061722, "0xd5ccdf772f795547e299de57f47966e24de8dea4": 8.782887124850166, "0xe40362b6d2c1eb1134da886f4c64f02f08f6e5a4": 8.298457534440699, "0xee50a31c3f5a7c77824b12a941a54388a2827ed6": 3.3023995029437794, "0xefc16fbfcf59943f3fd43c6bc01bddbda007dfcd": 7.857066714319081, "0xf72044fb3f98854411a069d9a682e54e4b824599": 2.626786041248029, "0xfbfb0883a151234e76a5a5ea72ffc5f47e9df563": 7.863230610182089}, "winrates": {"0x088ffbbc6f2c0b3839d2832e75f37e1bcecbc9e7": 0.5320435054374525, "0x09d600cfc7437488da4892884c51843f244e0fda": 0.9663282262900685, "0x0ce3ba832b15107d7ca7f05aedc393d3b12c3bc3": 0.609854700657743, "0x0eee1b21001ca9af6e5ab8a7321fc2ee46dd4c52": 0.5090703955638719, "0x11e829d2a19e7ade935861fb043715766a015b74": 0.7371242480458874, "0x17ce7c9a7f768bfa98946caf7d64c9e051f5beec": 0.6013713525259908, "0x24c8cf69a0e0a17eee21f69d29752bfa32e823e1": 0.4838108712965178, "0x31646fb225a7743287e760e44923345644513033": 0.6649034047692061, "0x3a8651c42ac19aa3e3141531a298abc72f51dea8": 0.5686392811962949, "0x3b5d93e768e79c0974ac0f7d210237988120cc80": 0.573460604442581, "0x3d7710f91dbc7efcaaf0a37f305c42a6deacabd5": 0.8035358824598501, "0x421bf8e567f99bb544f317f38fe71719dbb6ac12": 0.9230697279722547, "0x42f28da8182099407250b490ca6c75cdf7d04460": 0.9671389717688575, "0x4a8accbbcb898b0d9218d98ae83d2dd87000e4cd": 0.6708756493807595, "0x4b786ddc5c56d0429094bedd15320def5b464d2f": 0.5657395172415732, "0x51a15d76e6b5cd7e0b21fa1f3d1995439a5da78f": 0.9997941221821127, "0x562fa836dd0c7ecaf666cd02e88652b8acfde46f": 0.5547931507049989, "0x5e9c76f30788f31f6c6867f5f44b1e95a7a7cd75": 0.9695683808620357, "0x60581f6fd33332a587718d0683b255eb7ba7d286": 0.9778133283453578, "0x682dbb961b8b4c4c99d9d56557d5ad68847e4cd6": 0.6091189326357549, "0x6e8f80ca0cddb8d3f207dc5147ac0e6062ae162c": 0.8559517521905263, "0x777fae71d2ff9ec48a1213d48ba1d9d91024a1bb": 0.27982904640967704, "0x796301e7bb7bb0891993b4b35ca2bdc10fe35c7b": 0.5874781751630532, "0x7b676d5a6379855773d405fcf19b9aa577651b07": 0.8956200191092298, "0x7d0a771ddd2c63255013a1efb5f0e42659b38c6c": 0.5206050093180786, "0x832bbb891caf3a24c7d1915d9f6369c4949b5c91": 0.7850355125274165, "0x89b9612be1bd62a91e202d12cca8888f1b3fa20f": 0.4970175038087629, "0x8b32f4a2bebb3ef05d5a46a93d0ce27ab76db1fd": 0.44282373338423026, "0x93d1974fcfb0885f4a438f67aa74c6d86a28a451": 0.9997514213152676, "0x9e1c1f91fd5ee35bc63ea015c7633cf30e7ce87a": 0.6761897972540061, "0xb8fe807aa951e35af53fd0fee36abc303864ce76": 0.5078189488853541, "0xc851cd9bee7d262afd78674f861f9f576a12cd2a": 0.6523222034189619, "0xc8ab97a9089a9ff7e6ef0688e6e591a066946418": 0.5291490186957922, "0xcf9efbdb300d03a6c462eda8840dcc3ab9b1518e": 0.9998936705373174, "0xd5ccdf772f795547e299de57f47966e24de8dea4": 0.7978468507094083, "0xe40362b6d2c1eb1134da886f4c64f02f08f6e5a4": 0.9456618663439755, "0xee50a31c3f5a7c77824b12a941a54388a2827ed6": 0.8611675817539759, "0xefc16fbfcf59943f3fd43c6bc01bddbda007dfcd": 0.8373839636376734, "0xf72044fb3f98854411a069d9a682e54e4b824599": 0.3637284851650989, "0xfbfb0883a151234e76a5a5ea72ffc5f47e9df563": 0.5928100559023641}}