{"whale_set": ["0xbb611d193d53fe25a0d372d98cf24e4dc03558ff", "0xa2f1fecf1cc7db65a46588f764b6691533052d22", "0x3b5d93e768e79c0974ac0f7d210237988120cc80", "0xbaa2bcb5439e985ce4ccf815b4700027d1b92c73", "0xc93c86f929a23f8f688d12db7ad2ed736ef652f1", "0x2a1410533fe6abeeff9d124a51f023539b64e0fb", "0x662ce90c51d613a2975a536272e477ab7c38bfe7", "0xc851cd9bee7d262afd78674f861f9f576a12cd2a", "0xb8fe807aa951e35af53fd0fee36abc303864ce76", "0xab19716584931d81cd9e7763402673a64baa4876", "0xcaab19659b995951a44cc992447cb2ad5be324dd", "0xed322eac0406328b804d160915364b72e3f820d6", "0xf0729143cbf9ade46743017ec4e1832a3564cee7", "0x000d257d2dc7616feaef4ae0f14600fdf50a758e", "0x4f5b608cbdaac7d946578a58493109ed9a60d411", "0xf2f6af4f27ec2dcf4072095ab804016e14cd5817", "0x0e5bd76779e74304d08e759072abf126d87da593", "0xd25b8718f61fb64a754356ad8cf16b5579f59f3d", "0x12bff6ca3cb6cfc950a27b275b795fd84d4dddaf", "0x0ce3ba832b15107d7ca7f05aedc393d3b12c3bc3", "0xee50a31c3f5a7c77824b12a941a54388a2827ed6", "0x4a8accbbcb898b0d9218d98ae83d2dd87000e4cd", "0x31646fb225a7743287e760e44923345644513033", "0xb51b3beffd13cde071ed799e70a7b0b598e8b4d9", "0x51a15d76e6b5cd7e0b21fa1f3d1995439a5da78f", "0xea8ee311382139d952087a669252252625663de0", "0xcf9efbdb300d03a6c462eda8840dcc3ab9b1518e", "0x4b786ddc5c56d0429094bedd15320def5b464d2f", "0xc6dd722558dbfbd8fa780efcbe819ed8c6604b9f", "0x290136916f9ab5adb804f83d5876ce6aecb5f4d6", "0x477a7d28ed844984088129207c0afcb2459e2d8e", "0x36e7e560c4d4cf32926906d939a18cf91f8a0b6b", "0xf5d92058c977a9c957c6cbfbe3e9a27c83a9be50", "0x11e829d2a19e7ade935861fb043715766a015b74", "0x682dbb961b8b4c4c99d9d56557d5ad68847e4cd6", "0x60581f6fd33332a587718d0683b255eb7ba7d286", "0xc8ab97a9089a9ff7e6ef0688e6e591a066946418"], "scores": {"0x000d257d2dc7616feaef4ae0f14600fdf50a758e": 8.352700803542108, "0x0ce3ba832b15107d7ca7f05aedc393d3b12c3bc3": 5.8196625253778995, "0x0e5bd76779e74304d08e759072abf126d87da593": 6.461266056633496, "0x11e829d2a19e7ade935861fb043715766a015b74": 5.901681736390665, "0x12bff6ca3cb6cfc950a27b275b795fd84d4dddaf": 2.955183898700673, "0x290136916f9ab5adb804f83d5876ce6aecb5f4d6": 8.513882495328039, "0x2a1410533fe6abeeff9d124a51f023539b64e0fb": 5.694864512194557, "0x31646fb225a7743287e760e44923345644513033": 6.427861568478524, "0x36e7e560c4d4cf32926906d939a18cf91f8a0b6b": 8.220356552342585, "0x3b5d93e768e79c0974ac0f7d210237988120cc80": 2.746098210414587, "0x477a7d28ed844984088129207c0afcb2459e2d8e": 8.402696877774611, "0x4a8accbbcb898b0d9218d98ae83d2dd87000e4cd": 7.749328479726103, "0x4b786ddc5c56d0429094bedd15320def5b464d2f": 8.092030273340711, "0x4f5b608cbdaac7d946578a58493109ed9a60d411": 8.106502471840047, "0x51a15d76e6b5cd7e0b21fa1f3d1995439a5da78f": 3.732376375367253, "0x60581f6fd33332a587718d0683b255eb7ba7d286": 9.183056112719907, "0x662ce90c51d613a2975a536272e477ab7c38bfe7": 7.89068353191339, "0x682dbb961b8b4c4c99d9d56557d5ad68847e4cd6": 7.627348421999744, "0xa2f1fecf1cc7db65a46588f764b6691533052d22": 7.807110798888753, "0xab19716584931d81cd9e7763402673a64baa4876": 5.960152554398138, "0xb51b3beffd13cde071ed799e70a7b0b598e8b4d9": 6.385798735401965, "0xb8fe807aa951e35af53fd0fee36abc303864ce76": 7.939916247409457, "0xbaa2bcb5439e985ce4ccf815b4700027d1b92c73": 6.756708057293122, "0xbb611d193d53fe25a0d372d98cf24e4dc03558ff": 2.6243253721123807, "0xc6dd722558dbfbd8fa780efcbe819ed8c6604b9f": 8.545550882599532, "0xc851cd9bee7d262afd78674f861f9f576a12cd2a": 6.324697027454735, "0xc8ab97a9089a9ff7e6ef0688e6e591a066946418": 6.021256140491672, "0xc93c86f929a23f8f688d12db7ad2ed736ef652f1": 3.928717747234749, "0xcaab19659b995951a44cc992447cb2ad5be324dd": 7.403329890794845, "0xcf9efbdb300d03a6c462eda8840dcc3ab9b1518e": 8.52158425289635, "0xd25b8718f61fb64a754356ad8cf16b5579f59f3d": 8.198183595982657, "0xea8ee311382139d952087a669252252625663de0": 2.4430688312927664, "0xed322eac0406328b804d160915364b72e3f820d6": 8.338331824680342, "0xee50a31c3f5a7c77824b12a941a54388a2827ed6": 3.3024547887483027, "0xf0729143cbf9ade46743017ec4e1832a3564cee7": 9.122770545581437, "0xf2f6af4f27ec2dcf4072095ab804016e14cd5817": 8.356373500041636, "0xf5d92058c977a9c957c6cbfbe3e9a27c83a9be50": 7.293966462351238}, "winrates": {"0x000d257d2dc7616feaef4ae0f14600fdf50a758e": 0.7248098323630757, "0x0ce3ba832b15107d7ca7f05aedc393d3b12c3bc3": 0.6098599022935406, "0x0e5bd76779e74304d08e759072abf126d87da593": 0.4144754705249879, "0x11e829d2a19e7ade935861fb043715766a015b74": 0.49807319452828624, "0x12bff6ca3cb6cfc950a27b275b795fd84d4dddaf": 0.4496346688759994, "0x290136916f9ab5adb804f83d5876ce6aecb5f4d6": 0.9992153058107409, "0x2a1410533fe6abeeff9d124a51f023539b64e0fb": 0.9657147965659669, "0x31646fb225a7743287e760e44923345644513033": 0.6522642937690942, "0x36e7e560c4d4cf32926906d939a18cf91f8a0b6b": 0.9997116967598001, "0x3b5d93e768e79c0974ac0f7d210237988120cc80": 0.5734618418902862, "0x477a7d28ed844984088129207c0afcb2459e2d8e": 0.5463383101564628, "0x4a8accbbcb898b0d9218d98ae83d2dd87000e4cd": 0.6935411972147117, "0x4b786ddc5c56d0429094bedd15320def5b464d2f": 0.5707429207101465, "0x4f5b608cbdaac7d946578a58493109ed9a60d411": 0.5722210740400914, "0x51a15d76e6b5cd7e0b21fa1f3d1995439a5da78f": 0.9998427521954044, "0x60581f6fd33332a587718d0683b255eb7ba7d286": 0.9778419041875587, "0x662ce90c51d613a2975a536272e477ab7c38bfe7": 0.6112973725180371, "0x682dbb961b8b4c4c99d9d56557d5ad68847e4cd6": 0.5999386863311944, "0xa2f1fecf1cc7db65a46588f764b6691533052d22": 0.7964121723670348, "0xab19716584931d81cd9e7763402673a64baa4876": 0.8553684987650838, "0xb51b3beffd13cde071ed799e70a7b0b598e8b4d9": 0.9499124232481045, "0xb8fe807aa951e35af53fd0fee36abc303864ce76": 0.4358971741375855, "0xbaa2bcb5439e985ce4ccf815b4700027d1b92c73": 0.5686391924537669, "0xbb611d193d53fe25a0d372d98cf24e4dc03558ff": 0.7910459814280684, "0xc6dd722558dbfbd8fa780efcbe819ed8c6604b9f": 0.6049888517255712, "0xc851cd9bee7d262afd78674f861f9f576a12cd2a": 0.460427135381334, "0xc8ab97a9089a9ff7e6ef0688e6e591a066946418": 0.7453112813382324, "0xc93c86f929a23f8f688d12db7ad2ed736ef652f1": 0.8135376129110592, "0xcaab19659b995951a44cc992447cb2ad5be324dd": 0.7217676741605128, "0xcf9efbdb300d03a6c462eda8840dcc3ab9b1518e": 0.9994800476937356, "0xd25b8718f61fb64a754356ad8cf16b5579f59f3d": 0.5363778218432111, "0xea8ee311382139d952087a669252252625663de0": 0.7561963305380272, "0xed322eac0406328b804d160915364b72e3f820d6": 0.8149609119819559, "0xee50a31c3f5a7c77824b12a941a54388a2827ed6": 0.8611708989022472, "0xf0729143cbf9ade46743017ec4e1832a3564cee7": 0.9384932290585456, "0xf2f6af4f27ec2dcf4072095ab804016e14cd5817": 0.6522513531388486, "0xf5d92058c977a9c957c6cbfbe3e9a27c83a9be50": 0.5797106120348954}}