{"whale_set": ["0xa2f1fecf1cc7db65a46588f764b6691533052d22", "0x847667d84fc4d81db36689c4f4c5845c8d125418", "0x60581f6fd33332a587718d0683b255eb7ba7d286", "0x5685bf6758facce7d1221d3cc3ab0fdb836a62e2", "0xbaa2bcb5439e985ce4ccf815b4700027d1b92c73", "0xc93c86f929a23f8f688d12db7ad2ed736ef652f1", "0x2a1410533fe6abeeff9d124a51f023539b64e0fb", "0x1489046ca0f9980fc2d9a950d103d3bec02c1307", "0xec0bc5b9d6f9cf4e88706d1e3efe333c6ee669e6", "0xd86d87914387111b47355e87aca7c032dbe5648d", "0xed322eac0406328b804d160915364b72e3f820d6", "0x000d257d2dc7616feaef4ae0f14600fdf50a758e", "0xf2f6af4f27ec2dcf4072095ab804016e14cd5817", "0xd25b8718f61fb64a754356ad8cf16b5579f59f3d", "0x12bff6ca3cb6cfc950a27b275b795fd84d4dddaf", "0x0ce3ba832b15107d7ca7f05aedc393d3b12c3bc3", "0x24c8cf69a0e0a17eee21f69d29752bfa32e823e1", "0x2ae3e6f5c1b211858a4c4e8c7c58303e8fdfbc70", "0x879eb52a11d5296d62d8d0d78ff2baf12b43c960", "0x3b334cd6ca37ada031247deb0deaccdc0455a5f8", "0x31646fb225a7743287e760e44923345644513033", "0xd1ed12197b7dc22dede923727e9b714024dbd7cb", "0x355f3b6a0e5b430a21b5067403c2f4507dbc0df8", "0x2a019dc0089ea8c6edbbafc8a7cc9ba77b4b6397", "0x0ffcad4963e25dc150774363f4061ebe840c8236", "0x477a7d28ed844984088129207c0afcb2459e2d8e", "0xa4da7cb218c5dcb36666815c6aa043890fa82db1", "0x36e7e560c4d4cf32926906d939a18cf91f8a0b6b", "0xa9b44dca52ed35e59ac2a6f49d1203b8155464ed", "0xbad26fe5458e6219cec3e40272760e275e835296", "0xf5d92058c977a9c957c6cbfbe3e9a27c83a9be50", "0x1d379e322ef813587a3e13ad79857c45edc7f4a4", "0x711cf2d57de4c9aa53dd2c0bff3a2bf818688495", "0x682dbb961b8b4c4c99d9d56557d5ad68847e4cd6", "0xc8ab97a9089a9ff7e6ef0688e6e591a066946418"], "scores": {"0x000d257d2dc7616feaef4ae0f14600fdf50a758e": 8.360765317372284, "0x0ce3ba832b15107d7ca7f05aedc393d3b12c3bc3": 5.816153548759932, "0x0ffcad4963e25dc150774363f4061ebe840c8236": 8.118879788625826, "0x12bff6ca3cb6cfc950a27b275b795fd84d4dddaf": 3.0108078814983608, "0x1489046ca0f9980fc2d9a950d103d3bec02c1307": 3.051498686465299, "0x1d379e322ef813587a3e13ad79857c45edc7f4a4": 3.681938930938816, "0x24c8cf69a0e0a17eee21f69d29752bfa32e823e1": 8.445009124735998, "0x2a019dc0089ea8c6edbbafc8a7cc9ba77b4b6397": 8.309422125856775, "0x2a1410533fe6abeeff9d124a51f023539b64e0fb": 5.695315928825376, "0x2ae3e6f5c1b211858a4c4e8c7c58303e8fdfbc70": 6.240011332622154, "0x31646fb225a7743287e760e44923345644513033": 6.284875447038037, "0x355f3b6a0e5b430a21b5067403c2f4507dbc0df8": 5.100402020765221, "0x36e7e560c4d4cf32926906d939a18cf91f8a0b6b": 8.198700378666944, "0x3b334cd6ca37ada031247deb0deaccdc0455a5f8": 2.3419950469359865, "0x477a7d28ed844984088129207c0afcb2459e2d8e": 8.401169923939166, "0x5685bf6758facce7d1221d3cc3ab0fdb836a62e2": 8.61243938616189, "0x60581f6fd33332a587718d0683b255eb7ba7d286": 9.186288263329068, "0x682dbb961b8b4c4c99d9d56557d5ad68847e4cd6": 2.5332584559059574, "0x711cf2d57de4c9aa53dd2c0bff3a2bf818688495": 8.222210782560646, "0x847667d84fc4d81db36689c4f4c5845c8d125418": 8.302984005231396, "0x879eb52a11d5296d62d8d0d78ff2baf12b43c960": 6.026866580739496, "0xa2f1fecf1cc7db65a46588f764b6691533052d22": 8.09324892483965, "0xa4da7cb218c5dcb36666815c6aa043890fa82db1": 7.194685518945502, "0xa9b44dca52ed35e59ac2a6f49d1203b8155464ed": 5.992873179332094, "0xbaa2bcb5439e985ce4ccf815b4700027d1b92c73": 6.933841633870873, "0xbad26fe5458e6219cec3e40272760e275e835296": 7.402139168931525, "0xc8ab97a9089a9ff7e6ef0688e6e591a066946418": 8.225319951369553, "0xc93c86f929a23f8f688d12db7ad2ed736ef652f1": 5.062038083332172, "0xd1ed12197b7dc22dede923727e9b714024dbd7cb": 6.295848998338218, "0xd25b8718f61fb64a754356ad8cf16b5579f59f3d": 8.228414057095527, "0xd86d87914387111b47355e87aca7c032dbe5648d": 3.6919518250805456, "0xec0bc5b9d6f9cf4e88706d1e3efe333c6ee669e6": 8.722014902378685, "0xed322eac0406328b804d160915364b72e3f820d6": 8.36763558016797, "0xf2f6af4f27ec2dcf4072095ab804016e14cd5817": 8.454336473096769, "0xf5d92058c977a9c957c6cbfbe3e9a27c83a9be50": 8.518021516458102}, "winrates": {"0x000d257d2dc7616feaef4ae0f14600fdf50a758e": 0.695077762589796, "0x0ce3ba832b15107d7ca7f05aedc393d3b12c3bc3": 0.6103713313993142, "0x0ffcad4963e25dc150774363f4061ebe840c8236": 0.632853474595968, "0x12bff6ca3cb6cfc950a27b275b795fd84d4dddaf": 0.3803768418902163, "0x1489046ca0f9980fc2d9a950d103d3bec02c1307": 0.9999466965538663, "0x1d379e322ef813587a3e13ad79857c45edc7f4a4": 0.615007413502693, "0x24c8cf69a0e0a17eee21f69d29752bfa32e823e1": 0.46267551624048525, "0x2a019dc0089ea8c6edbbafc8a7cc9ba77b4b6397": 0.8010230421538056, "0x2a1410533fe6abeeff9d124a51f023539b64e0fb": 0.9660705420556405, "0x2ae3e6f5c1b211858a4c4e8c7c58303e8fdfbc70": 0.7546689671524381, "0x31646fb225a7743287e760e44923345644513033": 0.6435174778530287, "0x355f3b6a0e5b430a21b5067403c2f4507dbc0df8": 0.7780607262517808, "0x36e7e560c4d4cf32926906d939a18cf91f8a0b6b": 0.9998176080259981, "0x3b334cd6ca37ada031247deb0deaccdc0455a5f8": 0.5249393850382215, "0x477a7d28ed844984088129207c0afcb2459e2d8e": 0.5469488715909118, "0x5685bf6758facce7d1221d3cc3ab0fdb836a62e2": 0.9998278977895364, "0x60581f6fd33332a587718d0683b255eb7ba7d286": 0.9807920902073143, "0x682dbb961b8b4c4c99d9d56557d5ad68847e4cd6": 0.32306786234371393, "0x711cf2d57de4c9aa53dd2c0bff3a2bf818688495": 0.5351889184700543, "0x847667d84fc4d81db36689c4f4c5845c8d125418": 0.9999375779313388, "0x879eb52a11d5296d62d8d0d78ff2baf12b43c960": 0.5000001607477577, "0xa2f1fecf1cc7db65a46588f764b6691533052d22": 0.8262341268875232, "0xa4da7cb218c5dcb36666815c6aa043890fa82db1": 0.6589987833350133, "0xa9b44dca52ed35e59ac2a6f49d1203b8155464ed": 0.30368467099717444, "0xbaa2bcb5439e985ce4ccf815b4700027d1b92c73": 0.5615818332464121, "0xbad26fe5458e6219cec3e40272760e275e835296": 0.593610819472857, "0xc8ab97a9089a9ff7e6ef0688e6e591a066946418": 0.9505434175238975, "0xc93c86f929a23f8f688d12db7ad2ed736ef652f1": 0.8399075294919888, "0xd1ed12197b7dc22dede923727e9b714024dbd7cb": 0.5237493613599392, "0xd25b8718f61fb64a754356ad8cf16b5579f59f3d": 0.5534062496088886, "0xd86d87914387111b47355e87aca7c032dbe5648d": 0.6353529926090243, "0xec0bc5b9d6f9cf4e88706d1e3efe333c6ee669e6": 0.9609254746481949, "0xed322eac0406328b804d160915364b72e3f820d6": 0.8238055078727838, "0xf2f6af4f27ec2dcf4072095ab804016e14cd5817": 0.7157876197766453, "0xf5d92058c977a9c957c6cbfbe3e9a27c83a9be50": 0.814656419984541}}