{"whale_set": ["0x53a4f5be7d64abd9c49835374b5686cb86454447", "0xbb611d193d53fe25a0d372d98cf24e4dc03558ff", "0xa2f1fecf1cc7db65a46588f764b6691533052d22", "0x3b5d93e768e79c0974ac0f7d210237988120cc80", "0x847667d84fc4d81db36689c4f4c5845c8d125418", "0xbaa2bcb5439e985ce4ccf815b4700027d1b92c73", "0x5685bf6758facce7d1221d3cc3ab0fdb836a62e2", "0xc93c86f929a23f8f688d12db7ad2ed736ef652f1", "0x2a1410533fe6abeeff9d124a51f023539b64e0fb", "0x1489046ca0f9980fc2d9a950d103d3bec02c1307", "0x77a4ba69bfd3a388bce7031900a3fabc105fc84f", "0xec0bc5b9d6f9cf4e88706d1e3efe333c6ee669e6", "0xd86d87914387111b47355e87aca7c032dbe5648d", "0xed322eac0406328b804d160915364b72e3f820d6", "0x491952b03ecf9ff4c3d0189b7e4f13431584067e", "0x000d257d2dc7616feaef4ae0f14600fdf50a758e", "0x4f5b608cbdaac7d946578a58493109ed9a60d411", "0xf2f6af4f27ec2dcf4072095ab804016e14cd5817", "0xd25b8718f61fb64a754356ad8cf16b5579f59f3d", "0x05ab749a8554fb7c852238c271d384bae6798145", "0x0ce3ba832b15107d7ca7f05aedc393d3b12c3bc3", "0x12bff6ca3cb6cfc950a27b275b795fd84d4dddaf", "0x24c8cf69a0e0a17eee21f69d29752bfa32e823e1", "0x2ae3e6f5c1b211858a4c4e8c7c58303e8fdfbc70", "0x879eb52a11d5296d62d8d0d78ff2baf12b43c960", "0x3b334cd6ca37ada031247deb0deaccdc0455a5f8", "0x4a8accbbcb898b0d9218d98ae83d2dd87000e4cd", "0x31646fb225a7743287e760e44923345644513033", "0x8c7b26969470bd87494b5d406c3e84256d102a87", "0x204f72f35326db932158cba6adff0b9a1da95e14", "0xd1ed12197b7dc22dede923727e9b714024dbd7cb", "0x355f3b6a0e5b430a21b5067403c2f4507dbc0df8", "0x2a019dc0089ea8c6edbbafc8a7cc9ba77b4b6397", "0x0ffcad4963e25dc150774363f4061ebe840c8236", "0x477a7d28ed844984088129207c0afcb2459e2d8e", "0xa4da7cb218c5dcb36666815c6aa043890fa82db1", "0x36e7e560c4d4cf32926906d939a18cf91f8a0b6b", "0xa9b44dca52ed35e59ac2a6f49d1203b8155464ed", "0xbad26fe5458e6219cec3e40272760e275e835296", "0xf5d92058c977a9c957c6cbfbe3e9a27c83a9be50", "0x1d379e322ef813587a3e13ad79857c45edc7f4a4", "0x711cf2d57de4c9aa53dd2c0bff3a2bf818688495", "0x682dbb961b8b4c4c99d9d56557d5ad68847e4cd6", "0x60581f6fd33332a587718d0683b255eb7ba7d286"], "scores": {"0x000d257d2dc7616feaef4ae0f14600fdf50a758e": 8.374598067417452, "0x05ab749a8554fb7c852238c271d384bae6798145": 2.287026033419524, "0x0ce3ba832b15107d7ca7f05aedc393d3b12c3bc3": 5.82155678507423, "0x0ffcad4963e25dc150774363f4061ebe840c8236": 7.766903089551251, "0x12bff6ca3cb6cfc950a27b275b795fd84d4dddaf": 2.3515668049144556, "0x1489046ca0f9980fc2d9a950d103d3bec02c1307": 3.0609267521877266, "0x1d379e322ef813587a3e13ad79857c45edc7f4a4": 2.758987048374061, "0x204f72f35326db932158cba6adff0b9a1da95e14": 7.095904679145334, "0x24c8cf69a0e0a17eee21f69d29752bfa32e823e1": 8.349288657440903, "0x2a019dc0089ea8c6edbbafc8a7cc9ba77b4b6397": 7.6642271827911355, "0x2a1410533fe6abeeff9d124a51f023539b64e0fb": 5.695138446218254, "0x2ae3e6f5c1b211858a4c4e8c7c58303e8fdfbc70": 6.3841081049525625, "0x31646fb225a7743287e760e44923345644513033": 6.503316065330484, "0x355f3b6a0e5b430a21b5067403c2f4507dbc0df8": 3.9249752243319276, "0x36e7e560c4d4cf32926906d939a18cf91f8a0b6b": 8.231742856651131, "0x3b334cd6ca37ada031247deb0deaccdc0455a5f8": 2.4771532110210677, "0x3b5d93e768e79c0974ac0f7d210237988120cc80": 2.8655842073122617, "0x477a7d28ed844984088129207c0afcb2459e2d8e": 8.403453814465019, "0x491952b03ecf9ff4c3d0189b7e4f13431584067e": 2.6244383986300357, "0x4a8accbbcb898b0d9218d98ae83d2dd87000e4cd": 8.091145892791058, "0x4f5b608cbdaac7d946578a58493109ed9a60d411": 8.317741063405714, "0x53a4f5be7d64abd9c49835374b5686cb86454447": 8.386638083601671, "0x5685bf6758facce7d1221d3cc3ab0fdb836a62e2": 8.618052324564678, "0x60581f6fd33332a587718d0683b255eb7ba7d286": 9.181244722574423, "0x682dbb961b8b4c4c99d9d56557d5ad68847e4cd6": 7.394714153173842, "0x711cf2d57de4c9aa53dd2c0bff3a2bf818688495": 8.273447579972334, "0x77a4ba69bfd3a388bce7031900a3fabc105fc84f": 2.64846401162047, "0x847667d84fc4d81db36689c4f4c5845c8d125418": 8.365074338754509, "0x879eb52a11d5296d62d8d0d78ff2baf12b43c960": 6.036874544987148, "0x8c7b26969470bd87494b5d406c3e84256d102a87": 3.921359902032735, "0xa2f1fecf1cc7db65a46588f764b6691533052d22": 7.893136559078856, "0xa4da7cb218c5dcb36666815c6aa043890fa82db1": 7.02904510147117, "0xa9b44dca52ed35e59ac2a6f49d1203b8155464ed": 5.957032639633149, "0xbaa2bcb5439e985ce4ccf815b4700027d1b92c73": 7.454458048564253, "0xbad26fe5458e6219cec3e40272760e275e835296": 7.168121755542742, "0xbb611d193d53fe25a0d372d98cf24e4dc03558ff": 2.754383714952603, "0xc93c86f929a23f8f688d12db7ad2ed736ef652f1": 3.4732570716085336, "0xd1ed12197b7dc22dede923727e9b714024dbd7cb": 6.133389636896314, "0xd25b8718f61fb64a754356ad8cf16b5579f59f3d": 8.18268173578318, "0xd86d87914387111b47355e87aca7c032dbe5648d": 3.5889000990907696, "0xec0bc5b9d6f9cf4e88706d1e3efe333c6ee669e6": 8.715230708816124, "0xed322eac0406328b804d160915364b72e3f820d6": 8.32417948502067, "0xf2f6af4f27ec2dcf4072095ab804016e14cd5817": 8.433945602234884, "0xf5d92058c977a9c957c6cbfbe3e9a27c83a9be50": 8.518002215420683}, "winrates": {"0x000d257d2dc7616feaef4ae0f14600fdf50a758e": 0.7034590921790006, "0x05ab749a8554fb7c852238c271d384bae6798145": 0.4780070171783464, "0x0ce3ba832b15107d7ca7f05aedc393d3b12c3bc3": 0.6096270908579341, "0x0ffcad4963e25dc150774363f4061ebe840c8236": 0.6356814249039278, "0x12bff6ca3cb6cfc950a27b275b795fd84d4dddaf": 0.33589479413911655, "0x1489046ca0f9980fc2d9a950d103d3bec02c1307": 0.9999034490179767, "0x1d379e322ef813587a3e13ad79857c45edc7f4a4": 0.5609296351124918, "0x204f72f35326db932158cba6adff0b9a1da95e14": 0.999928612321596, "0x24c8cf69a0e0a17eee21f69d29752bfa32e823e1": 0.39696403198698615, "0x2a019dc0089ea8c6edbbafc8a7cc9ba77b4b6397": 0.6731358368075983, "0x2a1410533fe6abeeff9d124a51f023539b64e0fb": 0.9655531278495547, "0x2ae3e6f5c1b211858a4c4e8c7c58303e8fdfbc70": 0.7624157156769724, "0x31646fb225a7743287e760e44923345644513033": 0.656434570081412, "0x355f3b6a0e5b430a21b5067403c2f4507dbc0df8": 0.7474287400635239, "0x36e7e560c4d4cf32926906d939a18cf91f8a0b6b": 0.9996920547049478, "0x3b334cd6ca37ada031247deb0deaccdc0455a5f8": 0.5314182744638929, "0x3b5d93e768e79c0974ac0f7d210237988120cc80": 0.5932510362885345, "0x477a7d28ed844984088129207c0afcb2459e2d8e": 0.5460322961382738, "0x491952b03ecf9ff4c3d0189b7e4f13431584067e": 0.7850732867945229, "0x4a8accbbcb898b0d9218d98ae83d2dd87000e4cd": 0.7556759182559549, "0x4f5b608cbdaac7d946578a58493109ed9a60d411": 0.7696636072246483, "0x53a4f5be7d64abd9c49835374b5686cb86454447": 0.6029073504136544, "0x5685bf6758facce7d1221d3cc3ab0fdb836a62e2": 0.9996222488631601, "0x60581f6fd33332a587718d0683b255eb7ba7d286": 0.976214439672177, "0x682dbb961b8b4c4c99d9d56557d5ad68847e4cd6": 0.426593603731456, "0x711cf2d57de4c9aa53dd2c0bff3a2bf818688495": 0.5628044309226352, "0x77a4ba69bfd3a388bce7031900a3fabc105fc84f": 0.40164914874790114, "0x847667d84fc4d81db36689c4f4c5845c8d125418": 0.9998928172950637, "0x879eb52a11d5296d62d8d0d78ff2baf12b43c960": 0.4999983333186298, "0x8c7b26969470bd87494b5d406c3e84256d102a87": 0.7198692975659662, "0xa2f1fecf1cc7db65a46588f764b6691533052d22": 0.8483096109335396, "0xa4da7cb218c5dcb36666815c6aa043890fa82db1": 0.6631133668392747, "0xa9b44dca52ed35e59ac2a6f49d1203b8155464ed": 0.2539841055281349, "0xbaa2bcb5439e985ce4ccf815b4700027d1b92c73": 0.5954118999790583, "0xbad26fe5458e6219cec3e40272760e275e835296": 0.521005918827978, "0xbb611d193d53fe25a0d372d98cf24e4dc03558ff": 0.9873626735855325, "0xc93c86f929a23f8f688d12db7ad2ed736ef652f1": 0.8013602058870831, "0xd1ed12197b7dc22dede923727e9b714024dbd7cb": 0.5216520031991699, "0xd25b8718f61fb64a754356ad8cf16b5579f59f3d": 0.5276088497119702, "0xd86d87914387111b47355e87aca7c032dbe5648d": 0.6425402999706683, "0xec0bc5b9d6f9cf4e88706d1e3efe333c6ee669e6": 0.9599687436270276, "0xed322eac0406328b804d160915364b72e3f820d6": 0.8106272262693005, "0xf2f6af4f27ec2dcf4072095ab804016e14cd5817": 0.7243098067523717, "0xf5d92058c977a9c957c6cbfbe3e9a27c83a9be50": 0.8146963912312559}}