{"whale_set": ["0xbb611d193d53fe25a0d372d98cf24e4dc03558ff", "0xa2f1fecf1cc7db65a46588f764b6691533052d22", "0x3b5d93e768e79c0974ac0f7d210237988120cc80", "0x847667d84fc4d81db36689c4f4c5845c8d125418", "0xbaa2bcb5439e985ce4ccf815b4700027d1b92c73", "0x5685bf6758facce7d1221d3cc3ab0fdb836a62e2", "0xc93c86f929a23f8f688d12db7ad2ed736ef652f1", "0x2a1410533fe6abeeff9d124a51f023539b64e0fb", "0x1489046ca0f9980fc2d9a950d103d3bec02c1307", "0x77a4ba69bfd3a388bce7031900a3fabc105fc84f", "0xec0bc5b9d6f9cf4e88706d1e3efe333c6ee669e6", "0xd86d87914387111b47355e87aca7c032dbe5648d", "0xed322eac0406328b804d160915364b72e3f820d6", "0x000d257d2dc7616feaef4ae0f14600fdf50a758e", "0xf2f6af4f27ec2dcf4072095ab804016e14cd5817", "0xd25b8718f61fb64a754356ad8cf16b5579f59f3d", "0xe0718185ae103323d86b4eb687cb439b8d10f836", "0x05ab749a8554fb7c852238c271d384bae6798145", "0x0ce3ba832b15107d7ca7f05aedc393d3b12c3bc3", "0x12bff6ca3cb6cfc950a27b275b795fd84d4dddaf", "0x24c8cf69a0e0a17eee21f69d29752bfa32e823e1", "0x2ae3e6f5c1b211858a4c4e8c7c58303e8fdfbc70", "0x879eb52a11d5296d62d8d0d78ff2baf12b43c960", "0x3b334cd6ca37ada031247deb0deaccdc0455a5f8", "0x8c7b26969470bd87494b5d406c3e84256d102a87", "0x31646fb225a7743287e760e44923345644513033", "0xd1ed12197b7dc22dede923727e9b714024dbd7cb", "0x204f72f35326db932158cba6adff0b9a1da95e14", "0x355f3b6a0e5b430a21b5067403c2f4507dbc0df8", "0x2a019dc0089ea8c6edbbafc8a7cc9ba77b4b6397", "0x0ffcad4963e25dc150774363f4061ebe840c8236", "0x477a7d28ed844984088129207c0afcb2459e2d8e", "0xa4da7cb218c5dcb36666815c6aa043890fa82db1", "0x36e7e560c4d4cf32926906d939a18cf91f8a0b6b", "0xa9b44dca52ed35e59ac2a6f49d1203b8155464ed", "0xbad26fe5458e6219cec3e40272760e275e835296", "0xf5d92058c977a9c957c6cbfbe3e9a27c83a9be50", "0x1d379e322ef813587a3e13ad79857c45edc7f4a4", "0x711cf2d57de4c9aa53dd2c0bff3a2bf818688495", "0x682dbb961b8b4c4c99d9d56557d5ad68847e4cd6", "0x60581f6fd33332a587718d0683b255eb7ba7d286", "0xc8ab97a9089a9ff7e6ef0688e6e591a066946418"], "scores": {"0x000d257d2dc7616feaef4ae0f14600fdf50a758e": 8.366512170574103, "0x05ab749a8554fb7c852238c271d384bae6798145": 2.2894214953396985, "0x0ce3ba832b15107d7ca7f05aedc393d3b12c3bc3": 5.8178932217129145, "0x0ffcad4963e25dc150774363f4061ebe840c8236": 8.011615511193506, "0x12bff6ca3cb6cfc950a27b275b795fd84d4dddaf": 2.7915814691510437, "0x1489046ca0f9980fc2d9a950d103d3bec02c1307": 3.054678749278191, "0x1d379e322ef813587a3e13ad79857c45edc7f4a4": 3.378887342408259, "0x204f72f35326db932158cba6adff0b9a1da95e14": 7.096327728363104, "0x24c8cf69a0e0a17eee21f69d29752bfa32e823e1": 8.41654077086655, "0x2a019dc0089ea8c6edbbafc8a7cc9ba77b4b6397": 8.310250338176095, "0x2a1410533fe6abeeff9d124a51f023539b64e0fb": 5.694976429130947, "0x2ae3e6f5c1b211858a4c4e8c7c58303e8fdfbc70": 6.291249518958023, "0x31646fb225a7743287e760e44923345644513033": 6.355015304951027, "0x355f3b6a0e5b430a21b5067403c2f4507dbc0df8": 4.613779398278985, "0x36e7e560c4d4cf32926906d939a18cf91f8a0b6b": 8.209340064327714, "0x3b334cd6ca37ada031247deb0deaccdc0455a5f8": 2.387502261445117, "0x3b5d93e768e79c0974ac0f7d210237988120cc80": 2.6251867884893114, "0x477a7d28ed844984088129207c0afcb2459e2d8e": 8.401935573474592, "0x5685bf6758facce7d1221d3cc3ab0fdb836a62e2": 8.614407015905671, "0x60581f6fd33332a587718d0683b255eb7ba7d286": 9.184734539787653, "0x682dbb961b8b4c4c99d9d56557d5ad68847e4cd6": 7.426640522409873, "0x711cf2d57de4c9aa53dd2c0bff3a2bf818688495": 8.23855202258199, "0x77a4ba69bfd3a388bce7031900a3fabc105fc84f": 2.650887456342855, "0x847667d84fc4d81db36689c4f4c5845c8d125418": 8.322721198067477, "0x879eb52a11d5296d62d8d0d78ff2baf12b43c960": 6.030315292898386, "0x8c7b26969470bd87494b5d406c3e84256d102a87": 3.921237136051438, "0xa2f1fecf1cc7db65a46588f764b6691533052d22": 8.080510094057512, "0xa4da7cb218c5dcb36666815c6aa043890fa82db1": 7.138039753792211, "0xa9b44dca52ed35e59ac2a6f49d1203b8155464ed": 5.981375590912654, "0xbaa2bcb5439e985ce4ccf815b4700027d1b92c73": 7.111728025855832, "0xbad26fe5458e6219cec3e40272760e275e835296": 7.475757790640892, "0xbb611d193d53fe25a0d372d98cf24e4dc03558ff": 3.2702363072591663, "0xc8ab97a9089a9ff7e6ef0688e6e591a066946418": 8.460149709966373, "0xc93c86f929a23f8f688d12db7ad2ed736ef652f1": 4.811808071813349, "0xd1ed12197b7dc22dede923727e9b714024dbd7cb": 6.264591633287531, "0xd25b8718f61fb64a754356ad8cf16b5579f59f3d": 8.213482834763365, "0xd86d87914387111b47355e87aca7c032dbe5648d": 3.649333071007309, "0xe0718185ae103323d86b4eb687cb439b8d10f836": 6.097969142289277, "0xec0bc5b9d6f9cf4e88706d1e3efe333c6ee669e6": 8.720428731634726, "0xed322eac0406328b804d160915364b72e3f820d6": 8.352822366736891, "0xf2f6af4f27ec2dcf4072095ab804016e14cd5817": 8.450181141331521, "0xf5d92058c977a9c957c6cbfbe3e9a27c83a9be50": 8.518015125930464}, "winrates": {"0x000d257d2dc7616feaef4ae0f14600fdf50a758e": 0.6987726859934594, "0x05ab749a8554fb7c852238c271d384bae6798145": 0.4784401615545249, "0x0ce3ba832b15107d7ca7f05aedc393d3b12c3bc3": 0.6101097395225333, "0x0ffcad4963e25dc150774363f4061ebe840c8236": 0.6340100141474326, "0x12bff6ca3cb6cfc950a27b275b795fd84d4dddaf": 0.3649914150866669, "0x1489046ca0f9980fc2d9a950d103d3bec02c1307": 0.9999367492877881, "0x1d379e322ef813587a3e13ad79857c45edc7f4a4": 0.5972404106379432, "0x204f72f35326db932158cba6adff0b9a1da95e14": 0.999937242166952, "0x24c8cf69a0e0a17eee21f69d29752bfa32e823e1": 0.4451499586075764, "0x2a019dc0089ea8c6edbbafc8a7cc9ba77b4b6397": 0.801418597752294, "0x2a1410533fe6abeeff9d124a51f023539b64e0fb": 0.965890832669227, "0x2ae3e6f5c1b211858a4c4e8c7c58303e8fdfbc70": 0.7573923826917562, "0x31646fb225a7743287e760e44923345644513033": 0.6479571162664174, "0x355f3b6a0e5b430a21b5067403c2f4507dbc0df8": 0.760815270025355, "0x36e7e560c4d4cf32926906d939a18cf91f8a0b6b": 0.9997883982700884, "0x3b334cd6ca37ada031247deb0deaccdc0455a5f8": 0.5271214040916967, "0x3b5d93e768e79c0974ac0f7d210237988120cc80": 0.553435292433565, "0x477a7d28ed844984088129207c0afcb2459e2d8e": 0.546644483193653, "0x5685bf6758facce7d1221d3cc3ab0fdb836a62e2": 0.9997819712232169, "0x60581f6fd33332a587718d0683b255eb7ba7d286": 0.9793759936151404, "0x682dbb961b8b4c4c99d9d56557d5ad68847e4cd6": 0.4405140077820225, "0x711cf2d57de4c9aa53dd2c0bff3a2bf818688495": 0.5438983528743505, "0x77a4ba69bfd3a388bce7031900a3fabc105fc84f": 0.40241422609931243, "0x847667d84fc4d81db36689c4f4c5845c8d125418": 0.9999271676982276, "0x879eb52a11d5296d62d8d0d78ff2baf12b43c960": 0.49999955681985725, "0x8c7b26969470bd87494b5d406c3e84256d102a87": 0.7198412500771525, "0xa2f1fecf1cc7db65a46588f764b6691533052d22": 0.8336202347501986, "0xa4da7cb218c5dcb36666815c6aa043890fa82db1": 0.6600292211865536, "0xa9b44dca52ed35e59ac2a6f49d1203b8155464ed": 0.2864745787397647, "0xbaa2bcb5439e985ce4ccf815b4700027d1b92c73": 0.5686263514765658, "0xbad26fe5458e6219cec3e40272760e275e835296": 0.5948395837305607, "0xbb611d193d53fe25a0d372d98cf24e4dc03558ff": 0.999881109228589, "0xc8ab97a9089a9ff7e6ef0688e6e591a066946418": 0.6273060879011798, "0xc93c86f929a23f8f688d12db7ad2ed736ef652f1": 0.8441170828273801, "0xd1ed12197b7dc22dede923727e9b714024dbd7cb": 0.5235279747675077, "0xd25b8718f61fb64a754356ad8cf16b5579f59f3d": 0.5450167821780068, "0xd86d87914387111b47355e87aca7c032dbe5648d": 0.6377312400490083, "0xe0718185ae103323d86b4eb687cb439b8d10f836": 0.6033296760819644, "0xec0bc5b9d6f9cf4e88706d1e3efe333c6ee669e6": 0.9605797481424031, "0xed322eac0406328b804d160915364b72e3f820d6": 0.819363436191246, "0xf2f6af4f27ec2dcf4072095ab804016e14cd5817": 0.7199688071291279, "0xf5d92058c977a9c957c6cbfbe3e9a27c83a9be50": 0.8146712004140956}}