{"whale_set": ["0x421bf8e567f99bb544f317f38fe71719dbb6ac12", "0x088ffbbc6f2c0b3839d2832e75f37e1bcecbc9e7", "0x832bbb891caf3a24c7d1915d9f6369c4949b5c91", "0x562fa836dd0c7ecaf666cd02e88652b8acfde46f", "0x3b5d93e768e79c0974ac0f7d210237988120cc80", "0x777fae71d2ff9ec48a1213d48ba1d9d91024a1bb", "0x3d7710f91dbc7efcaaf0a37f305c42a6deacabd5", "0xe40362b6d2c1eb1134da886f4c64f02f08f6e5a4", "0x510904c9a58f5c5ad799a1b44947077564175e9c", "0xb10047d6a254b2ebb306d7a7d13bf59171ab6461", "0x963137a0ba0b02ebf6f37710023cc1b0303289a1", "0xb8fe807aa951e35af53fd0fee36abc303864ce76", "0x3f3bfc6d754e416699793901ffb12ddeee9f1d77", "0x3a8651c42ac19aa3e3141531a298abc72f51dea8", "0x93d1974fcfb0885f4a438f67aa74c6d86a28a451", "0x22e4248bdb066f65c9f11cd66cdd3719a28eef1c", "0xf72044fb3f98854411a069d9a682e54e4b824599", "0x8b32f4a2bebb3ef05d5a46a93d0ce27ab76db1fd", "0x89b9612be1bd62a91e202d12cca8888f1b3fa20f", "0x382caa87e714afb16c2c8b9e2fc023d4b6b2a0d7", "0x796301e7bb7bb0891993b4b35ca2bdc10fe35c7b", "0xd5ccdf772f795547e299de57f47966e24de8dea4", "0x7b676d5a6379855773d405fcf19b9aa577651b07", "0xee50a31c3f5a7c77824b12a941a54388a2827ed6", "0x0ce3ba832b15107d7ca7f05aedc393d3b12c3bc3", "0x24c8cf69a0e0a17eee21f69d29752bfa32e823e1", "0x42f28da8182099407250b490ca6c75cdf7d04460", "0x5e9c76f30788f31f6c6867f5f44b1e95a7a7cd75", "0x4a8accbbcb898b0d9218d98ae83d2dd87000e4cd", "0x31646fb225a7743287e760e44923345644513033", "0xb51b3beffd13cde071ed799e70a7b0b598e8b4d9", "0x51a15d76e6b5cd7e0b21fa1f3d1995439a5da78f", "0x9e1c1f91fd5ee35bc63ea015c7633cf30e7ce87a", "0xcf9efbdb300d03a6c462eda8840dcc3ab9b1518e", "0x4b786ddc5c56d0429094bedd15320def5b464d2f", "0x25dcf4635fe93082e0849fbbf81c95680cf5e33b", "0x22b57908ba8b730b1242cce3781407090194bdca", "0x0eee1b21001ca9af6e5ab8a7321fc2ee46dd4c52", "0x6e8f80ca0cddb8d3f207dc5147ac0e6062ae162c", "0xefc16fbfcf59943f3fd43c6bc01bddbda007dfcd", "0x7d0a771ddd2c63255013a1efb5f0e42659b38c6c", "0x682dbb961b8b4c4c99d9d56557d5ad68847e4cd6", "0xd62275e7209b9b613289db905e5229204194defc", "0xcd71fd5370880f3d92bb941e628c05840fe0d127", "0xfbfb0883a151234e76a5a5ea72ffc5f47e9df563", "0x60581f6fd33332a587718d0683b255eb7ba7d286"], "scores": {"0x088ffbbc6f2c0b3839d2832e75f37e1bcecbc9e7": 7.477851194373729, "0x0ce3ba832b15107d7ca7f05aedc393d3b12c3bc3": 5.819462328164843, "0x0eee1b21001ca9af6e5ab8a7321fc2ee46dd4c52": 6.2497752024909845, "0x22b57908ba8b730b1242cce3781407090194bdca": 8.463276006146609, "0x22e4248bdb066f65c9f11cd66cdd3719a28eef1c": 8.513297701169254, "0x24c8cf69a0e0a17eee21f69d29752bfa32e823e1": 7.071817666559996, "0x25dcf4635fe93082e0849fbbf81c95680cf5e33b": 6.8271176032448535, "0x31646fb225a7743287e760e44923345644513033": 6.997682171617696, "0x382caa87e714afb16c2c8b9e2fc023d4b6b2a0d7": 2.5974551511683837, "0x3a8651c42ac19aa3e3141531a298abc72f51dea8": 7.799025240997307, "0x3b5d93e768e79c0974ac0f7d210237988120cc80": 2.5007221539822586, "0x3d7710f91dbc7efcaaf0a37f305c42a6deacabd5": 8.427554178706004, "0x3f3bfc6d754e416699793901ffb12ddeee9f1d77": 7.005349811708804, "0x421bf8e567f99bb544f317f38fe71719dbb6ac12": 8.474761462288651, "0x42f28da8182099407250b490ca6c75cdf7d04460": 8.786195343749949, "0x4a8accbbcb898b0d9218d98ae83d2dd87000e4cd": 7.5235519262093655, "0x4b786ddc5c56d0429094bedd15320def5b464d2f": 7.925639487468141, "0x510904c9a58f5c5ad799a1b44947077564175e9c": 8.065033561687736, "0x51a15d76e6b5cd7e0b21fa1f3d1995439a5da78f": 3.7305048570717734, "0x562fa836dd0c7ecaf666cd02e88652b8acfde46f": 8.307604551225, "0x5e9c76f30788f31f6c6867f5f44b1e95a7a7cd75": 8.752758047832152, "0x60581f6fd33332a587718d0683b255eb7ba7d286": 9.183056112719907, "0x682dbb961b8b4c4c99d9d56557d5ad68847e4cd6": 6.2942658224633625, "0x6e8f80ca0cddb8d3f207dc5147ac0e6062ae162c": 7.508350586357657, "0x777fae71d2ff9ec48a1213d48ba1d9d91024a1bb": 8.315809191715251, "0x796301e7bb7bb0891993b4b35ca2bdc10fe35c7b": 6.211034932774361, "0x7b676d5a6379855773d405fcf19b9aa577651b07": 8.656452129974593, "0x7d0a771ddd2c63255013a1efb5f0e42659b38c6c": 6.5896925866048495, "0x832bbb891caf3a24c7d1915d9f6369c4949b5c91": 6.399347536666721, "0x89b9612be1bd62a91e202d12cca8888f1b3fa20f": 6.703096333835683, "0x8b32f4a2bebb3ef05d5a46a93d0ce27ab76db1fd": 8.412250610829973, "0x93d1974fcfb0885f4a438f67aa74c6d86a28a451": 8.296390214569282, "0x963137a0ba0b02ebf6f37710023cc1b0303289a1": 8.338484564006597, "0x9e1c1f91fd5ee35bc63ea015c7633cf30e7ce87a": 8.411947022330857, "0xb10047d6a254b2ebb306d7a7d13bf59171ab6461": 8.404908835231767, "0xb51b3beffd13cde071ed799e70a7b0b598e8b4d9": 7.97038121786778, "0xb8fe807aa951e35af53fd0fee36abc303864ce76": 6.617070716685829, "0xcd71fd5370880f3d92bb941e628c05840fe0d127": 8.361302992018313, "0xcf9efbdb300d03a6c462eda8840dcc3ab9b1518e": 8.500328877061722, "0xd5ccdf772f795547e299de57f47966e24de8dea4": 8.787471736901633, "0xd62275e7209b9b613289db905e5229204194defc": 6.1566627664616185, "0xe40362b6d2c1eb1134da886f4c64f02f08f6e5a4": 8.298457534440699, "0xee50a31c3f5a7c77824b12a941a54388a2827ed6": 3.3023271140995196, "0xefc16fbfcf59943f3fd43c6bc01bddbda007dfcd": 7.8565493145191585, "0xf72044fb3f98854411a069d9a682e54e4b824599": 2.627107849124768, "0xfbfb0883a151234e76a5a5ea72ffc5f47e9df563": 7.863226654734723}, "winrates": {"0x088ffbbc6f2c0b3839d2832e75f37e1bcecbc9e7": 0.542345466227585, "0x0ce3ba832b15107d7ca7f05aedc393d3b12c3bc3": 0.6098478904607572, "0x0eee1b21001ca9af6e5ab8a7321fc2ee46dd4c52": 0.5090695416912427, "0x22b57908ba8b730b1242cce3781407090194bdca": 0.6589137294635833, "0x22e4248bdb066f65c9f11cd66cdd3719a28eef1c": 0.9303346036948426, "0x24c8cf69a0e0a17eee21f69d29752bfa32e823e1": 0.45905615950195544, "0x25dcf4635fe93082e0849fbbf81c95680cf5e33b": 0.6745943368534814, "0x31646fb225a7743287e760e44923345644513033": 0.6649013702299348, "0x382caa87e714afb16c2c8b9e2fc023d4b6b2a0d7": 0.8893588787311864, "0x3a8651c42ac19aa3e3141531a298abc72f51dea8": 0.5781537001220801, "0x3b5d93e768e79c0974ac0f7d210237988120cc80": 0.3232370120160273, "0x3d7710f91dbc7efcaaf0a37f305c42a6deacabd5": 0.803520291632014, "0x3f3bfc6d754e416699793901ffb12ddeee9f1d77": 0.527240591248699, "0x421bf8e567f99bb544f317f38fe71719dbb6ac12": 0.9065947893315689, "0x42f28da8182099407250b490ca6c75cdf7d04460": 0.9670919584293988, "0x4a8accbbcb898b0d9218d98ae83d2dd87000e4cd": 0.6708702233985937, "0x4b786ddc5c56d0429094bedd15320def5b464d2f": 0.5657389806200281, "0x510904c9a58f5c5ad799a1b44947077564175e9c": 0.7302900391137275, "0x51a15d76e6b5cd7e0b21fa1f3d1995439a5da78f": 0.9997304610976755, "0x562fa836dd0c7ecaf666cd02e88652b8acfde46f": 0.5547921863256552, "0x5e9c76f30788f31f6c6867f5f44b1e95a7a7cd75": 0.9695597578004319, "0x60581f6fd33332a587718d0683b255eb7ba7d286": 0.9777759167454151, "0x682dbb961b8b4c4c99d9d56557d5ad68847e4cd6": 0.6091131068756017, "0x6e8f80ca0cddb8d3f207dc5147ac0e6062ae162c": 0.7465958534228696, "0x777fae71d2ff9ec48a1213d48ba1d9d91024a1bb": 0.2776591610605329, "0x796301e7bb7bb0891993b4b35ca2bdc10fe35c7b": 0.5874748263677423, "0x7b676d5a6379855773d405fcf19b9aa577651b07": 0.8956019472972503, "0x7d0a771ddd2c63255013a1efb5f0e42659b38c6c": 0.5206045691918808, "0x832bbb891caf3a24c7d1915d9f6369c4949b5c91": 0.7989367129249989, "0x89b9612be1bd62a91e202d12cca8888f1b3fa20f": 0.5083703215526632, "0x8b32f4a2bebb3ef05d5a46a93d0ce27ab76db1fd": 0.4972569968555419, "0x93d1974fcfb0885f4a438f67aa74c6d86a28a451": 0.9996745649605758, "0x963137a0ba0b02ebf6f37710023cc1b0303289a1": 0.6021038734360915, "0x9e1c1f91fd5ee35bc63ea015c7633cf30e7ce87a": 0.6761883098849708, "0xb10047d6a254b2ebb306d7a7d13bf59171ab6461": 0.5701716070499077, "0xb51b3beffd13cde071ed799e70a7b0b598e8b4d9": 0.8914046525239033, "0xb8fe807aa951e35af53fd0fee36abc303864ce76": 0.5078187743965332, "0xcd71fd5370880f3d92bb941e628c05840fe0d127": 0.721950744185723, "0xcf9efbdb300d03a6c462eda8840dcc3ab9b1518e": 0.9998607830012352, "0xd5ccdf772f795547e299de57f47966e24de8dea4": 0.7979520531790145, "0xd62275e7209b9b613289db905e5229204194defc": 0.5259452115962531, "0xe40362b6d2c1eb1134da886f4c64f02f08f6e5a4": 0.9456506615795299, "0xee50a31c3f5a7c77824b12a941a54388a2827ed6": 0.8611632384233203,