{"whale_set": ["0xe598435df0cdf5d22bdd5082d557f75f9180a0a8", "0xa2f1fecf1cc7db65a46588f764b6691533052d22", "0x847667d84fc4d81db36689c4f4c5845c8d125418", "0x60581f6fd33332a587718d0683b255eb7ba7d286", "0x5685bf6758facce7d1221d3cc3ab0fdb836a62e2", "0xbaa2bcb5439e985ce4ccf815b4700027d1b92c73", "0xc93c86f929a23f8f688d12db7ad2ed736ef652f1", "0x2a1410533fe6abeeff9d124a51f023539b64e0fb", "0xeb92ca532033ff350cb3672f958ffc3f35ccfdf0", "0x1489046ca0f9980fc2d9a950d103d3bec02c1307", "0xec0bc5b9d6f9cf4e88706d1e3efe333c6ee669e6", "0xd86d87914387111b47355e87aca7c032dbe5648d", "0xed322eac0406328b804d160915364b72e3f820d6", "0x000d257d2dc7616feaef4ae0f14600fdf50a758e", "0xf2f6af4f27ec2dcf4072095ab804016e14cd5817", "0xd25b8718f61fb64a754356ad8cf16b5579f59f3d", "0xe0718185ae103323d86b4eb687cb439b8d10f836", "0x12bff6ca3cb6cfc950a27b275b795fd84d4dddaf", "0x0ce3ba832b15107d7ca7f05aedc393d3b12c3bc3", "0x24c8cf69a0e0a17eee21f69d29752bfa32e823e1", "0x2ae3e6f5c1b211858a4c4e8c7c58303e8fdfbc70", "0x879eb52a11d5296d62d8d0d78ff2baf12b43c960", "0x3b334cd6ca37ada031247deb0deaccdc0455a5f8", "0x31646fb225a7743287e760e44923345644513033", "0xd1ed12197b7dc22dede923727e9b714024dbd7cb", "0x355f3b6a0e5b430a21b5067403c2f4507dbc0df8", "0x2a019dc0089ea8c6edbbafc8a7cc9ba77b4b6397", "0x0ffcad4963e25dc150774363f4061ebe840c8236", "0x477a7d28ed844984088129207c0afcb2459e2d8e", "0xa4da7cb218c5dcb36666815c6aa043890fa82db1", "0x36e7e560c4d4cf32926906d939a18cf91f8a0b6b", "0xa9b44dca52ed35e59ac2a6f49d1203b8155464ed", "0xbad26fe5458e6219cec3e40272760e275e835296", "0xf5d92058c977a9c957c6cbfbe3e9a27c83a9be50", "0x1d379e322ef813587a3e13ad79857c45edc7f4a4", "0x711cf2d57de4c9aa53dd2c0bff3a2bf818688495", "0x682dbb961b8b4c4c99d9d56557d5ad68847e4cd6", "0xc8ab97a9089a9ff7e6ef0688e6e591a066946418"], "scores": {"0x000d257d2dc7616feaef4ae0f14600fdf50a758e": 8.374598067417452, "0x0ce3ba832b15107d7ca7f05aedc393d3b12c3bc3": 5.8216041229121, "0x0ffcad4963e25dc150774363f4061ebe840c8236": 7.766970501165646, "0x12bff6ca3cb6cfc950a27b275b795fd84d4dddaf": 2.3511953379593833, "0x1489046ca0f9980fc2d9a950d103d3bec02c1307": 3.0611670165839255, "0x1d379e322ef813587a3e13ad79857c45edc7f4a4": 2.7592916640438143, "0x24c8cf69a0e0a17eee21f69d29752bfa32e823e1": 8.3573292611476, "0x2a019dc0089ea8c6edbbafc8a7cc9ba77b4b6397": 8.325387793563133, "0x2a1410533fe6abeeff9d124a51f023539b64e0fb": 5.695220960266549, "0x2ae3e6f5c1b211858a4c4e8c7c58303e8fdfbc70": 6.384258387981195, "0x31646fb225a7743287e760e44923345644513033": 6.503329788694666, "0x355f3b6a0e5b430a21b5067403c2f4507dbc0df8": 4.014248987007978, "0x36e7e560c4d4cf32926906d939a18cf91f8a0b6b": 8.231742856651131, "0x3b334cd6ca37ada031247deb0deaccdc0455a5f8": 2.4773673949589274, "0x477a7d28ed844984088129207c0afcb2459e2d8e": 8.403453814465019, "0x5685bf6758facce7d1221d3cc3ab0fdb836a62e2": 8.618052324564678, "0x60581f6fd33332a587718d0683b255eb7ba7d286": 9.181244722574423, "0x682dbb961b8b4c4c99d9d56557d5ad68847e4cd6": 1.8843009237252157, "0x711cf2d57de4c9aa53dd2c0bff3a2bf818688495": 8.273447579972334, "0x847667d84fc4d81db36689c4f4c5845c8d125418": 8.36507433875451, "0x879eb52a11d5296d62d8d0d78ff2baf12b43c960": 6.036874543396675, "0xa2f1fecf1cc7db65a46588f764b6691533052d22": 7.893460121123236, "0xa4da7cb218c5dcb36666815c6aa043890fa82db1": 7.029243577309186, "0xa9b44dca52ed35e59ac2a6f49d1203b8155464ed": 5.957005519480099, "0xbaa2bcb5439e985ce4ccf815b4700027d1b92c73": 7.371499845637327, "0xbad26fe5458e6219cec3e40272760e275e835296": 7.649730645966532, "0xc8ab97a9089a9ff7e6ef0688e6e591a066946418": 8.23859659748126, "0xc93c86f929a23f8f688d12db7ad2ed736ef652f1": 4.370751261777918, "0xd1ed12197b7dc22dede923727e9b714024dbd7cb": 6.133469005908556, "0xd25b8718f61fb64a754356ad8cf16b5579f59f3d": 8.18268173578318, "0xd86d87914387111b47355e87aca7c032dbe5648d": 3.5889732579411198, "0xe0718185ae103323d86b4eb687cb439b8d10f836": 5.9472857190921165, "0xe598435df0cdf5d22bdd5082d557f75f9180a0a8": 6.256069742916882, "0xeb92ca532033ff350cb3672f958ffc3f35ccfdf0": 5.872811868081022, "0xec0bc5b9d6f9cf4e88706d1e3efe333c6ee669e6": 8.715230708816124, "0xed322eac0406328b804d160915364b72e3f820d6": 8.32417948502067, "0xf2f6af4f27ec2dcf4072095ab804016e14cd5817": 8.43106625057182, "0xf5d92058c977a9c957c6cbfbe3e9a27c83a9be50": 8.518002215420683}, "winrates": {"0x000d257d2dc7616feaef4ae0f14600fdf50a758e": 0.7034602588267614, "0x0ce3ba832b15107d7ca7f05aedc393d3b12c3bc3": 0.6096299311282063, "0x0ffcad4963e25dc150774363f4061ebe840c8236": 0.6356854696007913, "0x12bff6ca3cb6cfc950a27b275b795fd84d4dddaf": 0.3358725061218122, "0x1489046ca0f9980fc2d9a950d103d3bec02c1307": 0.9999178648817487, "0x1d379e322ef813587a3e13ad79857c45edc7f4a4": 0.5609479120526771, "0x24c8cf69a0e0a17eee21f69d29752bfa32e823e1": 0.4085891623743431, "0x2a019dc0089ea8c6edbbafc8a7cc9ba77b4b6397": 0.8240523517124507, "0x2a1410533fe6abeeff9d124a51f023539b64e0fb": 0.9655580786924522, "0x2ae3e6f5c1b211858a4c4e8c7c58303e8fdfbc70": 0.7624247326586904, "0x31646fb225a7743287e760e44923345644513033": 0.6564353934832631, "0x355f3b6a0e5b430a21b5067403c2f4507dbc0df8": 0.7608478420487315, "0x36e7e560c4d4cf32926906d939a18cf91f8a0b6b": 0.9997380169548443, "0x3b334cd6ca37ada031247deb0deaccdc0455a5f8": 0.5314311255001645, "0x477a7d28ed844984088129207c0afcb2459e2d8e": 0.5460332970833263, "0x5685bf6758facce7d1221d3cc3ab0fdb836a62e2": 0.9996786232547364, "0x60581f6fd33332a587718d0683b255eb7ba7d286": 0.9762311244861424, "0x682dbb961b8b4c4c99d9d56557d5ad68847e4cd6": 0.23125634489388172, "0x711cf2d57de4c9aa53dd2c0bff3a2bf818688495": 0.5628065339054183, "0x847667d84fc4d81db36689c4f4c5845c8d125418": 0.9999088202738622, "0x879eb52a11d5296d62d8d0d78ff2baf12b43c960": 0.4999983332232014, "0xa2f1fecf1cc7db65a46588f764b6691533052d22": 0.8483290246562023, "0xa4da7cb218c5dcb36666815c6aa043890fa82db1": 0.6631252753895557, "0xa9b44dca52ed35e59ac2a6f49d1203b8155464ed": 0.2539824783189519, "0xbaa2bcb5439e985ce4ccf815b4700027d1b92c73": 0.5795329203722765, "0xbad26fe5458e6219cec3e40272760e275e835296": 0.5964965047047255, "0xc8ab97a9089a9ff7e6ef0688e6e591a066946418": 0.9730697965259093, "0xc93c86f929a23f8f688d12db7ad2ed736ef652f1": 0.8519628181894124, "0xd1ed12197b7dc22dede923727e9b714024dbd7cb": 0.5216567653399046, "0xd25b8718f61fb64a754356ad8cf16b5579f59f3d": 0.5276138687442894, "0xd86d87914387111b47355e87aca7c032dbe5648d": 0.6425446895016893, "0xe0718185ae103323d86b4eb687cb439b8d10f836": 0.6005897932994754, "0xe598435df0cdf5d22bdd5082d557f75f9180a0a8": 0.5190959631162789, "0xeb92ca532033ff350cb3672f958ffc3f35ccfdf0": 0.5434285795072306, "0xec0bc5b9d6f9cf4e88706d1e3efe333c6ee669e6": 0.9599723726557473, "0xed322eac0406328b804d160915364b72e3f820d6": 0.8106373768590699, "0xf2f6af4f27ec2dcf4072095ab804016e14cd5817": 0.7237906583838185, "0xf5d92058c977a9c957c6cbfbe3e9a27c83a9be50": 0.8147037867839297}}