{"whale_set": ["0x53a4f5be7d64abd9c49835374b5686cb86454447", "0xbb611d193d53fe25a0d372d98cf24e4dc03558ff", "0xa2f1fecf1cc7db65a46588f764b6691533052d22", "0x3b5d93e768e79c0974ac0f7d210237988120cc80", "0x847667d84fc4d81db36689c4f4c5845c8d125418", "0xbaa2bcb5439e985ce4ccf815b4700027d1b92c73", "0x5685bf6758facce7d1221d3cc3ab0fdb836a62e2", "0xc93c86f929a23f8f688d12db7ad2ed736ef652f1", "0x2a1410533fe6abeeff9d124a51f023539b64e0fb", "0x1489046ca0f9980fc2d9a950d103d3bec02c1307", "0x77a4ba69bfd3a388bce7031900a3fabc105fc84f", "0xec0bc5b9d6f9cf4e88706d1e3efe333c6ee669e6", "0xd86d87914387111b47355e87aca7c032dbe5648d", "0xed322eac0406328b804d160915364b72e3f820d6", "0x491952b03ecf9ff4c3d0189b7e4f13431584067e", "0x000d257d2dc7616feaef4ae0f14600fdf50a758e", "0x4f5b608cbdaac7d946578a58493109ed9a60d411", "0xf2f6af4f27ec2dcf4072095ab804016e14cd5817", "0xd25b8718f61fb64a754356ad8cf16b5579f59f3d", "0x05ab749a8554fb7c852238c271d384bae6798145", "0x0ce3ba832b15107d7ca7f05aedc393d3b12c3bc3", "0x12bff6ca3cb6cfc950a27b275b795fd84d4dddaf", "0x24c8cf69a0e0a17eee21f69d29752bfa32e823e1", "0x2ae3e6f5c1b211858a4c4e8c7c58303e8fdfbc70", "0x879eb52a11d5296d62d8d0d78ff2baf12b43c960", "0x3b334cd6ca37ada031247deb0deaccdc0455a5f8", "0x4a8accbbcb898b0d9218d98ae83d2dd87000e4cd", "0x31646fb225a7743287e760e44923345644513033", "0x8c7b26969470bd87494b5d406c3e84256d102a87", "0x204f72f35326db932158cba6adff0b9a1da95e14", "0xd1ed12197b7dc22dede923727e9b714024dbd7cb", "0x355f3b6a0e5b430a21b5067403c2f4507dbc0df8", "0x2a019dc0089ea8c6edbbafc8a7cc9ba77b4b6397", "0x0ffcad4963e25dc150774363f4061ebe840c8236", "0x477a7d28ed844984088129207c0afcb2459e2d8e", "0xa4da7cb218c5dcb36666815c6aa043890fa82db1", "0x36e7e560c4d4cf32926906d939a18cf91f8a0b6b", "0xa9b44dca52ed35e59ac2a6f49d1203b8155464ed", "0xbad26fe5458e6219cec3e40272760e275e835296", "0xf5d92058c977a9c957c6cbfbe3e9a27c83a9be50", "0x1d379e322ef813587a3e13ad79857c45edc7f4a4", "0x711cf2d57de4c9aa53dd2c0bff3a2bf818688495", "0x682dbb961b8b4c4c99d9d56557d5ad68847e4cd6", "0x60581f6fd33332a587718d0683b255eb7ba7d286", "0xc8ab97a9089a9ff7e6ef0688e6e591a066946418"], "scores": {"0x000d257d2dc7616feaef4ae0f14600fdf50a758e": 8.363740724584625, "0x05ab749a8554fb7c852238c271d384bae6798145": 2.290033555633184, "0x0ce3ba832b15107d7ca7f05aedc393d3b12c3bc3": 5.816999847035248, "0x0ffcad4963e25dc150774363f4061ebe840c8236": 8.06741065463555, "0x12bff6ca3cb6cfc950a27b275b795fd84d4dddaf": 2.902866602096583, "0x1489046ca0f9980fc2d9a950d103d3bec02c1307": 3.053052926225136, "0x1d379e322ef813587a3e13ad79857c45edc7f4a4": 3.5331083546183786, "0x204f72f35326db932158cba6adff0b9a1da95e14": 7.096435138890572, "0x24c8cf69a0e0a17eee21f69d29752bfa32e823e1": 8.425858174952573, "0x2a019dc0089ea8c6edbbafc8a7cc9ba77b4b6397": 8.133668602687607, "0x2a1410533fe6abeeff9d124a51f023539b64e0fb": 5.695101541865482, "0x2ae3e6f5c1b211858a4c4e8c7c58303e8fdfbc70": 6.265690427231267, "0x31646fb225a7743287e760e44923345644513033": 6.319116682589173, "0x355f3b6a0e5b430a21b5067403c2f4507dbc0df8": 4.812550072396049, "0x36e7e560c4d4cf32926906d939a18cf91f8a0b6b": 8.203899904062968, "0x3b334cd6ca37ada031247deb0deaccdc0455a5f8": 2.364478169354643, "0x3b5d93e768e79c0974ac0f7d210237988120cc80": 2.563468940790507, "0x477a7d28ed844984088129207c0afcb2459e2d8e": 8.401548046167722, "0x491952b03ecf9ff4c3d0189b7e4f13431584067e": 2.7136585151640897, "0x4a8accbbcb898b0d9218d98ae83d2dd87000e4cd": 8.094978518604268, "0x4f5b608cbdaac7d946578a58493109ed9a60d411": 8.317609592895726, "0x53a4f5be7d64abd9c49835374b5686cb86454447": 6.686897373208475, "0x5685bf6758facce7d1221d3cc3ab0fdb836a62e2": 8.61342212332186, "0x60581f6fd33332a587718d0683b255eb7ba7d286": 9.18553712881306, "0x682dbb961b8b4c4c99d9d56557d5ad68847e4cd6": 7.411847708506025, "0x711cf2d57de4c9aa53dd2c0bff3a2bf818688495": 8.2301749415388, "0x77a4ba69bfd3a388bce7031900a3fabc105fc84f": 2.6515365815774707, "0x847667d84fc4d81db36689c4f4c5845c8d125418": 8.312598114818353, "0x879eb52a11d5296d62d8d0d78ff2baf12b43c960": 6.028576370429016, "0x8c7b26969470bd87494b5d406c3e84256d102a87": 3.921146793736205, "0xa2f1fecf1cc7db65a46588f764b6691533052d22": 8.086748455274215, "0xa4da7cb218c5dcb36666815c6aa043890fa82db1": 7.16660084318341, "0xa9b44dca52ed35e59ac2a6f49d1203b8155464ed": 5.98726895083839, "0xbaa2bcb5439e985ce4ccf815b4700027d1b92c73": 7.094483469577916, "0xbad26fe5458e6219cec3e40272760e275e835296": 7.139651316465046, "0xbb611d193d53fe25a0d372d98cf24e4dc03558ff": 2.9723218238441094, "0xc8ab97a9089a9ff7e6ef0688e6e591a066946418": 5.937162996748773, "0xc93c86f929a23f8f688d12db7ad2ed736ef652f1": 4.206837131326728, "0xd1ed12197b7dc22dede923727e9b714024dbd7cb": 6.284825603772251, "0xd25b8718f61fb64a754356ad8cf16b5579f59f3d": 8.221106664497974, "0xd86d87914387111b47355e87aca7c032dbe5648d": 3.6698077794536665, "0xec0bc5b9d6f9cf4e88706d1e3efe333c6ee669e6": 8.721322226573912, "0xed322eac0406328b804d160915364b72e3f820d6": 8.360291151006953, "0xf2f6af4f27ec2dcf4072095ab804016e14cd5817": 8.453756916582375, "0xf5d92058c977a9c957c6cbfbe3e9a27c83a9be50": 8.518018370363507}, "winrates": {"0x000d257d2dc7616feaef4ae0f14600fdf50a758e": 0.6970117341579162, "0x05ab749a8554fb7c852238c271d384bae6798145": 0.4785503027466237, "0x0ce3ba832b15107d7ca7f05aedc393d3b12c3bc3": 0.610240354053007, "0x0ffcad4963e25dc150774363f4061ebe840c8236": 0.6334482153415937, "0x12bff6ca3cb6cfc950a27b275b795fd84d4dddaf": 0.37272254880225175, "0x1489046ca0f9980fc2d9a950d103d3bec02c1307": 0.9999412273034771, "0x1d379e322ef813587a3e13ad79857c45edc7f4a4": 0.6062805604600627, "0x204f72f35326db932158cba6adff0b9a1da95e14": 0.9999371711697199, "0x24c8cf69a0e0a17eee21f69d29752bfa32e823e1": 0.44582942942380543, "0x2a019dc0089ea8c6edbbafc8a7cc9ba77b4b6397": 0.7028806490919095, "0x2a1410533fe6abeeff9d124a51f023539b64e0fb": 0.9659804306843676, "0x2ae3e6f5c1b211858a4c4e8c7c58303e8fdfbc70": 0.7560299181583598, "0x31646fb225a7743287e760e44923345644513033": 0.6457228611932837, "0x355f3b6a0e5b430a21b5067403c2f4507dbc0df8": 0.7641019297224829, "0x36e7e560c4d4cf32926906d939a18cf91f8a0b6b": 0.999801098122039, "0x3b334cd6ca37ada031247deb0deaccdc0455a5f8": 0.5260173208301145, "0x3b5d93e768e79c0974ac0f7d210237988120cc80": 0.5432136107410819, "0x477a7d28ed844984088129207c0afcb2459e2d8e": 0.5467988317259951, "0x491952b03ecf9ff4c3d0189b7e4f13431584067e": 0.7883101954150836, "0x4a8accbbcb898b0d9218d98ae83d2dd87000e4cd": 0.7553260590703053, "0x4f5b608cbdaac7d946578a58493109ed9a60d411": 0.7690341149722695, "0x53a4f5be7d64abd9c49835374b5686cb86454447": 0.5982629027243871, "0x5685bf6758facce7d1221d3cc3ab0fdb836a62e2": 0.9998039812663162, "0x60581f6fd33332a587718d0683b255eb7ba7d286": 0.9801055864178891, "0x682dbb961b8b4c4c99d9d56557d5ad68847e4cd6": 0.456134250281365, "0x711cf2d57de4c9aa53dd2c0bff3a2bf818688495": 0.5394213535329402, "0x77a4ba69bfd3a388bce7031900a3fabc105fc84f": 0.40261070759716017, "0x847667d84fc4d81db36689c4f4c5845c8d125418": 0.9999317353105467, "0x879eb52a11d5296d62d8d0d78ff2baf12b43c960": 0.49999986355072784, "0x8c7b26969470bd87494b5d406c3e84256d102a87": 0.7198305917309424, "0xa2f1fecf1cc7db65a46588f764b6691533052d22": 0.8298720445098674, "0xa4da7cb218c5dcb36666815c6aa043890fa82db1": 0.6594624895329361, "0xa9b44dca52ed35e59ac2a6f49d1203b8155464ed": 0.29511966935057893, "0xbaa2bcb5439e985ce4ccf815b4700027d1b92c73": 0.5764164628361255, "0xbad26fe5458e6219cec3e40272760e275e835296": 0.5383941365868665, "0xbb611d193d53fe25a0d372d98cf24e4dc03558ff": 0.9884080129374254, "0xc8ab97a9089a9ff7e6ef0688e6e591a066946418": 0.5235504439687425, "0xc93c86f929a23f8f688d12db7ad2ed736ef652f1": 0.8028144150455944, "0xd1ed12197b7dc22dede923727e9b714024dbd7cb": 0.5236858035317185, "0xd25b8718f61fb64a754356ad8cf16b5579f59f3d": 0.5493052397865298, "0xd86d87914387111b47355e87aca7c032dbe5648d": 0.636521383496361, "0xec0bc5b9d6f9cf4e88706d1e3efe333c6ee669e6": 0.9607511750552961, "0xed322eac0406328b804d160915364b72e3f820d6": 0.8216085870275663, "0xf2f6af4f27ec2dcf4072095ab804016e14cd5817": 0.718323093860879,