{"whale_set": ["0x53a4f5be7d64abd9c49835374b5686cb86454447", "0xbb611d193d53fe25a0d372d98cf24e4dc03558ff", "0xa2f1fecf1cc7db65a46588f764b6691533052d22", "0x3b5d93e768e79c0974ac0f7d210237988120cc80", "0x847667d84fc4d81db36689c4f4c5845c8d125418", "0xbaa2bcb5439e985ce4ccf815b4700027d1b92c73", "0x5685bf6758facce7d1221d3cc3ab0fdb836a62e2", "0xc93c86f929a23f8f688d12db7ad2ed736ef652f1", "0x2a1410533fe6abeeff9d124a51f023539b64e0fb", "0x1489046ca0f9980fc2d9a950d103d3bec02c1307", "0x77a4ba69bfd3a388bce7031900a3fabc105fc84f", "0xec0bc5b9d6f9cf4e88706d1e3efe333c6ee669e6", "0xd86d87914387111b47355e87aca7c032dbe5648d", "0xed322eac0406328b804d160915364b72e3f820d6", "0x491952b03ecf9ff4c3d0189b7e4f13431584067e", "0x000d257d2dc7616feaef4ae0f14600fdf50a758e", "0x4f5b608cbdaac7d946578a58493109ed9a60d411", "0xf2f6af4f27ec2dcf4072095ab804016e14cd5817", "0xd25b8718f61fb64a754356ad8cf16b5579f59f3d", "0x05ab749a8554fb7c852238c271d384bae6798145", "0x0ce3ba832b15107d7ca7f05aedc393d3b12c3bc3", "0x12bff6ca3cb6cfc950a27b275b795fd84d4dddaf", "0x24c8cf69a0e0a17eee21f69d29752bfa32e823e1", "0x2ae3e6f5c1b211858a4c4e8c7c58303e8fdfbc70", "0x879eb52a11d5296d62d8d0d78ff2baf12b43c960", "0x3b334cd6ca37ada031247deb0deaccdc0455a5f8", "0x4a8accbbcb898b0d9218d98ae83d2dd87000e4cd", "0x31646fb225a7743287e760e44923345644513033", "0x8c7b26969470bd87494b5d406c3e84256d102a87", "0x204f72f35326db932158cba6adff0b9a1da95e14", "0xd1ed12197b7dc22dede923727e9b714024dbd7cb", "0x355f3b6a0e5b430a21b5067403c2f4507dbc0df8", "0x2a019dc0089ea8c6edbbafc8a7cc9ba77b4b6397", "0x0ffcad4963e25dc150774363f4061ebe840c8236", "0x477a7d28ed844984088129207c0afcb2459e2d8e", "0xa4da7cb218c5dcb36666815c6aa043890fa82db1", "0x36e7e560c4d4cf32926906d939a18cf91f8a0b6b", "0xa9b44dca52ed35e59ac2a6f49d1203b8155464ed", "0xbad26fe5458e6219cec3e40272760e275e835296", "0xf5d92058c977a9c957c6cbfbe3e9a27c83a9be50", "0x1d379e322ef813587a3e13ad79857c45edc7f4a4", "0x711cf2d57de4c9aa53dd2c0bff3a2bf818688495", "0x682dbb961b8b4c4c99d9d56557d5ad68847e4cd6", "0x60581f6fd33332a587718d0683b255eb7ba7d286", "0xc8ab97a9089a9ff7e6ef0688e6e591a066946418"], "scores": {"0x000d257d2dc7616feaef4ae0f14600fdf50a758e": 8.366512170574103, "0x05ab749a8554fb7c852238c271d384bae6798145": 2.289424229297186, "0x0ce3ba832b15107d7ca7f05aedc393d3b12c3bc3": 5.81788791047233, "0x0ffcad4963e25dc150774363f4061ebe840c8236": 8.011607674246633, "0x12bff6ca3cb6cfc950a27b275b795fd84d4dddaf": 2.7916195105883967, "0x1489046ca0f9980fc2d9a950d103d3bec02c1307": 3.054649950422496, "0x1d379e322ef813587a3e13ad79857c45edc7f4a4": 3.3788281670364415, "0x204f72f35326db932158cba6adff0b9a1da95e14": 7.096327728363104, "0x24c8cf69a0e0a17eee21f69d29752bfa32e823e1": 8.410711839978054, "0x2a019dc0089ea8c6edbbafc8a7cc9ba77b4b6397": 8.061169714162254, "0x2a1410533fe6abeeff9d124a51f023539b64e0fb": 5.6949648983307535, "0x2ae3e6f5c1b211858a4c4e8c7c58303e8fdfbc70": 6.291232043375434, "0x31646fb225a7743287e760e44923345644513033": 6.355013810229821, "0x355f3b6a0e5b430a21b5067403c2f4507dbc0df8": 4.613746429119666, "0x36e7e560c4d4cf32926906d939a18cf91f8a0b6b": 8.209340064327714, "0x3b334cd6ca37ada031247deb0deaccdc0455a5f8": 2.3874846118616113, "0x3b5d93e768e79c0974ac0f7d210237988120cc80": 2.6251857139467907, "0x477a7d28ed844984088129207c0afcb2459e2d8e": 8.401935573474594, "0x491952b03ecf9ff4c3d0189b7e4f13431584067e": 2.6958452149997987, "0x4a8accbbcb898b0d9218d98ae83d2dd87000e4cd": 8.094190475665918, "0x4f5b608cbdaac7d946578a58493109ed9a60d411": 8.317636399490668, "0x53a4f5be7d64abd9c49835374b5686cb86454447": 7.00719050734683, "0x5685bf6758facce7d1221d3cc3ab0fdb836a62e2": 8.614407015905671, "0x60581f6fd33332a587718d0683b255eb7ba7d286": 9.184734539787653, "0x682dbb961b8b4c4c99d9d56557d5ad68847e4cd6": 7.404890010664698, "0x711cf2d57de4c9aa53dd2c0bff3a2bf818688495": 8.23855202258199, "0x77a4ba69bfd3a388bce7031900a3fabc105fc84f": 2.6509105190090714, "0x847667d84fc4d81db36689c4f4c5845c8d125418": 8.322721198067477, "0x879eb52a11d5296d62d8d0d78ff2baf12b43c960": 6.0303152929450725, "0x8c7b26969470bd87494b5d406c3e84256d102a87": 3.921191537785662, "0xa2f1fecf1cc7db65a46588f764b6691533052d22": 8.080510094057512, "0xa4da7cb218c5dcb36666815c6aa043890fa82db1": 7.1380151599550965, "0xa9b44dca52ed35e59ac2a6f49d1203b8155464ed": 5.98137831159407, "0xbaa2bcb5439e985ce4ccf815b4700027d1b92c73": 7.183071208928985, "0xbad26fe5458e6219cec3e40272760e275e835296": 7.146450625996136, "0xbb611d193d53fe25a0d372d98cf24e4dc03558ff": 2.92042336089484, "0xc8ab97a9089a9ff7e6ef0688e6e591a066946418": 5.928946382170308, "0xc93c86f929a23f8f688d12db7ad2ed736ef652f1": 4.050416103647053, "0xd1ed12197b7dc22dede923727e9b714024dbd7cb": 6.26458284985797, "0xd25b8718f61fb64a754356ad8cf16b5579f59f3d": 8.213482834763365, "0xd86d87914387111b47355e87aca7c032dbe5648d": 3.6493248455804563, "0xec0bc5b9d6f9cf4e88706d1e3efe333c6ee669e6": 8.720428731634726, "0xed322eac0406328b804d160915364b72e3f820d6": 8.352822366736891, "0xf2f6af4f27ec2dcf4072095ab804016e14cd5817": 8.450181141331521, "0xf5d92058c977a9c957c6cbfbe3e9a27c83a9be50": 8.518015125930464}, "winrates": {"0x000d257d2dc7616feaef4ae0f14600fdf50a758e": 0.6987725509802574, "0x05ab749a8554fb7c852238c271d384bae6798145": 0.47844032559197414, "0x0ce3ba832b15107d7ca7f05aedc393d3b12c3bc3": 0.6101094208480984, "0x0ffcad4963e25dc150774363f4061ebe840c8236": 0.6340095439306203, "0x12bff6ca3cb6cfc950a27b275b795fd84d4dddaf": 0.36499369757290806, "0x1489046ca0f9980fc2d9a950d103d3bec02c1307": 0.9999350213564464, "0x1d379e322ef813587a3e13ad79857c45edc7f4a4": 0.597236860115634, "0x204f72f35326db932158cba6adff0b9a1da95e14": 0.999935527698724, "0x24c8cf69a0e0a17eee21f69d29752bfa32e823e1": 0.4362239626428877, "0x2a019dc0089ea8c6edbbafc8a7cc9ba77b4b6397": 0.6977902076185577, "0x2a1410533fe6abeeff9d124a51f023539b64e0fb": 0.9658901408212154, "0x2ae3e6f5c1b211858a4c4e8c7c58303e8fdfbc70": 0.7573913341568009, "0x31646fb225a7743287e760e44923345644513033": 0.6479570265831451, "0x355f3b6a0e5b430a21b5067403c2f4507dbc0df8": 0.7608132918757958, "0x36e7e560c4d4cf32926906d939a18cf91f8a0b6b": 0.9997826193343688, "0x3b334cd6ca37ada031247deb0deaccdc0455a5f8": 0.5271203451166863, "0x3b5d93e768e79c0974ac0f7d210237988120cc80": 0.5534352279610137, "0x477a7d28ed844984088129207c0afcb2459e2d8e": 0.5466443808179544, "0x491952b03ecf9ff4c3d0189b7e4f13431584067e": 0.7876749067706849, "0x4a8accbbcb898b0d9218d98ae83d2dd87000e4cd": 0.7553932095965995, "0x4f5b608cbdaac7d946578a58493109ed9a60d411": 0.7691613686001367, "0x53a4f5be7d64abd9c49835374b5686cb86454447": 0.5981822047550127, "0x5685bf6758facce7d1221d3cc3ab0fdb836a62e2": 0.9997760168407012, "0x60581f6fd33332a587718d0683b255eb7ba7d286": 0.9793743570939224, "0x682dbb961b8b4c4c99d9d56557d5ad68847e4cd6": 0.44917316674376323, "0x711cf2d57de4c9aa53dd2c0bff3a2bf818688495": 0.5438981770527387, "0x77a4ba69bfd3a388bce7031900a3fabc105fc84f": 0.4024156098592855, "0x847667d84fc4d81db36689c4f4c5845c8d125418": 0.9999251780488679, "0x879eb52a11d5296d62d8d0d78ff2baf12b43c960": 0.49999955682265845, "0x8c7b26969470bd87494b5d406c3e84256d102a87": 0.7198385141812059, "0xa2f1fecf1cc7db65a46588f764b6691533052d22": 0.8336177602989364, "0xa4da7cb218c5dcb36666815c6aa043890fa82db1": 0.6600277455563267, "0xa9b44dca52ed35e59ac2a6f49d1203b8155464ed": 0.2864747419806497, "0xbaa2bcb5439e985ce4ccf815b4700027d1b92c73": 0.5806878070768814, "0xbad26fe5458e6219cec3e40272760e275e835296": 0.5351527087364374, "0xbb611d193d53fe25a0d372d98cf24e4dc03558ff": 0.9881752754343159, "0xc8ab97a9089a9ff7e6ef0688e6e591a066946418": 0.5223953532741313, "0xc93c86f929a23f8f688d12db7ad2ed736ef652f1": 0.8027747269511931, "0xd1ed12197b7dc22dede923727e9b714024dbd7cb": 0.5235274477617341, "0xd25b8718f61fb64a754356ad8cf16b5579f59f3d": 0.5450158300352019, "0xd86d87914387111b47355e87aca7c032dbe5648d": 0.6377307465233971, "0xec0bc5b9d6f9cf4e88706d1e3efe333c6ee669e6": 0.9605793279343718, "0xed322eac0406328b804d160915364b72e3f820d6": 0.8193621620911075, "0xf2f6af4f27ec2dcf4072095ab804016e14cd5817": 0.7199682942509446,