{"whale_set": ["0x53a4f5be7d64abd9c49835374b5686cb86454447", "0xbb611d193d53fe25a0d372d98cf24e4dc03558ff", "0xa2f1fecf1cc7db65a46588f764b6691533052d22", "0x3b5d93e768e79c0974ac0f7d210237988120cc80", "0x847667d84fc4d81db36689c4f4c5845c8d125418", "0xbaa2bcb5439e985ce4ccf815b4700027d1b92c73", "0x5685bf6758facce7d1221d3cc3ab0fdb836a62e2", "0xc93c86f929a23f8f688d12db7ad2ed736ef652f1", "0x2a1410533fe6abeeff9d124a51f023539b64e0fb", "0x1489046ca0f9980fc2d9a950d103d3bec02c1307", "0x77a4ba69bfd3a388bce7031900a3fabc105fc84f", "0xec0bc5b9d6f9cf4e88706d1e3efe333c6ee669e6", "0xd86d87914387111b47355e87aca7c032dbe5648d", "0xed322eac0406328b804d160915364b72e3f820d6", "0x491952b03ecf9ff4c3d0189b7e4f13431584067e", "0x000d257d2dc7616feaef4ae0f14600fdf50a758e", "0x4f5b608cbdaac7d946578a58493109ed9a60d411", "0xf2f6af4f27ec2dcf4072095ab804016e14cd5817", "0xd25b8718f61fb64a754356ad8cf16b5579f59f3d", "0x05ab749a8554fb7c852238c271d384bae6798145", "0x0ce3ba832b15107d7ca7f05aedc393d3b12c3bc3", "0x12bff6ca3cb6cfc950a27b275b795fd84d4dddaf", "0x24c8cf69a0e0a17eee21f69d29752bfa32e823e1", "0x2ae3e6f5c1b211858a4c4e8c7c58303e8fdfbc70", "0x879eb52a11d5296d62d8d0d78ff2baf12b43c960", "0x3b334cd6ca37ada031247deb0deaccdc0455a5f8", "0x4a8accbbcb898b0d9218d98ae83d2dd87000e4cd", "0x31646fb225a7743287e760e44923345644513033", "0x8c7b26969470bd87494b5d406c3e84256d102a87", "0x204f72f35326db932158cba6adff0b9a1da95e14", "0xd1ed12197b7dc22dede923727e9b714024dbd7cb", "0x355f3b6a0e5b430a21b5067403c2f4507dbc0df8", "0x2a019dc0089ea8c6edbbafc8a7cc9ba77b4b6397", "0x0ffcad4963e25dc150774363f4061ebe840c8236", "0x477a7d28ed844984088129207c0afcb2459e2d8e", "0xa4da7cb218c5dcb36666815c6aa043890fa82db1", "0x36e7e560c4d4cf32926906d939a18cf91f8a0b6b", "0xa9b44dca52ed35e59ac2a6f49d1203b8155464ed", "0xbad26fe5458e6219cec3e40272760e275e835296", "0xf5d92058c977a9c957c6cbfbe3e9a27c83a9be50", "0x1d379e322ef813587a3e13ad79857c45edc7f4a4", "0x711cf2d57de4c9aa53dd2c0bff3a2bf818688495", "0x682dbb961b8b4c4c99d9d56557d5ad68847e4cd6", "0x60581f6fd33332a587718d0683b255eb7ba7d286"], "scores": {"0x000d257d2dc7616feaef4ae0f14600fdf50a758e": 8.3711213967957, "0x05ab749a8554fb7c852238c271d384bae6798145": 2.2872484278907983, "0x0ce3ba832b15107d7ca7f05aedc393d3b12c3bc3": 5.8193561080300205, "0x0ffcad4963e25dc150774363f4061ebe840c8236": 7.893312449340944, "0x12bff6ca3cb6cfc950a27b275b795fd84d4dddaf": 2.568523874104821, "0x1489046ca0f9980fc2d9a950d103d3bec02c1307": 3.0577955910924386, "0x1d379e322ef813587a3e13ad79857c45edc7f4a4": 3.0665377707269563, "0x204f72f35326db932158cba6adff0b9a1da95e14": 7.096116047049985, "0x24c8cf69a0e0a17eee21f69d29752bfa32e823e1": 8.38020894702856, "0x2a019dc0089ea8c6edbbafc8a7cc9ba77b4b6397": 7.883714859522029, "0x2a1410533fe6abeeff9d124a51f023539b64e0fb": 5.694906729944986, "0x2ae3e6f5c1b211858a4c4e8c7c58303e8fdfbc70": 6.338916973638742, "0x31646fb225a7743287e760e44923345644513033": 6.427808097341201, "0x355f3b6a0e5b430a21b5067403c2f4507dbc0df8": 4.249976190281726, "0x36e7e560c4d4cf32926906d939a18cf91f8a0b6b": 8.220356552342583, "0x3b334cd6ca37ada031247deb0deaccdc0455a5f8": 2.426650198510627, "0x3b5d93e768e79c0974ac0f7d210237988120cc80": 2.745974709214686, "0x477a7d28ed844984088129207c0afcb2459e2d8e": 8.402696877774611, "0x491952b03ecf9ff4c3d0189b7e4f13431584067e": 2.6596557165948136, "0x4a8accbbcb898b0d9218d98ae83d2dd87000e4cd": 8.092655307460033, "0x4f5b608cbdaac7d946578a58493109ed9a60d411": 8.317688953646506, "0x53a4f5be7d64abd9c49835374b5686cb86454447": 7.679561334034702, "0x5685bf6758facce7d1221d3cc3ab0fdb836a62e2": 8.616276901030293, "0x60581f6fd33332a587718d0683b255eb7ba7d286": 9.183056112719907, "0x682dbb961b8b4c4c99d9d56557d5ad68847e4cd6": 7.395434280604351, "0x711cf2d57de4c9aa53dd2c0bff3a2bf818688495": 8.255639497576832, "0x77a4ba69bfd3a388bce7031900a3fabc105fc84f": 2.6476293788293366, "0x847667d84fc4d81db36689c4f4c5845c8d125418": 8.343416650852888, "0x879eb52a11d5296d62d8d0d78ff2baf12b43c960": 6.032720271039934, "0x8c7b26969470bd87494b5d406c3e84256d102a87": 3.9204217805547343, "0xa2f1fecf1cc7db65a46588f764b6691533052d22": 7.989671224324136, "0xa4da7cb218c5dcb36666815c6aa043890fa82db1": 7.08178719678294, "0xa9b44dca52ed35e59ac2a6f49d1203b8155464ed": 5.9692430738045426, "0xbaa2bcb5439e985ce4ccf815b4700027d1b92c73": 7.334091964731462, "0xbad26fe5458e6219cec3e40272760e275e835296": 7.157919292679985, "0xbb611d193d53fe25a0d372d98cf24e4dc03558ff": 2.8301381879492156, "0xc93c86f929a23f8f688d12db7ad2ed736ef652f1": 3.7536285947833794, "0xd1ed12197b7dc22dede923727e9b714024dbd7cb": 6.206972136882089, "0xd25b8718f61fb64a754356ad8cf16b5579f59f3d": 8.198183595982657, "0xd86d87914387111b47355e87aca7c032dbe5648d": 3.6148749797732798, "0xec0bc5b9d6f9cf4e88706d1e3efe333c6ee669e6": 8.71815099944594, "0xed322eac0406328b804d160915364b72e3f820d6": 8.338331824680342, "0xf2f6af4f27ec2dcf4072095ab804016e14cd5817": 8.44248692140303, "0xf5d92058c977a9c957c6cbfbe3e9a27c83a9be50": 8.518008692233588}, "winrates": {"0x000d257d2dc7616feaef4ae0f14600fdf50a758e": 0.7015619581161794, "0x05ab749a8554fb7c852238c271d384bae6798145": 0.47816501230544006, "0x0ce3ba832b15107d7ca7f05aedc393d3b12c3bc3": 0.6098415172526677, "0x0ffcad4963e25dc150774363f4061ebe840c8236": 0.6349356322550819, "0x12bff6ca3cb6cfc950a27b275b795fd84d4dddaf": 0.3499771648345141, "0x1489046ca0f9980fc2d9a950d103d3bec02c1307": 0.9999207868801226, "0x1d379e322ef813587a3e13ad79857c45edc7f4a4": 0.5789328448117546, "0x204f72f35326db932158cba6adff0b9a1da95e14": 0.9999321545977721, "0x24c8cf69a0e0a17eee21f69d29752bfa32e823e1": 0.41678989417912055, "0x2a019dc0089ea8c6edbbafc8a7cc9ba77b4b6397": 0.6863179326421378, "0x2a1410533fe6abeeff9d124a51f023539b64e0fb": 0.9657173296309925, "0x2ae3e6f5c1b211858a4c4e8c7c58303e8fdfbc70": 0.7599538754941543, "0x31646fb225a7743287e760e44923345644513033": 0.6522610855008547, "0x355f3b6a0e5b430a21b5067403c2f4507dbc0df8": 0.7541609185191025, "0x36e7e560c4d4cf32926906d939a18cf91f8a0b6b": 0.9997410997004302, "0x3b334cd6ca37ada031247deb0deaccdc0455a5f8": 0.5289267185454926, "0x3b5d93e768e79c0974ac0f7d210237988120cc80": 0.573454431818292, "0x477a7d28ed844984088129207c0afcb2459e2d8e": 0.5463202388512497, "0x491952b03ecf9ff4c3d0189b7e4f13431584067e": 0.7863503707709663, "0x4a8accbbcb898b0d9218d98ae83d2dd87000e4cd": 0.7555171712003789, "0x4f5b608cbdaac7d946578a58493109ed9a60d411": 0.7693977606835997, "0x53a4f5be7d64abd9c49835374b5686cb86454447": 0.599532557287576, "0x5685bf6758facce7d1221d3cc3ab0fdb836a62e2": 0.9997088556790302, "0x60581f6fd33332a587718d0683b255eb7ba7d286": 0.9778499041742097, "0x682dbb961b8b4c4c99d9d56557d5ad68847e4cd6": 0.43682703673986484, "0x711cf2d57de4c9aa53dd2c0bff3a2bf818688495": 0.5530749465372948, "0x77a4ba69bfd3a388bce7031900a3fabc105fc84f": 0.40190851777952846, "0x847667d84fc4d81db36689c4f4c5845c8d125418": 0.9999103960758674, "0x879eb52a11d5296d62d8d0d78ff2baf12b43c960": 0.499942155409846, "0x8c7b26969470bd87494b5d406c3e84256d102a87": 0.7198026668339405, "0xa2f1fecf1cc7db65a46588f764b6691533052d22": 0.8409763541763048, "0xa4da7cb218c5dcb36666815c6aa043890fa82db1": 0.6613499521469771, "0xa9b44dca52ed35e59ac2a6f49d1203b8155464ed": 0.2698910879551027, "0xbaa2bcb5439e985ce4ccf815b4700027d1b92c73": 0.5884651612233415, "0xbad26fe5458e6219cec3e40272760e275e835296": 0.5282849071016172, "0xbb611d193d53fe25a0d372d98cf24e4dc03558ff": 0.9877478826260201, "0xc93c86f929a23f8f688d12db7ad2ed736ef652f1": 0.8022995816346636, "0xd1ed12197b7dc22dede923727e9b714024dbd7cb": 0.5226740167400677, "0xd25b8718f61fb64a754356ad8cf16b5579f59f3d": 0.5362103493707931, "0xd86d87914387111b47355e87aca7c032dbe5648d": 0.6401100162033347, "0xec0bc5b9d6f9cf4e88706d1e3efe333c6ee669e6": 0.9602604038086393, "0xed322eac0406328b804d160915364b72e3f820d6": 0.8149548339677571, "0xf2f6af4f27ec2dcf4072095ab804016e14cd5817": 0.7225867793120643, "0xf5d92058c977a9c957c6cbfbe3e9a27c83a9be50": 0.8146732990010022}}