{"whale_set": ["0x0ce3ba832b15107d7ca7f05aedc393d3b12c3bc3", "0x24c8cf69a0e0a17eee21f69d29752bfa32e823e1", "0xe598435df0cdf5d22bdd5082d557f75f9180a0a8", "0x31646fb225a7743287e760e44923345644513033", "0x000d257d2dc7616feaef4ae0f14600fdf50a758e", "0xf5d92058c977a9c957c6cbfbe3e9a27c83a9be50", "0x682dbb961b8b4c4c99d9d56557d5ad68847e4cd6", "0x60581f6fd33332a587718d0683b255eb7ba7d286", "0xc8ab97a9089a9ff7e6ef0688e6e591a066946418"], "scores": {"0x000d257d2dc7616feaef4ae0f14600fdf50a758e": 8.3711213967957, "0x0ce3ba832b15107d7ca7f05aedc393d3b12c3bc3": 5.819716885291849, "0x24c8cf69a0e0a17eee21f69d29752bfa32e823e1": 8.387165047675122, "0x31646fb225a7743287e760e44923345644513033": 6.4278771269191965, "0x60581f6fd33332a587718d0683b255eb7ba7d286": 9.183056112719907, "0x682dbb961b8b4c4c99d9d56557d5ad68847e4cd6": 2.098706887574142, "0xc8ab97a9089a9ff7e6ef0688e6e591a066946418": 8.234737384244953, "0xe598435df0cdf5d22bdd5082d557f75f9180a0a8": 6.1257248132862445, "0xf5d92058c977a9c957c6cbfbe3e9a27c83a9be50": 8.518008692233588}, "winrates": {"0x000d257d2dc7616feaef4ae0f14600fdf50a758e": 0.7015661209341205, "0x0ce3ba832b15107d7ca7f05aedc393d3b12c3bc3": 0.6098631638883775, "0x24c8cf69a0e0a17eee21f69d29752bfa32e823e1": 0.4270323828418222, "0x31646fb225a7743287e760e44923345644513033": 0.6522652272755346, "0x60581f6fd33332a587718d0683b255eb7ba7d286": 0.9778598225331925, "0x682dbb961b8b4c4c99d9d56557d5ad68847e4cd6": 0.260739846763301, "0xc8ab97a9089a9ff7e6ef0688e6e591a066946418": 0.9668879823591557, "0xe598435df0cdf5d22bdd5082d557f75f9180a0a8": 0.5154538776353574, "0xf5d92058c977a9c957c6cbfbe3e9a27c83a9be50": 0.8146880844890296}}