{"whale_set": ["0x421bf8e567f99bb544f317f38fe71719dbb6ac12", "0x088ffbbc6f2c0b3839d2832e75f37e1bcecbc9e7", "0x832bbb891caf3a24c7d1915d9f6369c4949b5c91", "0x562fa836dd0c7ecaf666cd02e88652b8acfde46f", "0x3b5d93e768e79c0974ac0f7d210237988120cc80", "0x2ca9149f3b481a56d128c002b1c06591e8e8b942", "0x777fae71d2ff9ec48a1213d48ba1d9d91024a1bb", "0x3d7710f91dbc7efcaaf0a37f305c42a6deacabd5", "0xe40362b6d2c1eb1134da886f4c64f02f08f6e5a4", "0xb10047d6a254b2ebb306d7a7d13bf59171ab6461", "0x963137a0ba0b02ebf6f37710023cc1b0303289a1", "0xb8fe807aa951e35af53fd0fee36abc303864ce76", "0x3f3bfc6d754e416699793901ffb12ddeee9f1d77", "0x3a8651c42ac19aa3e3141531a298abc72f51dea8", "0x93d1974fcfb0885f4a438f67aa74c6d86a28a451", "0x22e4248bdb066f65c9f11cd66cdd3719a28eef1c", "0xf72044fb3f98854411a069d9a682e54e4b824599", "0x8b32f4a2bebb3ef05d5a46a93d0ce27ab76db1fd", "0x89b9612be1bd62a91e202d12cca8888f1b3fa20f", "0x382caa87e714afb16c2c8b9e2fc023d4b6b2a0d7", "0x796301e7bb7bb0891993b4b35ca2bdc10fe35c7b", "0xd5ccdf772f795547e299de57f47966e24de8dea4", "0x7b676d5a6379855773d405fcf19b9aa577651b07", "0xee50a31c3f5a7c77824b12a941a54388a2827ed6", "0x0ce3ba832b15107d7ca7f05aedc393d3b12c3bc3", "0x24c8cf69a0e0a17eee21f69d29752bfa32e823e1", "0x42f28da8182099407250b490ca6c75cdf7d04460", "0x5e9c76f30788f31f6c6867f5f44b1e95a7a7cd75", "0x4a8accbbcb898b0d9218d98ae83d2dd87000e4cd", "0x31646fb225a7743287e760e44923345644513033", "0xb51b3beffd13cde071ed799e70a7b0b598e8b4d9", "0x51a15d76e6b5cd7e0b21fa1f3d1995439a5da78f", "0x9e1c1f91fd5ee35bc63ea015c7633cf30e7ce87a", "0xcf9efbdb300d03a6c462eda8840dcc3ab9b1518e", "0x4b786ddc5c56d0429094bedd15320def5b464d2f", "0x25dcf4635fe93082e0849fbbf81c95680cf5e33b", "0x22b57908ba8b730b1242cce3781407090194bdca", "0x0eee1b21001ca9af6e5ab8a7321fc2ee46dd4c52", "0x6e8f80ca0cddb8d3f207dc5147ac0e6062ae162c", "0xefc16fbfcf59943f3fd43c6bc01bddbda007dfcd", "0x7d0a771ddd2c63255013a1efb5f0e42659b38c6c", "0x682dbb961b8b4c4c99d9d56557d5ad68847e4cd6", "0xd62275e7209b9b613289db905e5229204194defc", "0xcd71fd5370880f3d92bb941e628c05840fe0d127", "0xfbfb0883a151234e76a5a5ea72ffc5f47e9df563", "0x60581f6fd33332a587718d0683b255eb7ba7d286"], "scores": {"0x088ffbbc6f2c0b3839d2832e75f37e1bcecbc9e7": 7.477851566610345, "0x0ce3ba832b15107d7ca7f05aedc393d3b12c3bc3": 5.81948753874879, "0x0eee1b21001ca9af6e5ab8a7321fc2ee46dd4c52": 6.249778363352459, "0x22b57908ba8b730b1242cce3781407090194bdca": 8.463276006146609, "0x22e4248bdb066f65c9f11cd66cdd3719a28eef1c": 8.513297701169254, "0x24c8cf69a0e0a17eee21f69d29752bfa32e823e1": 7.071817187014617, "0x25dcf4635fe93082e0849fbbf81c95680cf5e33b": 6.827197007777616, "0x2ca9149f3b481a56d128c002b1c06591e8e8b942": 8.643379770599877, "0x31646fb225a7743287e760e44923345644513033": 6.997689703544379, "0x382caa87e714afb16c2c8b9e2fc023d4b6b2a0d7": 2.5974743131891227, "0x3a8651c42ac19aa3e3141531a298abc72f51dea8": 7.799034275800624, "0x3b5d93e768e79c0974ac0f7d210237988120cc80": 2.5007140185971926, "0x3d7710f91dbc7efcaaf0a37f305c42a6deacabd5": 8.427554178706004, "0x3f3bfc6d754e416699793901ffb12ddeee9f1d77": 7.00536601012724, "0x421bf8e567f99bb544f317f38fe71719dbb6ac12": 8.474761462288651, "0x42f28da8182099407250b490ca6c75cdf7d04460": 8.786195343749949, "0x4a8accbbcb898b0d9218d98ae83d2dd87000e4cd": 7.5235720130581045, "0x4b786ddc5c56d0429094bedd15320def5b464d2f": 7.925641474063983, "0x51a15d76e6b5cd7e0b21fa1f3d1995439a5da78f": 3.730740511265645, "0x562fa836dd0c7ecaf666cd02e88652b8acfde46f": 8.307604551225, "0x5e9c76f30788f31f6c6867f5f44b1e95a7a7cd75": 8.752758047832152, "0x60581f6fd33332a587718d0683b255eb7ba7d286": 9.183056112719907, "0x682dbb961b8b4c4c99d9d56557d5ad68847e4cd6": 6.294287388917126, "0x6e8f80ca0cddb8d3f207dc5147ac0e6062ae162c": 7.508355930637063, "0x777fae71d2ff9ec48a1213d48ba1d9d91024a1bb": 8.315809191715251, "0x796301e7bb7bb0891993b4b35ca2bdc10fe35c7b": 6.211047329866951, "0x7b676d5a6379855773d405fcf19b9aa577651b07": 8.656452129974593, "0x7d0a771ddd2c63255013a1efb5f0e42659b38c6c": 6.589694215954076, "0x832bbb891caf3a24c7d1915d9f6369c4949b5c91": 6.399466114612454, "0x89b9612be1bd62a91e202d12cca8888f1b3fa20f": 6.703097735287421, "0x8b32f4a2bebb3ef05d5a46a93d0ce27ab76db1fd": 8.412250610829973, "0x93d1974fcfb0885f4a438f67aa74c6d86a28a451": 8.296390214569282, "0x963137a0ba0b02ebf6f37710023cc1b0303289a1": 8.338484564006597, "0x9e1c1f91fd5ee35bc63ea015c7633cf30e7ce87a": 8.411947022330857, "0xb10047d6a254b2ebb306d7a7d13bf59171ab6461": 8.404908835231767, "0xb51b3beffd13cde071ed799e70a7b0b598e8b4d9": 7.97043153253557, "0xb8fe807aa951e35af53fd0fee36abc303864ce76": 6.617071362643773, "0xcd71fd5370880f3d92bb941e628c05840fe0d127": 8.361302992018313, "0xcf9efbdb300d03a6c462eda8840dcc3ab9b1518e": 8.500328877061722, "0xd5ccdf772f795547e299de57f47966e24de8dea4": 8.787471736901633, "0xd62275e7209b9b613289db905e5229204194defc": 6.1567384469622155, "0xe40362b6d2c1eb1134da886f4c64f02f08f6e5a4": 8.298457534440699, "0xee50a31c3f5a7c77824b12a941a54388a2827ed6": 3.3023431932465113, "0xefc16fbfcf59943f3fd43c6bc01bddbda007dfcd": 7.856664233190221, "0xf72044fb3f98854411a069d9a682e54e4b824599": 2.627036375760687, "0xfbfb0883a151234e76a5a5ea72ffc5f47e9df563": 7.863227533332643}, "winrates": {"0x088ffbbc6f2c0b3839d2832e75f37e1bcecbc9e7": 0.5423454885617819, "0x0ce3ba832b15107d7ca7f05aedc393d3b12c3bc3": 0.6098494030957939, "0x0eee1b21001ca9af6e5ab8a7321fc2ee46dd4c52": 0.5090697313429312, "0x22b57908ba8b730b1242cce3781407090194bdca": 0.6589140806385999, "0x22e4248bdb066f65c9f11cd66cdd3719a28eef1c": 0.9303418885652596, "0x24c8cf69a0e0a17eee21f69d29752bfa32e823e1": 0.45905613072923274, "0x25dcf4635fe93082e0849fbbf81c95680cf5e33b": 0.6745991011254472, "0x2ca9149f3b481a56d128c002b1c06591e8e8b942": 0.7807693053275081, "0x31646fb225a7743287e760e44923345644513033": 0.6649018221455357, "0x382caa87e714afb16c2c8b9e2fc023d4b6b2a0d7": 0.8893600284524308, "0x3a8651c42ac19aa3e3141531a298abc72f51dea8": 0.5781542422102791, "0x3b5d93e768e79c0974ac0f7d210237988120cc80": 0.32323652389292323, "0x3d7710f91dbc7efcaaf0a37f305c42a6deacabd5": 0.8035237545902052, "0x3f3bfc6d754e416699793901ffb12ddeee9f1d77": 0.5272415631538052, "0x421bf8e567f99bb544f317f38fe71719dbb6ac12": 0.9065956076164949, "0x42f28da8182099407250b490ca6c75cdf7d04460": 0.9671024004014142, "0x4a8accbbcb898b0d9218d98ae83d2dd87000e4cd": 0.6708714286095181, "0x4b786ddc5c56d0429094bedd15320def5b464d2f": 0.5657390998157787, "0x51a15d76e6b5cd7e0b21fa1f3d1995439a5da78f": 0.9997446003493079, "0x562fa836dd0c7ecaf666cd02e88652b8acfde46f": 0.55479240053449, "0x5e9c76f30788f31f6c6867f5f44b1e95a7a7cd75": 0.9695616731617401, "0x60581f6fd33332a587718d0683b255eb7ba7d286": 0.9777842262523476, "0x682dbb961b8b4c4c99d9d56557d5ad68847e4cd6": 0.6091144008628276, "0x6e8f80ca0cddb8d3f207dc5147ac0e6062ae162c": 0.746596174079634, "0x777fae71d2ff9ec48a1213d48ba1d9d91024a1bb": 0.27765712660505526, "0x796301e7bb7bb0891993b4b35ca2bdc10fe35c7b": 0.5874755701932978, "0x7b676d5a6379855773d405fcf19b9aa577651b07": 0.8956059613372176, "0x7d0a771ddd2c63255013a1efb5f0e42659b38c6c": 0.5206046669528344, "0x832bbb891caf3a24c7d1915d9f6369c4949b5c91": 0.7989438276017429, "0x89b9612be1bd62a91e202d12cca8888f1b3fa20f": 0.5083704056397673, "0x8b32f4a2bebb3ef05d5a46a93d0ce27ab76db1fd": 0.4972569748219698, "0x93d1974fcfb0885f4a438f67aa74c6d86a28a451": 0.999691634556798, "0x963137a0ba0b02ebf6f37710023cc1b0303289a1": 0.602104648708516, "0x9e1c1f91fd5ee35bc63ea015c7633cf30e7ce87a": 0.6761886402631149, "0xb10047d6a254b2ebb306d7a7d13bf59171ab6461": 0.5701717893150836, "0xb51b3beffd13cde071ed799e70a7b0b598e8b4d9": 0.8914076714039707, "0xb8fe807aa951e35af53fd0fee36abc303864ce76": 0.5078188131540098, "0xcd71fd5370880f3d92bb941e628c05840fe0d127": 0.7219509112364011, "0xcf9efbdb300d03a6c462eda8840dcc3ab9b1518e": 0.9998680877374333, "0xd5ccdf772f795547e299de57f47966e24de8dea4": 0.7979522726426393, "0xd62275e7209b9b613289db905e5229204194defc": 0.5259497524262889, "0xe40362b6d2c1eb1134da886f4c64f02f08f6e5a4": 0.9456531503776059, "0xee50a31c3f5a7c77824b12a941a54388a2827ed6": 0.8611642031721396,