{"whale_set": ["0xbb611d193d53fe25a0d372d98cf24e4dc03558ff", "0xa2f1fecf1cc7db65a46588f764b6691533052d22", "0x3b5d93e768e79c0974ac0f7d210237988120cc80", "0x847667d84fc4d81db36689c4f4c5845c8d125418", "0xbaa2bcb5439e985ce4ccf815b4700027d1b92c73", "0x5685bf6758facce7d1221d3cc3ab0fdb836a62e2", "0xc93c86f929a23f8f688d12db7ad2ed736ef652f1", "0x2a1410533fe6abeeff9d124a51f023539b64e0fb", "0x1489046ca0f9980fc2d9a950d103d3bec02c1307", "0x77a4ba69bfd3a388bce7031900a3fabc105fc84f", "0xec0bc5b9d6f9cf4e88706d1e3efe333c6ee669e6", "0xd86d87914387111b47355e87aca7c032dbe5648d", "0xed322eac0406328b804d160915364b72e3f820d6", "0x000d257d2dc7616feaef4ae0f14600fdf50a758e", "0xf2f6af4f27ec2dcf4072095ab804016e14cd5817", "0xd25b8718f61fb64a754356ad8cf16b5579f59f3d", "0xe0718185ae103323d86b4eb687cb439b8d10f836", "0x05ab749a8554fb7c852238c271d384bae6798145", "0x0ce3ba832b15107d7ca7f05aedc393d3b12c3bc3", "0x12bff6ca3cb6cfc950a27b275b795fd84d4dddaf", "0x24c8cf69a0e0a17eee21f69d29752bfa32e823e1", "0x2ae3e6f5c1b211858a4c4e8c7c58303e8fdfbc70", "0x879eb52a11d5296d62d8d0d78ff2baf12b43c960", "0x3b334cd6ca37ada031247deb0deaccdc0455a5f8", "0x8c7b26969470bd87494b5d406c3e84256d102a87", "0x31646fb225a7743287e760e44923345644513033", "0xd1ed12197b7dc22dede923727e9b714024dbd7cb", "0x204f72f35326db932158cba6adff0b9a1da95e14", "0x355f3b6a0e5b430a21b5067403c2f4507dbc0df8", "0x2a019dc0089ea8c6edbbafc8a7cc9ba77b4b6397", "0x0ffcad4963e25dc150774363f4061ebe840c8236", "0x477a7d28ed844984088129207c0afcb2459e2d8e", "0xa4da7cb218c5dcb36666815c6aa043890fa82db1", "0x36e7e560c4d4cf32926906d939a18cf91f8a0b6b", "0xa9b44dca52ed35e59ac2a6f49d1203b8155464ed", "0xbad26fe5458e6219cec3e40272760e275e835296", "0xf5d92058c977a9c957c6cbfbe3e9a27c83a9be50", "0x1d379e322ef813587a3e13ad79857c45edc7f4a4", "0x711cf2d57de4c9aa53dd2c0bff3a2bf818688495", "0x682dbb961b8b4c4c99d9d56557d5ad68847e4cd6", "0x60581f6fd33332a587718d0683b255eb7ba7d286", "0xc8ab97a9089a9ff7e6ef0688e6e591a066946418"], "scores": {"0x000d257d2dc7616feaef4ae0f14600fdf50a758e": 8.3711213967957, "0x05ab749a8554fb7c852238c271d384bae6798145": 2.2876020332539193, "0x0ce3ba832b15107d7ca7f05aedc393d3b12c3bc3": 5.819492726096357, "0x0ffcad4963e25dc150774363f4061ebe840c8236": 7.893468503477739, "0x12bff6ca3cb6cfc950a27b275b795fd84d4dddaf": 2.56956325715347, "0x1489046ca0f9980fc2d9a950d103d3bec02c1307": 3.0578648984098185, "0x1d379e322ef813587a3e13ad79857c45edc7f4a4": 3.0682639277172847, "0x204f72f35326db932158cba6adff0b9a1da95e14": 7.0961160470499856, "0x24c8cf69a0e0a17eee21f69d29752bfa32e823e1": 8.387165047675122, "0x2a019dc0089ea8c6edbbafc8a7cc9ba77b4b6397": 8.314002757545204, "0x2a1410533fe6abeeff9d124a51f023539b64e0fb": 5.694937398943443, "0x2ae3e6f5c1b211858a4c4e8c7c58303e8fdfbc70": 6.3390634239310355, "0x31646fb225a7743287e760e44923345644513033": 6.4278345909699475, "0x355f3b6a0e5b430a21b5067403c2f4507dbc0df8": 4.2502375848201845, "0x36e7e560c4d4cf32926906d939a18cf91f8a0b6b": 8.220356552342585, "0x3b334cd6ca37ada031247deb0deaccdc0455a5f8": 2.4288767256523016, "0x3b5d93e768e79c0974ac0f7d210237988120cc80": 2.7460258487541784, "0x477a7d28ed844984088129207c0afcb2459e2d8e": 8.402696877774611, "0x5685bf6758facce7d1221d3cc3ab0fdb836a62e2": 8.616276901030293, "0x60581f6fd33332a587718d0683b255eb7ba7d286": 9.183056112719907, "0x682dbb961b8b4c4c99d9d56557d5ad68847e4cd6": 7.420063189263106, "0x711cf2d57de4c9aa53dd2c0bff3a2bf818688495": 8.255639497576832, "0x77a4ba69bfd3a388bce7031900a3fabc105fc84f": 2.6483385771806662, "0x847667d84fc4d81db36689c4f4c5845c8d125418": 8.343416650852888, "0x879eb52a11d5296d62d8d0d78ff2baf12b43c960": 6.033068917975935, "0x8c7b26969470bd87494b5d406c3e84256d102a87": 3.9208309164358197, "0xa2f1fecf1cc7db65a46588f764b6691533052d22": 7.98988576245244, "0xa4da7cb218c5dcb36666815c6aa043890fa82db1": 7.08216720533805, "0xa9b44dca52ed35e59ac2a6f49d1203b8155464ed": 5.969295901843417, "0xbaa2bcb5439e985ce4ccf815b4700027d1b92c73": 7.257447204954282, "0xbad26fe5458e6219cec3e40272760e275e835296": 7.557806086575034, "0xbb611d193d53fe25a0d372d98cf24e4dc03558ff": 3.171562006163371, "0xc8ab97a9089a9ff7e6ef0688e6e591a066946418": 8.464446571469981, "0xc93c86f929a23f8f688d12db7ad2ed736ef652f1": 4.58125155267632, "0xd1ed12197b7dc22dede923727e9b714024dbd7cb": 6.208220837245023, "0xd25b8718f61fb64a754356ad8cf16b5579f59f3d": 8.198183595982657, "0xd86d87914387111b47355e87aca7c032dbe5648d": 3.6150335896105656, "0xe0718185ae103323d86b4eb687cb439b8d10f836": 6.145065150374232, "0xec0bc5b9d6f9cf4e88706d1e3efe333c6ee669e6": 8.71815099944594, "0xed322eac0406328b804d160915364b72e3f820d6": 8.338331824680342, "0xf2f6af4f27ec2dcf4072095ab804016e14cd5817": 8.44248692140303, "0xf5d92058c977a9c957c6cbfbe3e9a27c83a9be50": 8.518008692233588}, "winrates": {"0x000d257d2dc7616feaef4ae0f14600fdf50a758e": 0.7015635853271996, "0x05ab749a8554fb7c852238c271d384bae6798145": 0.47818622862722737, "0x0ce3ba832b15107d7ca7f05aedc393d3b12c3bc3": 0.6098497143366479, "0x0ffcad4963e25dc150774363f4061ebe840c8236": 0.6349449955032895, "0x12bff6ca3cb6cfc950a27b275b795fd84d4dddaf": 0.350039527817433, "0x1489046ca0f9980fc2d9a950d103d3bec02c1307": 0.9999249453191653, "0x1d379e322ef813587a3e13ad79857c45edc7f4a4": 0.5790364142311742, "0x204f72f35326db932158cba6adff0b9a1da95e14": 0.9999357161423207, "0x24c8cf69a0e0a17eee21f69d29752bfa32e823e1": 0.4270299149072, "0x2a019dc0089ea8c6edbbafc8a7cc9ba77b4b6397": 0.8075126786110383, "0x2a1410533fe6abeeff9d124a51f023539b64e0fb": 0.9657191697709001, "0x2ae3e6f5c1b211858a4c4e8c7c58303e8fdfbc70": 0.759962662511692, "0x31646fb225a7743287e760e44923345644513033": 0.6522626751185796, "0x355f3b6a0e5b430a21b5067403c2f4507dbc0df8": 0.7541766021914101, "0x36e7e560c4d4cf32926906d939a18cf91f8a0b6b": 0.9997546986990989, "0x3b334cd6ca37ada031247deb0deaccdc0455a5f8": 0.529060310173993, "0x3b5d93e768e79c0974ac0f7d210237988120cc80": 0.5734575001906617, "0x477a7d28ed844984088129207c0afcb2459e2d8e": 0.5463273746489798, "0x5685bf6758facce7d1221d3cc3ab0fdb836a62e2": 0.9997241498506902, "0x60581f6fd33332a587718d0683b255eb7ba7d286": 0.9778547879102714, "0x682dbb961b8b4c4c99d9d56557d5ad68847e4cd6": 0.4262052959218291, "0x711cf2d57de4c9aa53dd2c0bff3a2bf818688495": 0.5530868128496437, "0x77a4ba69bfd3a388bce7031900a3fabc105fc84f": 0.40195106968060823, "0x847667d84fc4d81db36689c4f4c5845c8d125418": 0.9999151001504644, "0x879eb52a11d5296d62d8d0d78ff2baf12b43c960": 0.49996307422600605, "0x8c7b26969470bd87494b5d406c3e84256d102a87": 0.7198272149868055, "0xa2f1fecf1cc7db65a46588f764b6691533052d22": 0.8409892264640029, "0xa4da7cb218c5dcb36666815c6aa043890fa82db1": 0.6613727526602837, "0xa9b44dca52ed35e59ac2a6f49d1203b8155464ed": 0.2698942576374352, "0xbaa2bcb5439e985ce4ccf815b4700027d1b92c73": 0.574609198797777, "0xbad26fe5458e6219cec3e40272760e275e835296": 0.5957816724659362, "0xbb611d193d53fe25a0d372d98cf24e4dc03558ff": 0.9998763202864239, "0xc8ab97a9089a9ff7e6ef0688e6e591a066946418": 0.6274988887487543, "0xc93c86f929a23f8f688d12db7ad2ed736ef652f1": 0.8481222856121825, "0xd1ed12197b7dc22dede923727e9b714024dbd7cb": 0.5227489387618438, "0xd25b8718f61fb64a754356ad8cf16b5579f59f3d": 0.5362754312220063, "0xd86d87914387111b47355e87aca7c032dbe5648d": 0.6401195327935719, "0xe0718185ae103323d86b4eb687cb439b8d10f836": 0.6049333738856427, "0xec0bc5b9d6f9cf4e88706d1e3efe333c6ee669e6": 0.9602616664623401, "0xed322eac0406328b804d160915364b72e3f820d6": 0.8149624630327159, "0xf2f6af4f27ec2dcf4072095ab804016e14cd5817": 0.7225922443170801, "0xf5d92058c977a9c957c6cbfbe3e9a27c83a9be50": 0.8146794239990565}}