{"whale_set": ["0xe598435df0cdf5d22bdd5082d557f75f9180a0a8", "0xa2f1fecf1cc7db65a46588f764b6691533052d22", "0x847667d84fc4d81db36689c4f4c5845c8d125418", "0x60581f6fd33332a587718d0683b255eb7ba7d286", "0x5685bf6758facce7d1221d3cc3ab0fdb836a62e2", "0xbaa2bcb5439e985ce4ccf815b4700027d1b92c73", "0xc93c86f929a23f8f688d12db7ad2ed736ef652f1", "0x2a1410533fe6abeeff9d124a51f023539b64e0fb", "0x1489046ca0f9980fc2d9a950d103d3bec02c1307", "0xec0bc5b9d6f9cf4e88706d1e3efe333c6ee669e6", "0xd86d87914387111b47355e87aca7c032dbe5648d", "0xed322eac0406328b804d160915364b72e3f820d6", "0x000d257d2dc7616feaef4ae0f14600fdf50a758e", "0xf2f6af4f27ec2dcf4072095ab804016e14cd5817", "0xd25b8718f61fb64a754356ad8cf16b5579f59f3d", "0xe0718185ae103323d86b4eb687cb439b8d10f836", "0x12bff6ca3cb6cfc950a27b275b795fd84d4dddaf", "0x0ce3ba832b15107d7ca7f05aedc393d3b12c3bc3", "0x24c8cf69a0e0a17eee21f69d29752bfa32e823e1", "0x2ae3e6f5c1b211858a4c4e8c7c58303e8fdfbc70", "0x879eb52a11d5296d62d8d0d78ff2baf12b43c960", "0x3b334cd6ca37ada031247deb0deaccdc0455a5f8", "0x31646fb225a7743287e760e44923345644513033", "0xd1ed12197b7dc22dede923727e9b714024dbd7cb", "0x355f3b6a0e5b430a21b5067403c2f4507dbc0df8", "0x2a019dc0089ea8c6edbbafc8a7cc9ba77b4b6397", "0x0ffcad4963e25dc150774363f4061ebe840c8236", "0x477a7d28ed844984088129207c0afcb2459e2d8e", "0xa4da7cb218c5dcb36666815c6aa043890fa82db1", "0x36e7e560c4d4cf32926906d939a18cf91f8a0b6b", "0xa9b44dca52ed35e59ac2a6f49d1203b8155464ed", "0xbad26fe5458e6219cec3e40272760e275e835296", "0xf5d92058c977a9c957c6cbfbe3e9a27c83a9be50", "0x1d379e322ef813587a3e13ad79857c45edc7f4a4", "0x711cf2d57de4c9aa53dd2c0bff3a2bf818688495", "0x682dbb961b8b4c4c99d9d56557d5ad68847e4cd6", "0xc8ab97a9089a9ff7e6ef0688e6e591a066946418"], "scores": {"0x000d257d2dc7616feaef4ae0f14600fdf50a758e": 8.3711213967957, "0x0ce3ba832b15107d7ca7f05aedc393d3b12c3bc3": 5.819516345358871, "0x0ffcad4963e25dc150774363f4061ebe840c8236": 7.893499031242736, "0x12bff6ca3cb6cfc950a27b275b795fd84d4dddaf": 2.5695711641914807, "0x1489046ca0f9980fc2d9a950d103d3bec02c1307": 3.057930544227748, "0x1d379e322ef813587a3e13ad79857c45edc7f4a4": 3.068517848353654, "0x24c8cf69a0e0a17eee21f69d29752bfa32e823e1": 8.387165047675122, "0x2a019dc0089ea8c6edbbafc8a7cc9ba77b4b6397": 8.320802070609863, "0x2a1410533fe6abeeff9d124a51f023539b64e0fb": 5.694962190510275, "0x2ae3e6f5c1b211858a4c4e8c7c58303e8fdfbc70": 6.339113218697724, "0x31646fb225a7743287e760e44923345644513033": 6.427840216426317, "0x355f3b6a0e5b430a21b5067403c2f4507dbc0df8": 4.33825595487135, "0x36e7e560c4d4cf32926906d939a18cf91f8a0b6b": 8.220356552342585, "0x3b334cd6ca37ada031247deb0deaccdc0455a5f8": 2.4291208553077928, "0x477a7d28ed844984088129207c0afcb2459e2d8e": 8.402696877774611, "0x5685bf6758facce7d1221d3cc3ab0fdb836a62e2": 8.616276901030293, "0x60581f6fd33332a587718d0683b255eb7ba7d286": 9.183056112719907, "0x682dbb961b8b4c4c99d9d56557d5ad68847e4cd6": 2.0976368533331025, "0x711cf2d57de4c9aa53dd2c0bff3a2bf818688495": 8.255639497576832, "0x847667d84fc4d81db36689c4f4c5845c8d125418": 8.343416650852888, "0x879eb52a11d5296d62d8d0d78ff2baf12b43c960": 6.033100291051597, "0xa2f1fecf1cc7db65a46588f764b6691533052d22": 7.989987671610711, "0xa4da7cb218c5dcb36666815c6aa043890fa82db1": 7.082251368828531, "0xa9b44dca52ed35e59ac2a6f49d1203b8155464ed": 5.9692944936954415, "0xbaa2bcb5439e985ce4ccf815b4700027d1b92c73": 7.257454693474391, "0xbad26fe5458e6219cec3e40272760e275e835296": 7.55785601980957, "0xc8ab97a9089a9ff7e6ef0688e6e591a066946418": 8.234737384244953, "0xc93c86f929a23f8f688d12db7ad2ed736ef652f1": 4.581353669845396, "0xd1ed12197b7dc22dede923727e9b714024dbd7cb": 6.208352275809192, "0xd25b8718f61fb64a754356ad8cf16b5579f59f3d": 8.198183595982657, "0xd86d87914387111b47355e87aca7c032dbe5648d": 3.6150653947364044, "0xe0718185ae103323d86b4eb687cb439b8d10f836": 5.90457577079879, "0xe598435df0cdf5d22bdd5082d557f75f9180a0a8": 6.125633670355644, "0xec0bc5b9d6f9cf4e88706d1e3efe333c6ee669e6": 8.71815099944594, "0xed322eac0406328b804d160915364b72e3f820d6": 8.338331824680342, "0xf2f6af4f27ec2dcf4072095ab804016e14cd5817": 8.43965468634093, "0xf5d92058c977a9c957c6cbfbe3e9a27c83a9be50": 8.518008692233588}, "winrates": {"0x000d257d2dc7616feaef4ae0f14600fdf50a758e": 0.7015640167611682, "0x0ce3ba832b15107d7ca7f05aedc393d3b12c3bc3": 0.6098511314923988, "0x0ffcad4963e25dc150774363f4061ebe840c8236": 0.6349468271691894, "0x12bff6ca3cb6cfc950a27b275b795fd84d4dddaf": 0.3500400022397136, "0x1489046ca0f9980fc2d9a950d103d3bec02c1307": 0.9999288840682411, "0x1d379e322ef813587a3e13ad79857c45edc7f4a4": 0.5790516494693564, "0x24c8cf69a0e0a17eee21f69d29752bfa32e823e1": 0.42702998019692195, "0x2a019dc0089ea8c6edbbafc8a7cc9ba77b4b6397": 0.8165971114514675, "0x2a1410533fe6abeeff9d124a51f023539b64e0fb": 0.9657206572649101, "0x2ae3e6f5c1b211858a4c4e8c7c58303e8fdfbc70": 0.7599656501976931, "0x31646fb225a7743287e760e44923345644513033": 0.6522630126459618, "0x355f3b6a0e5b430a21b5067403c2f4507dbc0df8": 0.7667328059660924, "0x36e7e560c4d4cf32926906d939a18cf91f8a0b6b": 0.9997675686020392, "0x3b334cd6ca37ada031247deb0deaccdc0455a5f8": 0.5290749579533224, "0x477a7d28ed844984088129207c0afcb2459e2d8e": 0.5463282455062878, "0x5685bf6758facce7d1221d3cc3ab0fdb836a62e2": 0.9997386218915334, "0x60581f6fd33332a587718d0683b255eb7ba7d286": 0.9778589600658606, "0x682dbb961b8b4c4c99d9d56557d5ad68847e4cd6": 0.2606756447088386, "0x711cf2d57de4c9aa53dd2c0bff3a2bf818688495": 0.553088320380966, "0x847667d84fc4d81db36689c4f4c5845c8d125418": 0.9999195554958269, "0x879eb52a11d5296d62d8d0d78ff2baf12b43c960": 0.4999649566105457, "0xa2f1fecf1cc7db65a46588f764b6691533052d22": 0.8409953410134992, "0xa4da7cb218c5dcb36666815c6aa043890fa82db1": 0.6613778024697127, "0xa9b44dca52ed35e59ac2a6f49d1203b8155464ed": 0.2698941731485566, "0xbaa2bcb5439e985ce4ccf815b4700027d1b92c73": 0.5746096481089836, "0xbad26fe5458e6219cec3e40272760e275e835296": 0.5957846684600083, "0xc8ab97a9089a9ff7e6ef0688e6e591a066946418": 0.9668817064744475, "0xc93c86f929a23f8f688d12db7ad2ed736ef652f1": 0.848128412642327, "0xd1ed12197b7dc22dede923727e9b714024dbd7cb": 0.522756825075694, "0xd25b8718f61fb64a754356ad8cf16b5579f59f3d": 0.5362828999217909, "0xd86d87914387111b47355e87aca7c032dbe5648d": 0.6401214411011223, "0xe0718185ae103323d86b4eb687cb439b8d10f836": 0.5989842015114669, "0xe598435df0cdf5d22bdd5082d557f75f9180a0a8": 0.5154484090595214, "0xec0bc5b9d6f9cf4e88706d1e3efe333c6ee669e6": 0.9602626623801296, "0xed322eac0406328b804d160915364b72e3f820d6": 0.8149657191201669, "0xf2f6af4f27ec2dcf4072095ab804016e14cd5817": 0.7220001377461598, "0xf5d92058c977a9c957c6cbfbe3e9a27c83a9be50": 0.8146820351147718}}