{"whale_set": ["0xb8fe807aa951e35af53fd0fee36abc303864ce76", "0xee50a31c3f5a7c77824b12a941a54388a2827ed6", "0x0ce3ba832b15107d7ca7f05aedc393d3b12c3bc3", "0x24c8cf69a0e0a17eee21f69d29752bfa32e823e1", "0xd25b8718f61fb64a754356ad8cf16b5579f59f3d", "0xab19716584931d81cd9e7763402673a64baa4876", "0x3b5d93e768e79c0974ac0f7d210237988120cc80", "0x31646fb225a7743287e760e44923345644513033", "0x60581f6fd33332a587718d0683b255eb7ba7d286", "0x000d257d2dc7616feaef4ae0f14600fdf50a758e", "0xf5d92058c977a9c957c6cbfbe3e9a27c83a9be50", "0x662ce90c51d613a2975a536272e477ab7c38bfe7", "0x682dbb961b8b4c4c99d9d56557d5ad68847e4cd6", "0xc851cd9bee7d262afd78674f861f9f576a12cd2a", "0x4b786ddc5c56d0429094bedd15320def5b464d2f", "0xc8ab97a9089a9ff7e6ef0688e6e591a066946418"], "scores": {"0x000d257d2dc7616feaef4ae0f14600fdf50a758e": 8.352700803542108, "0x0ce3ba832b15107d7ca7f05aedc393d3b12c3bc3": 5.81967723294868, "0x24c8cf69a0e0a17eee21f69d29752bfa32e823e1": 7.691083937276479, "0x31646fb225a7743287e760e44923345644513033": 6.427865778028962, "0x3b5d93e768e79c0974ac0f7d210237988120cc80": 2.746101709160188, "0x4b786ddc5c56d0429094bedd15320def5b464d2f": 8.092034134948591, "0x60581f6fd33332a587718d0683b255eb7ba7d286": 9.183056112719907, "0x662ce90c51d613a2975a536272e477ab7c38bfe7": 8.560200201540436, "0x682dbb961b8b4c4c99d9d56557d5ad68847e4cd6": 7.710846342576186, "0xab19716584931d81cd9e7763402673a64baa4876": 5.922470594729581, "0xb8fe807aa951e35af53fd0fee36abc303864ce76": 8.189457035109415, "0xc851cd9bee7d262afd78674f861f9f576a12cd2a": 8.23691933755141, "0xc8ab97a9089a9ff7e6ef0688e6e591a066946418": 6.107183465869695, "0xd25b8718f61fb64a754356ad8cf16b5579f59f3d": 8.198183595982657, "0xee50a31c3f5a7c77824b12a941a54388a2827ed6": 3.302464167531658, "0xf5d92058c977a9c957c6cbfbe3e9a27c83a9be50": 8.518008692233588}, "winrates": {"0x000d257d2dc7616feaef4ae0f14600fdf50a758e": 0.7248102130489524, "0x0ce3ba832b15107d7ca7f05aedc393d3b12c3bc3": 0.6098607847477874, "0x24c8cf69a0e0a17eee21f69d29752bfa32e823e1": 0.3911199010814944, "0x31646fb225a7743287e760e44923345644513033": 0.6522645463421205, "0x3b5d93e768e79c0974ac0f7d210237988120cc80": 0.5734620518150222, "0x4b786ddc5c56d0429094bedd15320def5b464d2f": 0.5707431524066192, "0x60581f6fd33332a587718d0683b255eb7ba7d286": 0.977846752131867, "0x662ce90c51d613a2975a536272e477ab7c38bfe7": 0.6790009264973056, "0x682dbb961b8b4c4c99d9d56557d5ad68847e4cd6": 0.5366996108037133, "0xab19716584931d81cd9e7763402673a64baa4876": 0.8542357078167282, "0xb8fe807aa951e35af53fd0fee36abc303864ce76": 0.5260241573901779, "0xc851cd9bee7d262afd78674f861f9f576a12cd2a": 0.7045090251870473, "0xc8ab97a9089a9ff7e6ef0688e6e591a066946418": 0.7004390060164509, "0xd25b8718f61fb64a754356ad8cf16b5579f59f3d": 0.5363799194540951, "0xee50a31c3f5a7c77824b12a941a54388a2827ed6": 0.8611714616292485, "0xf5d92058c977a9c957c6cbfbe3e9a27c83a9be50": 0.8146808714393848}}