{"whale_set": ["0xbb611d193d53fe25a0d372d98cf24e4dc03558ff", "0xa2f1fecf1cc7db65a46588f764b6691533052d22", "0x3b5d93e768e79c0974ac0f7d210237988120cc80", "0x847667d84fc4d81db36689c4f4c5845c8d125418", "0xbaa2bcb5439e985ce4ccf815b4700027d1b92c73", "0x5685bf6758facce7d1221d3cc3ab0fdb836a62e2", "0xc93c86f929a23f8f688d12db7ad2ed736ef652f1", "0x2a1410533fe6abeeff9d124a51f023539b64e0fb", "0x1489046ca0f9980fc2d9a950d103d3bec02c1307", "0x77a4ba69bfd3a388bce7031900a3fabc105fc84f", "0xec0bc5b9d6f9cf4e88706d1e3efe333c6ee669e6", "0xd86d87914387111b47355e87aca7c032dbe5648d", "0xed322eac0406328b804d160915364b72e3f820d6", "0x000d257d2dc7616feaef4ae0f14600fdf50a758e", "0xf2f6af4f27ec2dcf4072095ab804016e14cd5817", "0xd25b8718f61fb64a754356ad8cf16b5579f59f3d", "0xe0718185ae103323d86b4eb687cb439b8d10f836", "0x05ab749a8554fb7c852238c271d384bae6798145", "0x0ce3ba832b15107d7ca7f05aedc393d3b12c3bc3", "0x12bff6ca3cb6cfc950a27b275b795fd84d4dddaf", "0x24c8cf69a0e0a17eee21f69d29752bfa32e823e1", "0x2ae3e6f5c1b211858a4c4e8c7c58303e8fdfbc70", "0x879eb52a11d5296d62d8d0d78ff2baf12b43c960", "0x3b334cd6ca37ada031247deb0deaccdc0455a5f8", "0x8c7b26969470bd87494b5d406c3e84256d102a87", "0x31646fb225a7743287e760e44923345644513033", "0xd1ed12197b7dc22dede923727e9b714024dbd7cb", "0x204f72f35326db932158cba6adff0b9a1da95e14", "0x355f3b6a0e5b430a21b5067403c2f4507dbc0df8", "0x2a019dc0089ea8c6edbbafc8a7cc9ba77b4b6397", "0x0ffcad4963e25dc150774363f4061ebe840c8236", "0x477a7d28ed844984088129207c0afcb2459e2d8e", "0xa4da7cb218c5dcb36666815c6aa043890fa82db1", "0x36e7e560c4d4cf32926906d939a18cf91f8a0b6b", "0xa9b44dca52ed35e59ac2a6f49d1203b8155464ed", "0xbad26fe5458e6219cec3e40272760e275e835296", "0xf5d92058c977a9c957c6cbfbe3e9a27c83a9be50", "0x1d379e322ef813587a3e13ad79857c45edc7f4a4", "0x711cf2d57de4c9aa53dd2c0bff3a2bf818688495", "0x682dbb961b8b4c4c99d9d56557d5ad68847e4cd6", "0x60581f6fd33332a587718d0683b255eb7ba7d286", "0xc8ab97a9089a9ff7e6ef0688e6e591a066946418"], "scores": {"0x000d257d2dc7616feaef4ae0f14600fdf50a758e": 8.363740724584625, "0x05ab749a8554fb7c852238c271d384bae6798145": 2.290032235200547, "0x0ce3ba832b15107d7ca7f05aedc393d3b12c3bc3": 5.817002192888317, "0x0ffcad4963e25dc150774363f4061ebe840c8236": 8.067414128859836, "0x12bff6ca3cb6cfc950a27b275b795fd84d4dddaf": 2.9028503650533786, "0x1489046ca0f9980fc2d9a950d103d3bec02c1307": 3.053065859878984, "0x1d379e322ef813587a3e13ad79857c45edc7f4a4": 3.533137491285034, "0x204f72f35326db932158cba6adff0b9a1da95e14": 7.096435138890573, "0x24c8cf69a0e0a17eee21f69d29752bfa32e823e1": 8.431110420390775, "0x2a019dc0089ea8c6edbbafc8a7cc9ba77b4b6397": 8.307990486127691, "0x2a1410533fe6abeeff9d124a51f023539b64e0fb": 5.6951069249536825, "0x2ae3e6f5c1b211858a4c4e8c7c58303e8fdfbc70": 6.265698211535407, "0x31646fb225a7743287e760e44923345644513033": 6.319117336119344, "0x355f3b6a0e5b430a21b5067403c2f4507dbc0df8": 4.812565394858925, "0x36e7e560c4d4cf32926906d939a18cf91f8a0b6b": 8.203899904062968, "0x3b334cd6ca37ada031247deb0deaccdc0455a5f8": 2.3644853465748774, "0x3b5d93e768e79c0974ac0f7d210237988120cc80": 2.5634693559859643, "0x477a7d28ed844984088129207c0afcb2459e2d8e": 8.401548046167722, "0x5685bf6758facce7d1221d3cc3ab0fdb836a62e2": 8.61342212332186, "0x60581f6fd33332a587718d0683b255eb7ba7d286": 9.18553712881306, "0x682dbb961b8b4c4c99d9d56557d5ad68847e4cd6": 7.432414844140433, "0x711cf2d57de4c9aa53dd2c0bff3a2bf818688495": 8.2301749415388, "0x77a4ba69bfd3a388bce7031900a3fabc105fc84f": 2.6515253243244654, "0x847667d84fc4d81db36689c4f4c5845c8d125418": 8.312598114818353, "0x879eb52a11d5296d62d8d0d78ff2baf12b43c960": 6.028576370422718, "0x8c7b26969470bd87494b5d406c3e84256d102a87": 3.921168943128912, "0xa2f1fecf1cc7db65a46588f764b6691533052d22": 8.086748455274215, "0xa4da7cb218c5dcb36666815c6aa043890fa82db1": 7.166611962724245, "0xa9b44dca52ed35e59ac2a6f49d1203b8155464ed": 5.987267790267386, "0xbaa2bcb5439e985ce4ccf815b4700027d1b92c73": 7.025579257429533, "0xbad26fe5458e6219cec3e40272760e275e835296": 7.43732947188677, "0xbb611d193d53fe25a0d372d98cf24e4dc03558ff": 3.3272204047751655, "0xc8ab97a9089a9ff7e6ef0688e6e591a066946418": 8.457832207524703, "0xc93c86f929a23f8f688d12db7ad2ed736ef652f1": 4.93614611918728, "0xd1ed12197b7dc22dede923727e9b714024dbd7cb": 6.284829405134857, "0xd25b8718f61fb64a754356ad8cf16b5579f59f3d": 8.221106664497974, "0xd86d87914387111b47355e87aca7c032dbe5648d": 3.669811411293, "0xe0718185ae103323d86b4eb687cb439b8d10f836": 6.0758207891532905, "0xec0bc5b9d6f9cf4e88706d1e3efe333c6ee669e6": 8.72132222657391, "0xed322eac0406328b804d160915364b72e3f820d6": 8.360291151006953, "0xf2f6af4f27ec2dcf4072095ab804016e14cd5817": 8.453756916582375, "0xf5d92058c977a9c957c6cbfbe3e9a27c83a9be50": 8.518018370363507}, "winrates": {"0x000d257d2dc7616feaef4ae0f14600fdf50a758e": 0.6970117938379528, "0x05ab749a8554fb7c852238c271d384bae6798145": 0.47855022352066545, "0x0ce3ba832b15107d7ca7f05aedc393d3b12c3bc3": 0.6102404948041912, "0x0ffcad4963e25dc150774363f4061ebe840c8236": 0.633448423795051, "0x12bff6ca3cb6cfc950a27b275b795fd84d4dddaf": 0.37272157457965943, "0x1489046ca0f9980fc2d9a950d103d3bec02c1307": 0.9999420033227081, "0x1d379e322ef813587a3e13ad79857c45edc7f4a4": 0.606282308660062, "0x204f72f35326db932158cba6adff0b9a1da95e14": 0.9999380007384329, "0x24c8cf69a0e0a17eee21f69d29752bfa32e823e1": 0.45412277358467024, "0x2a019dc0089ea8c6edbbafc8a7cc9ba77b4b6397": 0.7981556414482976, "0x2a1410533fe6abeeff9d124a51f023539b64e0fb": 0.9659807536696595, "0x2ae3e6f5c1b211858a4c4e8c7c58303e8fdfbc70": 0.7560303852166083, "0x31646fb225a7743287e760e44923345644513033": 0.6457229004050941, "0x355f3b6a0e5b430a21b5067403c2f4507dbc0df8": 0.7641028490702556, "0x36e7e560c4d4cf32926906d939a18cf91f8a0b6b": 0.999803723643738, "0x3b334cd6ca37ada031247deb0deaccdc0455a5f8": 0.5260177514633286, "0x3b5d93e768e79c0974ac0f7d210237988120cc80": 0.5432136356528093, "0x477a7d28ed844984088129207c0afcb2459e2d8e": 0.5467988758900233, "0x5685bf6758facce7d1221d3cc3ab0fdb836a62e2": 0.9998065687449945, "0x60581f6fd33332a587718d0683b255eb7ba7d286": 0.9801062848179497, "0x682dbb961b8b4c4c99d9d56557d5ad68847e4cd6": 0.4484072083841852, "0x711cf2d57de4c9aa53dd2c0bff3a2bf818688495": 0.5394214243284836, "0x77a4ba69bfd3a388bce7031900a3fabc105fc84f": 0.4026100321619798, "0x847667d84fc4d81db36689c4f4c5845c8d125418": 0.9999326366426692, "0x879eb52a11d5296d62d8d0d78ff2baf12b43c960": 0.49999986355035, "0x8c7b26969470bd87494b5d406c3e84256d102a87": 0.7198319206945049, "0xa2f1fecf1cc7db65a46588f764b6691533052d22": 0.8298731715104307, "0xa4da7cb218c5dcb36666815c6aa043890fa82db1": 0.6594631567053861, "0xa9b44dca52ed35e59ac2a6f49d1203b8155464ed": 0.2951195997163186, "0xbaa2bcb5439e985ce4ccf815b4700027d1b92c73": 0.565186714558733, "0xbad26fe5458e6219cec3e40272760e275e835296": 0.5942468925072867, "0xbb611d193d53fe25a0d372d98cf24e4dc03558ff": 0.9998836887894755, "0xc8ab97a9089a9ff7e6ef0688e6e591a066946418": 0.6272496988768951, "0xc93c86f929a23f8f688d12db7ad2ed736ef652f1": 0.8420071798010839, "0xd1ed12197b7dc22dede923727e9b714024dbd7cb": 0.5236860316134748, "0xd25b8718f61fb64a754356ad8cf16b5579f59f3d": 0.5493057031239836, "0xd86d87914387111b47355e87aca7c032dbe5648d": 0.636521601406721, "0xe0718185ae103323d86b4eb687cb439b8d10f836": 0.602573027122955, "0xec0bc5b9d6f9cf4e88706d1e3efe333c6ee669e6": 0.9607513620248148, "0xed322eac0406328b804d160915364b72e3f820d6": 0.8216091656393514, "0xf2f6af4f27ec2dcf4072095ab804016e14cd5817": 0.71832331930889, "0xf5d92058c977a9c957c6cbfbe3e9a27c83a9be50": 0.8146637301478203}}