{"whale_set": ["0x088ffbbc6f2c0b3839d2832e75f37e1bcecbc9e7", "0x832bbb891caf3a24c7d1915d9f6369c4949b5c91", "0x562fa836dd0c7ecaf666cd02e88652b8acfde46f", "0x3b5d93e768e79c0974ac0f7d210237988120cc80", "0x777fae71d2ff9ec48a1213d48ba1d9d91024a1bb", "0x3d7710f91dbc7efcaaf0a37f305c42a6deacabd5", "0xe40362b6d2c1eb1134da886f4c64f02f08f6e5a4", "0xc851cd9bee7d262afd78674f861f9f576a12cd2a", "0x17ce7c9a7f768bfa98946caf7d64c9e051f5beec", "0x09d600cfc7437488da4892884c51843f244e0fda", "0xb8fe807aa951e35af53fd0fee36abc303864ce76", "0x3a8651c42ac19aa3e3141531a298abc72f51dea8", "0x93d1974fcfb0885f4a438f67aa74c6d86a28a451", "0x8b32f4a2bebb3ef05d5a46a93d0ce27ab76db1fd", "0x89b9612be1bd62a91e202d12cca8888f1b3fa20f", "0x796301e7bb7bb0891993b4b35ca2bdc10fe35c7b", "0xd5ccdf772f795547e299de57f47966e24de8dea4", "0x7b676d5a6379855773d405fcf19b9aa577651b07", "0xee50a31c3f5a7c77824b12a941a54388a2827ed6", "0x0ce3ba832b15107d7ca7f05aedc393d3b12c3bc3", "0x24c8cf69a0e0a17eee21f69d29752bfa32e823e1", "0x42f28da8182099407250b490ca6c75cdf7d04460", "0x5e9c76f30788f31f6c6867f5f44b1e95a7a7cd75", "0x4a8accbbcb898b0d9218d98ae83d2dd87000e4cd", "0x31646fb225a7743287e760e44923345644513033", "0x51a15d76e6b5cd7e0b21fa1f3d1995439a5da78f", "0x9e1c1f91fd5ee35bc63ea015c7633cf30e7ce87a", "0xcf9efbdb300d03a6c462eda8840dcc3ab9b1518e", "0x4b786ddc5c56d0429094bedd15320def5b464d2f", "0x0eee1b21001ca9af6e5ab8a7321fc2ee46dd4c52", "0x6e8f80ca0cddb8d3f207dc5147ac0e6062ae162c", "0xae18d6a467c5af2c871d6f47745a429c9e521132", "0xefc16fbfcf59943f3fd43c6bc01bddbda007dfcd", "0x11e829d2a19e7ade935861fb043715766a015b74", "0x7d0a771ddd2c63255013a1efb5f0e42659b38c6c", "0x682dbb961b8b4c4c99d9d56557d5ad68847e4cd6", "0xfbfb0883a151234e76a5a5ea72ffc5f47e9df563", "0x60581f6fd33332a587718d0683b255eb7ba7d286", "0xc8ab97a9089a9ff7e6ef0688e6e591a066946418"], "scores": {"0x088ffbbc6f2c0b3839d2832e75f37e1bcecbc9e7": 6.724133646323633, "0x09d600cfc7437488da4892884c51843f244e0fda": 6.228744093049855, "0x0ce3ba832b15107d7ca7f05aedc393d3b12c3bc3": 5.8195950875385085, "0x0eee1b21001ca9af6e5ab8a7321fc2ee46dd4c52": 6.249791848149538, "0x11e829d2a19e7ade935861fb043715766a015b74": 5.740340589987111, "0x17ce7c9a7f768bfa98946caf7d64c9e051f5beec": 8.100057858545835, "0x24c8cf69a0e0a17eee21f69d29752bfa32e823e1": 7.320898618828727, "0x31646fb225a7743287e760e44923345644513033": 6.9977218330084785, "0x3a8651c42ac19aa3e3141531a298abc72f51dea8": 7.808833735881074, "0x3b5d93e768e79c0974ac0f7d210237988120cc80": 2.746082167339404, "0x3d7710f91dbc7efcaaf0a37f305c42a6deacabd5": 8.427554178706004, "0x42f28da8182099407250b490ca6c75cdf7d04460": 8.786195343749949, "0x4a8accbbcb898b0d9218d98ae83d2dd87000e4cd": 7.523657700873417, "0x4b786ddc5c56d0429094bedd15320def5b464d2f": 8.292013830034541, "0x51a15d76e6b5cd7e0b21fa1f3d1995439a5da78f": 3.731745893046785, "0x562fa836dd0c7ecaf666cd02e88652b8acfde46f": 8.307604551225, "0x5e9c76f30788f31f6c6867f5f44b1e95a7a7cd75": 8.752758047832152, "0x60581f6fd33332a587718d0683b255eb7ba7d286": 9.183056112719907, "0x682dbb961b8b4c4c99d9d56557d5ad68847e4cd6": 6.294379390858181, "0x6e8f80ca0cddb8d3f207dc5147ac0e6062ae162c": 8.44326378179614, "0x777fae71d2ff9ec48a1213d48ba1d9d91024a1bb": 8.752167336931663, "0x796301e7bb7bb0891993b4b35ca2bdc10fe35c7b": 6.180550926445803, "0x7b676d5a6379855773d405fcf19b9aa577651b07": 8.656452129974593, "0x7d0a771ddd2c63255013a1efb5f0e42659b38c6c": 8.653456565684266, "0x832bbb891caf3a24c7d1915d9f6369c4949b5c91": 6.6337136536823795, "0x89b9612be1bd62a91e202d12cca8888f1b3fa20f": 6.691787256034746, "0x8b32f4a2bebb3ef05d5a46a93d0ce27ab76db1fd": 8.379220887175181, "0x93d1974fcfb0885f4a438f67aa74c6d86a28a451": 8.296390214569282, "0x9e1c1f91fd5ee35bc63ea015c7633cf30e7ce87a": 8.411947022330857, "0xae18d6a467c5af2c871d6f47745a429c9e521132": 8.397461209175738, "0xb8fe807aa951e35af53fd0fee36abc303864ce76": 8.48229612908686, "0xc851cd9bee7d262afd78674f861f9f576a12cd2a": 5.5952721194643305, "0xc8ab97a9089a9ff7e6ef0688e6e591a066946418": 6.179042003786856, "0xcf9efbdb300d03a6c462eda8840dcc3ab9b1518e": 8.500328877061722, "0xd5ccdf772f795547e299de57f47966e24de8dea4": 8.826986377130336, "0xe40362b6d2c1eb1134da886f4c64f02f08f6e5a4": 8.298457534440699, "0xee50a31c3f5a7c77824b12a941a54388a2827ed6": 3.30241178315838, "0xefc16fbfcf59943f3fd43c6bc01bddbda007dfcd": 7.857154495456462, "0xfbfb0883a151234e76a5a5ea72ffc5f47e9df563": 8.353946423130804}, "winrates": {"0x088ffbbc6f2c0b3839d2832e75f37e1bcecbc9e7": 0.519939628696669, "0x09d600cfc7437488da4892884c51843f244e0fda": 0.9663306564237603, "0x0ce3ba832b15107d7ca7f05aedc393d3b12c3bc3": 0.609855856023177, "0x0eee1b21001ca9af6e5ab8a7321fc2ee46dd4c52": 0.509070540430756, "0x11e829d2a19e7ade935861fb043715766a015b74": 0.7371250504092629, "0x17ce7c9a7f768bfa98946caf7d64c9e051f5beec": 0.621081685374459, "0x24c8cf69a0e0a17eee21f69d29752bfa32e823e1": 0.4838108602207422, "0x31646fb225a7743287e760e44923345644513033": 0.6649037499133816, "0x3a8651c42ac19aa3e3141531a298abc72f51dea8": 0.5699317838691014, "0x3b5d93e768e79c0974ac0f7d210237988120cc80": 0.5734608793057752, "0x3d7710f91dbc7efcaaf0a37f305c42a6deacabd5": 0.8035385274464278, "0x42f28da8182099407250b490ca6c75cdf7d04460": 0.9671469480495952, "0x4a8accbbcb898b0d9218d98ae83d2dd87000e4cd": 0.6708765698784369, "0x4b786ddc5c56d0429094bedd15320def5b464d2f": 0.5927006462727209, "0x51a15d76e6b5cd7e0b21fa1f3d1995439a5da78f": 0.9998049232561763, "0x562fa836dd0c7ecaf666cd02e88652b8acfde46f": 0.5547933143056564, "0x5e9c76f30788f31f6c6867f5f44b1e95a7a7cd75": 0.9695698437094273, "0x60581f6fd33332a587718d0683b255eb7ba7d286": 0.9778196754295733, "0x682dbb961b8b4c4c99d9d56557d5ad68847e4cd6": 0.6091199209792908, "0x6e8f80ca0cddb8d3f207dc5147ac0e6062ae162c": 0.8509099046146744, "0x777fae71d2ff9ec48a1213d48ba1d9d91024a1bb": 0.8485286783215019, "0x796301e7bb7bb0891993b4b35ca2bdc10fe35c7b": 0.5793939249748721, "0x7b676d5a6379855773d405fcf19b9aa577651b07": 0.8956230849748023, "0x7d0a771ddd2c63255013a1efb5f0e42659b38c6c": 0.7146975479846805, "0x832bbb891caf3a24c7d1915d9f6369c4949b5c91": 0.7784489657387744, "0x89b9612be1bd62a91e202d12cca8888f1b3fa20f": 0.4970174803970207, "0x8b32f4a2bebb3ef05d5a46a93d0ce27ab76db1fd": 0.44282325609917506, "0x93d1974fcfb0885f4a438f67aa74c6d86a28a451": 0.9997644615711566, "0x9e1c1f91fd5ee35bc63ea015c7633cf30e7ce87a": 0.6761900495737463, "0xae18d6a467c5af2c871d6f47745a429c9e521132": 0.6700959772386049, "0xb8fe807aa951e35af53fd0fee36abc303864ce76": 0.5832342563873513, "0xc851cd9bee7d262afd78674f861f9f576a12cd2a": 0.6523223606665244, "0xc8ab97a9089a9ff7e6ef0688e6e591a066946418": 0.5307774312419914, "0xcf9efbdb300d03a6c462eda8840dcc3ab9b1518e": 0.9998992500075161, "0xd5ccdf772f795547e299de57f47966e24de8dea4": 0.7941239170715539, "0xe40362b6d2c1eb1134da886f4c64f02f08f6e5a4": 0.9456637671758548, "0xee50a31c3f5a7c77824b12a941a54388a2827ed6": 0.8611683185668518, "0xefc16fbfcf59943f3fd43c6bc01bddbda007dfcd": 0.8373892305059162, "0xfbfb0883a151234e76a5a5ea72ffc5f47e9df563": 0.4906098848238371}}