{"whale_set": ["0xbb611d193d53fe25a0d372d98cf24e4dc03558ff", "0xa2f1fecf1cc7db65a46588f764b6691533052d22", "0x3b5d93e768e79c0974ac0f7d210237988120cc80", "0xbaa2bcb5439e985ce4ccf815b4700027d1b92c73", "0x2a1410533fe6abeeff9d124a51f023539b64e0fb", "0x662ce90c51d613a2975a536272e477ab7c38bfe7", "0xc851cd9bee7d262afd78674f861f9f576a12cd2a", "0xb8fe807aa951e35af53fd0fee36abc303864ce76", "0xab19716584931d81cd9e7763402673a64baa4876", "0xed322eac0406328b804d160915364b72e3f820d6", "0x000d257d2dc7616feaef4ae0f14600fdf50a758e", "0x4f5b608cbdaac7d946578a58493109ed9a60d411", "0xf2f6af4f27ec2dcf4072095ab804016e14cd5817", "0x8ebfdc251c6c378d4a3a54a8f15cebfa4b9183ce", "0x0e5bd76779e74304d08e759072abf126d87da593", "0xd25b8718f61fb64a754356ad8cf16b5579f59f3d", "0x12bff6ca3cb6cfc950a27b275b795fd84d4dddaf", "0x0ce3ba832b15107d7ca7f05aedc393d3b12c3bc3", "0x24c8cf69a0e0a17eee21f69d29752bfa32e823e1", "0xee50a31c3f5a7c77824b12a941a54388a2827ed6", "0x4a8accbbcb898b0d9218d98ae83d2dd87000e4cd", "0x31646fb225a7743287e760e44923345644513033", "0x4b786ddc5c56d0429094bedd15320def5b464d2f", "0x477a7d28ed844984088129207c0afcb2459e2d8e", "0x36e7e560c4d4cf32926906d939a18cf91f8a0b6b", "0xf5d92058c977a9c957c6cbfbe3e9a27c83a9be50", "0x11e829d2a19e7ade935861fb043715766a015b74", "0x682dbb961b8b4c4c99d9d56557d5ad68847e4cd6", "0xcd71fd5370880f3d92bb941e628c05840fe0d127", "0x60581f6fd33332a587718d0683b255eb7ba7d286", "0xc8ab97a9089a9ff7e6ef0688e6e591a066946418"], "scores": {"0x000d257d2dc7616feaef4ae0f14600fdf50a758e": 8.352700803542108, "0x0ce3ba832b15107d7ca7f05aedc393d3b12c3bc3": 5.81967723294868, "0x0e5bd76779e74304d08e759072abf126d87da593": 6.461263327914919, "0x11e829d2a19e7ade935861fb043715766a015b74": 5.901681553387998, "0x12bff6ca3cb6cfc950a27b275b795fd84d4dddaf": 2.955154267293376, "0x24c8cf69a0e0a17eee21f69d29752bfa32e823e1": 7.691083937276479, "0x2a1410533fe6abeeff9d124a51f023539b64e0fb": 5.694893128297007, "0x31646fb225a7743287e760e44923345644513033": 6.427865778028962, "0x36e7e560c4d4cf32926906d939a18cf91f8a0b6b": 8.220356552342585, "0x3b5d93e768e79c0974ac0f7d210237988120cc80": 2.746101709160188, "0x477a7d28ed844984088129207c0afcb2459e2d8e": 8.402696877774611, "0x4a8accbbcb898b0d9218d98ae83d2dd87000e4cd": 8.09447912341592, "0x4b786ddc5c56d0429094bedd15320def5b464d2f": 8.092034134948591, "0x4f5b608cbdaac7d946578a58493109ed9a60d411": 8.317688953646506, "0x60581f6fd33332a587718d0683b255eb7ba7d286": 9.183056112719907, "0x662ce90c51d613a2975a536272e477ab7c38bfe7": 8.560200201540436, "0x682dbb961b8b4c4c99d9d56557d5ad68847e4cd6": 7.710846342576186, "0x8ebfdc251c6c378d4a3a54a8f15cebfa4b9183ce": 6.143749260851867, "0xa2f1fecf1cc7db65a46588f764b6691533052d22": 7.8071991100316405, "0xab19716584931d81cd9e7763402673a64baa4876": 5.922470594729581, "0xb8fe807aa951e35af53fd0fee36abc303864ce76": 8.189457035109415, "0xbaa2bcb5439e985ce4ccf815b4700027d1b92c73": 6.756711178708307, "0xbb611d193d53fe25a0d372d98cf24e4dc03558ff": 2.629256558887958, "0xc851cd9bee7d262afd78674f861f9f576a12cd2a": 8.23691933755141, "0xc8ab97a9089a9ff7e6ef0688e6e591a066946418": 6.107183465869695, "0xcd71fd5370880f3d92bb941e628c05840fe0d127": 3.326469768672351, "0xd25b8718f61fb64a754356ad8cf16b5579f59f3d": 8.198183595982657, "0xed322eac0406328b804d160915364b72e3f820d6": 8.338331824680342, "0xee50a31c3f5a7c77824b12a941a54388a2827ed6": 3.302464167531658, "0xf2f6af4f27ec2dcf4072095ab804016e14cd5817": 8.371438992834634, "0xf5d92058c977a9c957c6cbfbe3e9a27c83a9be50": 8.518008692233588}, "winrates": {"0x000d257d2dc7616feaef4ae0f14600fdf50a758e": 0.7248102130489524, "0x0ce3ba832b15107d7ca7f05aedc393d3b12c3bc3": 0.6098607847477874, "0x0e5bd76779e74304d08e759072abf126d87da593": 0.4144753068018733, "0x11e829d2a19e7ade935861fb043715766a015b74": 0.4980731835481262, "0x12bff6ca3cb6cfc950a27b275b795fd84d4dddaf": 0.4496328909915617, "0x24c8cf69a0e0a17eee21f69d29752bfa32e823e1": 0.3911199010814944, "0x2a1410533fe6abeeff9d124a51f023539b64e0fb": 0.9657165135321139, "0x31646fb225a7743287e760e44923345644513033": 0.6522645463421205, "0x36e7e560c4d4cf32926906d939a18cf91f8a0b6b": 0.9997268197976598, "0x3b5d93e768e79c0974ac0f7d210237988120cc80": 0.5734620518150222, "0x477a7d28ed844984088129207c0afcb2459e2d8e": 0.5463386071046094, "0x4a8accbbcb898b0d9218d98ae83d2dd87000e4cd": 0.7503116386103424, "0x4b786ddc5c56d0429094bedd15320def5b464d2f": 0.5707431524066192, "0x4f5b608cbdaac7d946578a58493109ed9a60d411": 0.7694099296489905, "0x60581f6fd33332a587718d0683b255eb7ba7d286": 0.977846752131867, "0x662ce90c51d613a2975a536272e477ab7c38bfe7": 0.6790009264973056, "0x682dbb961b8b4c4c99d9d56557d5ad68847e4cd6": 0.5366996108037133, "0x8ebfdc251c6c378d4a3a54a8f15cebfa4b9183ce": 0.9452415669899238, "0xa2f1fecf1cc7db65a46588f764b6691533052d22": 0.796417471035608, "0xab19716584931d81cd9e7763402673a64baa4876": 0.8542357078167282, "0xb8fe807aa951e35af53fd0fee36abc303864ce76": 0.5260241573901779, "0xbaa2bcb5439e985ce4ccf815b4700027d1b92c73": 0.5686393797386782, "0xbb611d193d53fe25a0d372d98cf24e4dc03558ff": 0.7998581912927748, "0xc851cd9bee7d262afd78674f861f9f576a12cd2a": 0.7045090251870473, "0xc8ab97a9089a9ff7e6ef0688e6e591a066946418": 0.7004390060164509, "0xcd71fd5370880f3d92bb941e628c05840fe0d127": 0.5450855642569309, "0xd25b8718f61fb64a754356ad8cf16b5579f59f3d": 0.5363799194540951, "0xed322eac0406328b804d160915364b72e3f820d6": 0.8149642492336969, "0xee50a31c3f5a7c77824b12a941a54388a2827ed6": 0.8611714616292485, "0xf2f6af4f27ec2dcf4072095ab804016e14cd5817": 0.6780665241910313, "0xf5d92058c977a9c957c6cbfbe3e9a27c83a9be50": 0.8146808714393848}}