{"whale_set": ["0xe64ffa7621459172ad81960762d5760e65d444a5", "0x2364bef8024c8c0a88d7ce539811f49a9f6e2582", "0x2b92fb734214e109b6ea7d67337fb127d2cb89d4", "0x9a4a4764d10916b32040f5c145e61e98ccb5170f", "0x9bcada74fbcaa331afecdf7e861fbc9532ecca1f", "0xc4439174a5d5f821e173ce86def1d86c3145f19f", "0xeb6f0a13ea8c5a7a0514c25495adbe815c1025f0", "0x040ec398e277f9d7f366621dfa7ea5ddae088edf", "0x2bf309dd001df4f9b1f90c26432d6ff457a38c3d", "0x6a96ea40ae3736da5e9708e4e96a696d8a7b5cb0", "0xd279d8a4900e7ceb645968558ff8e0355f96e09d", "0x8f7bb1d97c28278e28943b8481f1a1651605154b", "0x1446fddafd68b9b83717e91d5ab35da6db247f6e", "0x0a26054fe174697bf6be759c4b600fdb830d1851", "0x5a181dcf3eb53a09fb32b20a5a9312fb8d26f689", "0x305cedfc0e3cccdb8bef808e84234db66ec0dc57", "0xf1bb700a67e3e8a45dc8160a92f4e0405f41bf09", "0xa3b78f9bf0c217e26067f518db3ff6801b64a8dc", "0xbc54e69667ceb6ccec538e5a0ba1927fc1fe680f", "0xd31c8fd93a0ac222b3062c4ad6274b55436eb93f", "0xe6b1bb1ce61ccac0322e6694a6e99669fc8400c1", "0x4c2da46b289847e3e8377c6f4ca3d520c620f8ae", "0xcf9efbdb300d03a6c462eda8840dcc3ab9b1518e", "0x033dc6e3e3e0a3ae55402576990392ae910aaf05", "0xbf78282f15166f376b9f6471689a7f0c92ebc8c4", "0x6064c928e923c4d0d3c7487dad1e6834e9481af8", "0x6139c42e48cf190e67a0a85d492413b499336b7a", "0x088ffbbc6f2c0b3839d2832e75f37e1bcecbc9e7", "0x0b32ba9d6a6e4cfefaf1affcd81b1eb40a8934aa", "0xe639e41094bbeae18f3e6d1790c17299183f082a", "0xfe0ceadac05726b020c3b5f914cf276d506dc823", "0x5d4d3800cb347e766c7ada814cf0eddbeaf24a91", "0x6f72fea92844c87b9d6683c415e7caef70ee83ad", "0x183a2a0b034877e761af0778da5134bebc37d514", "0x51158621284d3321ec2130aa132c9bc9c0f3b61d", "0x9e9141c9fc1296d03c90e6857666ce67616a3f8e", "0x1e83fbe8db43b9c6c80778d01a56bbb03d289482", "0x59cf850d330f01ed5dbcf71b6243ca2e65664275", "0x70b918c1d5b4bb7ab90696a9cadf886fd9a374ce", "0xa8af4c7923857533b687df9bf02115156e3a325e", "0x0e0641cbd7849962226f5357f8a47f9b71da15d5", "0x4dfd481c16d9995b809780fd8a9808e8689f6e4a", "0x3dfc2049aa06ef35d7d2bb69e037da753067acb7", "0x574e3aa34743c81f8f9e65c38599e4da95e83ef1", "0x47bc4b50a8d0c4a07b22bfd949f9c6afb8aec043", "0x30e443872ddf63b2908a49f92cd690c304a55102", "0x4eb85167e92a59b671478bbdaaa901551a6a9231"], "scores": {"0x033dc6e3e3e0a3ae55402576990392ae910aaf05": 7.49791731451467, "0x040ec398e277f9d7f366621dfa7ea5ddae088edf": 8.383076169772767, "0x088ffbbc6f2c0b3839d2832e75f37e1bcecbc9e7": 8.27019513870225, "0x0a26054fe174697bf6be759c4b600fdb830d1851": 8.69042236442413, "0x0b32ba9d6a6e4cfefaf1affcd81b1eb40a8934aa": 2.295889091826875, "0x0e0641cbd7849962226f5357f8a47f9b71da15d5": 2.446538124273151, "0x1446fddafd68b9b83717e91d5ab35da6db247f6e": 2.4495987856694996, "0x183a2a0b034877e761af0778da5134bebc37d514": 3.7419116409540503, "0x1e83fbe8db43b9c6c80778d01a56bbb03d289482": 8.44642461944763, "0x2364bef8024c8c0a88d7ce539811f49a9f6e2582": 3.4373472380102488, "0x2b92fb734214e109b6ea7d67337fb127d2cb89d4": 2.4120499073900272, "0x2bf309dd001df4f9b1f90c26432d6ff457a38c3d": 6.88297645171384, "0x305cedfc0e3cccdb8bef808e84234db66ec0dc57": 8.153840781116106, "0x30e443872ddf63b2908a49f92cd690c304a55102": 7.919620721427479, "0x3dfc2049aa06ef35d7d2bb69e037da753067acb7": 7.426945854132492, "0x47bc4b50a8d0c4a07b22bfd949f9c6afb8aec043": 6.788626949072366, "0x4c2da46b289847e3e8377c6f4ca3d520c620f8ae": 8.500646398592224, "0x4dfd481c16d9995b809780fd8a9808e8689f6e4a": 7.792914452349237, "0x4eb85167e92a59b671478bbdaaa901551a6a9231": 6.009231580089559, "0x51158621284d3321ec2130aa132c9bc9c0f3b61d": 6.43758903045189, "0x574e3aa34743c81f8f9e65c38599e4da95e83ef1": 7.531037780392619, "0x59cf850d330f01ed5dbcf71b6243ca2e65664275": 8.4618602331392, "0x5a181dcf3eb53a09fb32b20a5a9312fb8d26f689": 3.318348104436202, "0x5d4d3800cb347e766c7ada814cf0eddbeaf24a91": 8.463309689467847, "0x6064c928e923c4d0d3c7487dad1e6834e9481af8": 3.3422492609958745, "0x6139c42e48cf190e67a0a85d492413b499336b7a": 8.001122460065256, "0x6a96ea40ae3736da5e9708e4e96a696d8a7b5cb0": 6.131940757819784, "0x6f72fea92844c87b9d6683c415e7caef70ee83ad": 4.734983538432603, "0x70b918c1d5b4bb7ab90696a9cadf886fd9a374ce": 7.523337010726514, "0x8f7bb1d97c28278e28943b8481f1a1651605154b": 6.106630844927047, "0x9a4a4764d10916b32040f5c145e61e98ccb5170f": 8.27180592870173, "0x9bcada74fbcaa331afecdf7e861fbc9532ecca1f": 4.19097890745878, "0x9e9141c9fc1296d03c90e6857666ce67616a3f8e": 7.282643047465265, "0xa3b78f9bf0c217e26067f518db3ff6801b64a8dc": 2.3421872459296447, "0xa8af4c7923857533b687df9bf02115156e3a325e": 6.735996707440869, "0xbc54e69667ceb6ccec538e5a0ba1927fc1fe680f": 7.958491781959926, "0xbf78282f15166f376b9f6471689a7f0c92ebc8c4": 3.1421743631644117, "0xc4439174a5d5f821e173ce86def1d86c3145f19f": 3.0083835417647893, "0xcf9efbdb300d03a6c462eda8840dcc3ab9b1518e": 8.428938511993431, "0xd279d8a4900e7ceb645968558ff8e0355f96e09d": 6.59207910200967, "0xd31c8fd93a0ac222b3062c4ad6274b55436eb93f": 6.470257296301551, "0xe639e41094bbeae18f3e6d1790c17299183f082a": 4.287070103467227, "0xe64ffa7621459172ad81960762d5760e65d444a5": 5.821674866828287, "0xe6b1bb1ce61ccac0322e6694a6e99669fc8400c1": 8.35470949133238, "0xeb6f0a13ea8c5a7a0514c25495adbe815c1025f0": 5.8803312378752, "0xf1bb700a67e3e8a45dc8160a92f4e0405f41bf09": 3.1197894868783536, "0xfe0ceadac05726b020c3b5f914cf276d506dc823": 3.045019664357165}, "winrates": {"0x033dc6e3e3e0a3ae55402576990392ae910aaf05": 0.658801537383786, "0x040ec398e277f9d7f366621dfa7ea5ddae088edf": 0.917105450972727, "0x088ffbbc6f2c0b3839d2832e75f37e1bcecbc9e7": 0.5532174931845257, "0x0a26054fe174697bf6be759c4b600fdb830d1851": 0.9785984023644397, "0x0b32ba9d6a6e4cfefaf1affcd81b1eb40a8934aa": 0.7456592196843215, "0x0e0641cbd7849962226f5357f8a47f9b71da15d5": 0.4649370600507048, "0x1446fddafd68b9b83717e91d5ab35da6db247f6e": 0.500001291891857, "0x183a2a0b034877e761af0778da5134bebc37d514": 0.9912339319612086, "0x1e83fbe8db43b9c6c80778d01a56bbb03d289482": 0.6682364562130391, "0x2364bef8024c8c0a88d7ce539811f49a9f6e2582": 0.7585849780495969, "0x2b92fb734214e109b6ea7d67337fb127d2cb89d4": 0.8421890849794837, "0x2bf309dd001df4f9b1f90c26432d6ff457a38c3d": 0.635773770544744, "0x305cedfc0e3cccdb8bef808e84234db66ec0dc57": 0.9960133308133358, "0x30e443872ddf63b2908a49f92cd690c304a55102": 0.7129189829526, "0x3dfc2049aa06ef35d7d2bb69e037da753067acb7": 0.5542425907079777, "0x47bc4b50a8d0c4a07b22bfd949f9c6afb8aec043": 0.5218356292533489, "0x4c2da46b289847e3e8377c6f4ca3d520c620f8ae": 0.7221576595329567, "0x4dfd481c16d9995b809780fd8a9808e8689f6e4a": 0.7255946441079306, "0x4eb85167e92a59b671478bbdaaa901551a6a9231": 0.40252554686885883, "0x51158621284d3321ec2130aa132c9bc9c0f3b61d": 0.5249506182648076, "0x574e3aa34743c81f8f9e65c38599e4da95e83ef1": 0.4181667594736881, "0x59cf850d330f01ed5dbcf71b6243ca2e65664275": 0.9998778083099457, "0x5a181dcf3eb53a09fb32b20a5a9312fb8d26f689": 0.9999366981423046, "0x5d4d3800cb347e766c7ada814cf0eddbeaf24a91": 0.490833864740514, "0x6064c928e923c4d0d3c7487dad1e6834e9481af8": 0.3843781632995983, "0x6139c42e48cf190e67a0a85d492413b499336b7a": 0.39454083656467004, "0x6a96ea40ae3736da5e9708e4e96a696d8a7b5cb0": 0.507047340482537, "0x6f72fea92844c87b9d6683c415e7caef70ee83ad": 0.5857798103219879, "0x70b918c1d5b4bb7ab90696a9cadf886fd9a374ce": 0.5188247638472212, "0x8f7bb1d97c28278e28943b8481f1a1651605154b": 0.7729841171007997, "0x9a4a4764d10916b32040f5c145e61e98ccb5170f": 0.5860634081437966, "0x9bcada74fbcaa331afecdf7e861fbc9532ecca1f": 0.9999534248164473, "0x9e9141c9fc1296d03c90e6857666ce67616a3f8e": 0.41243516861842233, "0xa3b78f9bf0c217e26067f518db3ff6801b64a8dc": 0.5032632744684982, "0xa8af4c7923857533b687df9bf02115156e3a325e": 0.5114497818276867, "0xbc54e69667ceb6ccec538e5a0ba1927fc1fe680f": 0.7067100888896812, "0xbf78282f15166f376b9f6471689a7f0c92ebc8c4": 0.3706140276702592, "0xc4439174a5d5f821e173ce86def1d86c3145f19f": 0.9845633325196829, "0xcf9efbdb300d03a6c462eda8840dcc3ab9b1518e": 0.7896395108015347, "0xd279d8a4900e7ceb645968558ff8e0355f96e09d": 0.9827411320060245, "0xd31c8fd93a0ac222b3062c4ad6274b55436eb93f": 0.5626798699664283,