{"whale_set": ["0x53a4f5be7d64abd9c49835374b5686cb86454447", "0xbb611d193d53fe25a0d372d98cf24e4dc03558ff", "0xa2f1fecf1cc7db65a46588f764b6691533052d22", "0x3b5d93e768e79c0974ac0f7d210237988120cc80", "0x847667d84fc4d81db36689c4f4c5845c8d125418", "0xbaa2bcb5439e985ce4ccf815b4700027d1b92c73", "0x5685bf6758facce7d1221d3cc3ab0fdb836a62e2", "0xc93c86f929a23f8f688d12db7ad2ed736ef652f1", "0x2a1410533fe6abeeff9d124a51f023539b64e0fb", "0xc851cd9bee7d262afd78674f861f9f576a12cd2a", "0x1489046ca0f9980fc2d9a950d103d3bec02c1307", "0x77a4ba69bfd3a388bce7031900a3fabc105fc84f", "0xec0bc5b9d6f9cf4e88706d1e3efe333c6ee669e6", "0xd86d87914387111b47355e87aca7c032dbe5648d", "0xed322eac0406328b804d160915364b72e3f820d6", "0x491952b03ecf9ff4c3d0189b7e4f13431584067e", "0x000d257d2dc7616feaef4ae0f14600fdf50a758e", "0x4f5b608cbdaac7d946578a58493109ed9a60d411", "0xf2f6af4f27ec2dcf4072095ab804016e14cd5817", "0xd25b8718f61fb64a754356ad8cf16b5579f59f3d", "0x05ab749a8554fb7c852238c271d384bae6798145", "0x0ce3ba832b15107d7ca7f05aedc393d3b12c3bc3", "0x24c8cf69a0e0a17eee21f69d29752bfa32e823e1", "0x2ae3e6f5c1b211858a4c4e8c7c58303e8fdfbc70", "0x879eb52a11d5296d62d8d0d78ff2baf12b43c960", "0x3b334cd6ca37ada031247deb0deaccdc0455a5f8", "0x4a8accbbcb898b0d9218d98ae83d2dd87000e4cd", "0x31646fb225a7743287e760e44923345644513033", "0x8c7b26969470bd87494b5d406c3e84256d102a87", "0x204f72f35326db932158cba6adff0b9a1da95e14", "0xd1ed12197b7dc22dede923727e9b714024dbd7cb", "0x355f3b6a0e5b430a21b5067403c2f4507dbc0df8", "0x2a019dc0089ea8c6edbbafc8a7cc9ba77b4b6397", "0x0ffcad4963e25dc150774363f4061ebe840c8236", "0x477a7d28ed844984088129207c0afcb2459e2d8e", "0xa4da7cb218c5dcb36666815c6aa043890fa82db1", "0x36e7e560c4d4cf32926906d939a18cf91f8a0b6b", "0xa9b44dca52ed35e59ac2a6f49d1203b8155464ed", "0xbad26fe5458e6219cec3e40272760e275e835296", "0xf5d92058c977a9c957c6cbfbe3e9a27c83a9be50", "0x711cf2d57de4c9aa53dd2c0bff3a2bf818688495", "0x682dbb961b8b4c4c99d9d56557d5ad68847e4cd6", "0xa9736e281441255fc815a65ae4f9ba4c0b77f0f6", "0x60581f6fd33332a587718d0683b255eb7ba7d286"], "scores": {"0x000d257d2dc7616feaef4ae0f14600fdf50a758e": 8.378685730142843, "0x05ab749a8554fb7c852238c271d384bae6798145": 2.2834474040683386, "0x0ce3ba832b15107d7ca7f05aedc393d3b12c3bc3": 5.827452738195915, "0x0ffcad4963e25dc150774363f4061ebe840c8236": 7.354128643776842, "0x1489046ca0f9980fc2d9a950d103d3bec02c1307": 3.070108016474491, "0x204f72f35326db932158cba6adff0b9a1da95e14": 7.095272445998194, "0x24c8cf69a0e0a17eee21f69d29752bfa32e823e1": 8.017036139182357, "0x2a019dc0089ea8c6edbbafc8a7cc9ba77b4b6397": 6.817333088892539, "0x2a1410533fe6abeeff9d124a51f023539b64e0fb": 5.697018646213417, "0x2ae3e6f5c1b211858a4c4e8c7c58303e8fdfbc70": 6.502266183973066, "0x31646fb225a7743287e760e44923345644513033": 6.743943051594176, "0x355f3b6a0e5b430a21b5067403c2f4507dbc0df8": 3.154593348874133, "0x36e7e560c4d4cf32926906d939a18cf91f8a0b6b": 8.268016268977785, "0x3b334cd6ca37ada031247deb0deaccdc0455a5f8": 2.6073251387515626, "0x3b5d93e768e79c0974ac0f7d210237988120cc80": 3.211869472623161, "0x477a7d28ed844984088129207c0afcb2459e2d8e": 8.405698199832136, "0x491952b03ecf9ff4c3d0189b7e4f13431584067e": 2.514047180773567, "0x4a8accbbcb898b0d9218d98ae83d2dd87000e4cd": 8.086768716678547, "0x4f5b608cbdaac7d946578a58493109ed9a60d411": 8.3178947217603, "0x53a4f5be7d64abd9c49835374b5686cb86454447": 8.673034207698114, "0x5685bf6758facce7d1221d3cc3ab0fdb836a62e2": 8.62285163360701, "0x60581f6fd33332a587718d0683b255eb7ba7d286": 9.17492269447848, "0x682dbb961b8b4c4c99d9d56557d5ad68847e4cd6": 7.428421705455339, "0x711cf2d57de4c9aa53dd2c0bff3a2bf818688495": 8.330806302285724, "0x77a4ba69bfd3a388bce7031900a3fabc105fc84f": 2.644865350556339, "0x847667d84fc4d81db36689c4f4c5845c8d125418": 8.43577191830725, "0x879eb52a11d5296d62d8d0d78ff2baf12b43c960": 6.045265579825987, "0x8c7b26969470bd87494b5d406c3e84256d102a87": 3.921585885813805, "0xa2f1fecf1cc7db65a46588f764b6691533052d22": 7.682223134842382, "0xa4da7cb218c5dcb36666815c6aa043890fa82db1": 6.882558657807559, "0xa9736e281441255fc815a65ae4f9ba4c0b77f0f6": 6.270894559498593, "0xa9b44dca52ed35e59ac2a6f49d1203b8155464ed": 5.918251721189129, "0xbaa2bcb5439e985ce4ccf815b4700027d1b92c73": 7.640370440961019, "0xbad26fe5458e6219cec3e40272760e275e835296": 7.176899631671118, "0xbb611d193d53fe25a0d372d98cf24e4dc03558ff": 2.5951145463686593, "0xc851cd9bee7d262afd78674f861f9f576a12cd2a": 8.24014107305461, "0xc93c86f929a23f8f688d12db7ad2ed736ef652f1": 2.7150033551870694, "0xd1ed12197b7dc22dede923727e9b714024dbd7cb": 5.722093700237283, "0xd25b8718f61fb64a754356ad8cf16b5579f59f3d": 7.0890239063324145, "0xd86d87914387111b47355e87aca7c032dbe5648d": 3.548629305362978, "0xec0bc5b9d6f9cf4e88706d1e3efe333c6ee669e6": 8.703083331788017, "0xed322eac0406328b804d160915364b72e3f820d6": 8.283880263348598, "0xf2f6af4f27ec2dcf4072095ab804016e14cd5817": 8.403545044703044, "0xf5d92058c977a9c957c6cbfbe3e9a27c83a9be50": 8.517982526816553}, "winrates": {"0x000d257d2dc7616feaef4ae0f14600fdf50a758e": 0.7041142145677028, "0x05ab749a8554fb7c852238c271d384bae6798145": 0.47735902763699756, "0x0ce3ba832b15107d7ca7f05aedc393d3b12c3bc3": 0.6089944134409591, "0x0ffcad4963e25dc150774363f4061ebe840c8236": 0.636434047751243, "0x1489046ca0f9980fc2d9a950d103d3bec02c1307": 0.999825171169448, "0x204f72f35326db932158cba6adff0b9a1da95e14": 0.9999168242576867, "0x24c8cf69a0e0a17eee21f69d29752bfa32e823e1": 0.3379048991834582, "0x2a019dc0089ea8c6edbbafc8a7cc9ba77b4b6397": 0.6262970486310173, "0x2a1410533fe6abeeff9d124a51f023539b64e0fb": 0.9650884447495818, "0x2ae3e6f5c1b211858a4c4e8c7c58303e8fdfbc70": 0.7690189082852914, "0x31646fb225a7743287e760e44923345644513033": 0.6680780610270611, "0x355f3b6a0e5b430a21b5067403c2f4507dbc0df8": 0.7266261236995452, "0x36e7e560c4d4cf32926906d939a18cf91f8a0b6b": 0.9994845353976834, "0x3b334cd6ca37ada031247deb0deaccdc0455a5f8": 0.5376431249612347, "0x3b5d93e768e79c0974ac0f7d210237988120cc80": 0.6506065287392024, "0x477a7d28ed844984088129207c0afcb2459e2d8e": 0.5451044219886183, "0x491952b03ecf9ff4c3d0189b7e4f13431584067e": 0.7808965717369697, "0x4a8accbbcb898b0d9218d98ae83d2dd87000e4cd": 0.7561482735555036, "0x4f5b608cbdaac7d946578a58493109ed9a60d411": 0.7704172640738299, "0x53a4f5be7d64abd9c49835374b5686cb86454447": 0.6229462988872966, "0x5685bf6758facce7d1221d3cc3ab0fdb836a62e2": 0.999180826567488, "0x60581f6fd33332a587718d0683b255eb7ba7d286": 0.9705170572602647, "0x682dbb961b8b4c4c99d9d56557d5ad68847e4cd6": 0.4076057511090316, "0x711cf2d57de4c9aa53dd2c0bff3a2bf818688495": 0.594694802893003, "0x77a4ba69bfd3a388bce7031900a3fabc105fc84f": 0.40050952495884345, "0x847667d84fc4d81db36689c4f4c5845c8d125418": 0.9998177135970939, "0x879eb52a11d5296d62d8d0d78ff2baf12b43c960": 0.4999964577347226, "0x8c7b26969470bd87494b5d406c3e84256d102a87": 0.719913919088099, "0xa2f1fecf1cc7db65a46588f764b6691533052d22": 0.8694282229261371, "0xa4da7cb218c5dcb36666815c6aa043890fa82db1": 0.6701465774447649, "0xa9736e281441255fc815a65ae4f9ba4c0b77f0f6": 0.3734324764410052, "0xa9b44dca52ed35e59ac2a6f49d1203b8155464ed": 0.21029496596511937, "0xbaa2bcb5439e985ce4ccf815b4700027d1b92c73": 0.6113850979653377, "0xbad26fe5458e6219cec3e40272760e275e835296": 0.4975572959233142, "0xbb611d193d53fe25a0d372d98cf24e4dc03558ff": 0.986392777873093, "0xc851cd9bee7d262afd78674f861f9f576a12cd2a": 0.72883801740698, "0xc93c86f929a23f8f688d12db7ad2ed736ef652f1": 0.7953076889508692, "0xd1ed12197b7dc22dede923727e9b714024dbd7cb": 0.513101387427886, "0xd25b8718f61fb64a754356ad8cf16b5579f59f3d": 0.5015275855748792, "0xd86d87914387111b47355e87aca7c032dbe5648d": 0.6496438520243588, "0xec0bc5b9d6f9cf4e88706d1e3efe333c6ee669e6": 0.9592288564281828, "0xed322eac0406328b804d160915364b72e3f820d6": 0.7979868626032479, "0xf2f6af4f27ec2dcf4072095ab804016e14cd5817": 0.723029128189662, "0xf5d92058c977a9c957c6cbfbe3e9a27c83a9be50": 0.814733025696348}}