{"whale_set": ["0x3b5d93e768e79c0974ac0f7d210237988120cc80", "0x1604b15af9eab550175b268dd574a155c5ebff0e", "0xbaa2bcb5439e985ce4ccf815b4700027d1b92c73", "0xe40362b6d2c1eb1134da886f4c64f02f08f6e5a4", "0xc851cd9bee7d262afd78674f861f9f576a12cd2a", "0xb8fe807aa951e35af53fd0fee36abc303864ce76", "0x96c6740f9b58c5a38c9172147cd6266da06c34a2", "0x93d1974fcfb0885f4a438f67aa74c6d86a28a451", "0x000d257d2dc7616feaef4ae0f14600fdf50a758e", "0x89b9612be1bd62a91e202d12cca8888f1b3fa20f", "0x796301e7bb7bb0891993b4b35ca2bdc10fe35c7b", "0x7b676d5a6379855773d405fcf19b9aa577651b07", "0xee50a31c3f5a7c77824b12a941a54388a2827ed6", "0x0ce3ba832b15107d7ca7f05aedc393d3b12c3bc3", "0x4a8accbbcb898b0d9218d98ae83d2dd87000e4cd", "0x31646fb225a7743287e760e44923345644513033", "0xea8ee311382139d952087a669252252625663de0", "0x51a15d76e6b5cd7e0b21fa1f3d1995439a5da78f", "0x355f3b6a0e5b430a21b5067403c2f4507dbc0df8", "0xefc16fbfcf59943f3fd43c6bc01bddbda007dfcd", "0xcf9efbdb300d03a6c462eda8840dcc3ab9b1518e", "0x4b786ddc5c56d0429094bedd15320def5b464d2f", "0xf5d92058c977a9c957c6cbfbe3e9a27c83a9be50", "0x9efda3d6354152901fc4706c3b1a9ce50b45ad00", "0x682dbb961b8b4c4c99d9d56557d5ad68847e4cd6", "0x60581f6fd33332a587718d0683b255eb7ba7d286", "0xc8ab97a9089a9ff7e6ef0688e6e591a066946418"], "scores": {"0x000d257d2dc7616feaef4ae0f14600fdf50a758e": 8.352700803542108, "0x0ce3ba832b15107d7ca7f05aedc393d3b12c3bc3": 5.819630621915705, "0x1604b15af9eab550175b268dd574a155c5ebff0e": 6.252871140687745, "0x31646fb225a7743287e760e44923345644513033": 6.427852436994603, "0x355f3b6a0e5b430a21b5067403c2f4507dbc0df8": 5.8024948340961755, "0x3b5d93e768e79c0974ac0f7d210237988120cc80": 2.7460906208588147, "0x4a8accbbcb898b0d9218d98ae83d2dd87000e4cd": 7.523686011253183, "0x4b786ddc5c56d0429094bedd15320def5b464d2f": 8.328042172584057, "0x51a15d76e6b5cd7e0b21fa1f3d1995439a5da78f": 3.732078100973391, "0x60581f6fd33332a587718d0683b255eb7ba7d286": 9.183056112719907, "0x682dbb961b8b4c4c99d9d56557d5ad68847e4cd6": 7.463131091486681, "0x796301e7bb7bb0891993b4b35ca2bdc10fe35c7b": 6.180567095129631, "0x7b676d5a6379855773d405fcf19b9aa577651b07": 8.656452129974593, "0x89b9612be1bd62a91e202d12cca8888f1b3fa20f": 2.51024259437959, "0x93d1974fcfb0885f4a438f67aa74c6d86a28a451": 8.296390214569282, "0x96c6740f9b58c5a38c9172147cd6266da06c34a2": 7.201268071413856, "0x9efda3d6354152901fc4706c3b1a9ce50b45ad00": 8.482400897021002, "0xb8fe807aa951e35af53fd0fee36abc303864ce76": 7.801673108184536, "0xbaa2bcb5439e985ce4ccf815b4700027d1b92c73": 6.739173520706956, "0xc851cd9bee7d262afd78674f861f9f576a12cd2a": 6.447982651083877, "0xc8ab97a9089a9ff7e6ef0688e6e591a066946418": 6.118761173412852, "0xcf9efbdb300d03a6c462eda8840dcc3ab9b1518e": 8.52158425289635, "0xe40362b6d2c1eb1134da886f4c64f02f08f6e5a4": 8.291393065430393, "0xea8ee311382139d952087a669252252625663de0": 2.42652704334181, "0xee50a31c3f5a7c77824b12a941a54388a2827ed6": 3.3024344440017597, "0xefc16fbfcf59943f3fd43c6bc01bddbda007dfcd": 6.830782723763426, "0xf5d92058c977a9c957c6cbfbe3e9a27c83a9be50": 7.3909051675907}, "winrates": {"0x000d257d2dc7616feaef4ae0f14600fdf50a758e": 0.7248090065678673, "0x0ce3ba832b15107d7ca7f05aedc393d3b12c3bc3": 0.6098579880858088, "0x1604b15af9eab550175b268dd574a155c5ebff0e": 0.8924340054535606, "0x31646fb225a7743287e760e44923345644513033": 0.652263745880059, "0x355f3b6a0e5b430a21b5067403c2f4507dbc0df8": 0.7558257809929698, "0x3b5d93e768e79c0974ac0f7d210237988120cc80": 0.5734613865169398, "0x4a8accbbcb898b0d9218d98ae83d2dd87000e4cd": 0.6708782685012229, "0x4b786ddc5c56d0429094bedd15320def5b464d2f": 0.6104345087184028, "0x51a15d76e6b5cd7e0b21fa1f3d1995439a5da78f": 0.9998248557317726, "0x60581f6fd33332a587718d0683b255eb7ba7d286": 0.9778313881632202, "0x682dbb961b8b4c4c99d9d56557d5ad68847e4cd6": 0.628762988192833, "0x796301e7bb7bb0891993b4b35ca2bdc10fe35c7b": 0.5793948950959018, "0x7b676d5a6379855773d405fcf19b9aa577651b07": 0.8956287425492393, "0x89b9612be1bd62a91e202d12cca8888f1b3fa20f": 0.49455161898622485, "0x93d1974fcfb0885f4a438f67aa74c6d86a28a451": 0.9997885265757924, "0x96c6740f9b58c5a38c9172147cd6266da06c34a2": 0.6723345126598954, "0x9efda3d6354152901fc4706c3b1a9ce50b45ad00": 0.7026493871455319, "0xb8fe807aa951e35af53fd0fee36abc303864ce76": 0.4252694527874102, "0xbaa2bcb5439e985ce4ccf815b4700027d1b92c73": 0.5815421219684659, "0xc851cd9bee7d262afd78674f861f9f576a12cd2a": 0.4438218513502919, "0xc8ab97a9089a9ff7e6ef0688e6e591a066946418": 0.7239261861794294, "0xcf9efbdb300d03a6c462eda8840dcc3ab9b1518e": 0.9994209194443695, "0xe40362b6d2c1eb1134da886f4c64f02f08f6e5a4": 0.9471936198968222, "0xea8ee311382139d952087a669252252625663de0": 0.7080168827029342, "0xee50a31c3f5a7c77824b12a941a54388a2827ed6": 0.8611696782174546, "0xefc16fbfcf59943f3fd43c6bc01bddbda007dfcd": 0.874064148954732, "0xf5d92058c977a9c957c6cbfbe3e9a27c83a9be50": 0.5834690774506548}}