{"whale_set": ["0xe64ffa7621459172ad81960762d5760e65d444a5", "0x2364bef8024c8c0a88d7ce539811f49a9f6e2582", "0x2b92fb734214e109b6ea7d67337fb127d2cb89d4", "0x9bcada74fbcaa331afecdf7e861fbc9532ecca1f", "0xc4439174a5d5f821e173ce86def1d86c3145f19f", "0xeb6f0a13ea8c5a7a0514c25495adbe815c1025f0", "0x040ec398e277f9d7f366621dfa7ea5ddae088edf", "0x2bf309dd001df4f9b1f90c26432d6ff457a38c3d", "0xc7d88a8f8331b719d1a23bfde4f60fea4f71a0a6", "0x6a96ea40ae3736da5e9708e4e96a696d8a7b5cb0", "0x2a019dc0089ea8c6edbbafc8a7cc9ba77b4b6397", "0xd279d8a4900e7ceb645968558ff8e0355f96e09d", "0x8f7bb1d97c28278e28943b8481f1a1651605154b", "0x1446fddafd68b9b83717e91d5ab35da6db247f6e", "0x0a26054fe174697bf6be759c4b600fdb830d1851", "0x5a181dcf3eb53a09fb32b20a5a9312fb8d26f689", "0x305cedfc0e3cccdb8bef808e84234db66ec0dc57", "0xf1bb700a67e3e8a45dc8160a92f4e0405f41bf09", "0xa3b78f9bf0c217e26067f518db3ff6801b64a8dc", "0xbc54e69667ceb6ccec538e5a0ba1927fc1fe680f", "0xd31c8fd93a0ac222b3062c4ad6274b55436eb93f", "0xe6b1bb1ce61ccac0322e6694a6e99669fc8400c1", "0x4c2da46b289847e3e8377c6f4ca3d520c620f8ae", "0xcf9efbdb300d03a6c462eda8840dcc3ab9b1518e", "0xbf78282f15166f376b9f6471689a7f0c92ebc8c4", "0x6064c928e923c4d0d3c7487dad1e6834e9481af8", "0x6139c42e48cf190e67a0a85d492413b499336b7a", "0x088ffbbc6f2c0b3839d2832e75f37e1bcecbc9e7", "0x0b32ba9d6a6e4cfefaf1affcd81b1eb40a8934aa", "0xe639e41094bbeae18f3e6d1790c17299183f082a", "0xfe0ceadac05726b020c3b5f914cf276d506dc823", "0x5d4d3800cb347e766c7ada814cf0eddbeaf24a91", "0x712ff6df3887ef407655e2f7711bc1d03e859fe6", "0x6f72fea92844c87b9d6683c415e7caef70ee83ad", "0x183a2a0b034877e761af0778da5134bebc37d514", "0x51158621284d3321ec2130aa132c9bc9c0f3b61d", "0x9e9141c9fc1296d03c90e6857666ce67616a3f8e", "0x1e83fbe8db43b9c6c80778d01a56bbb03d289482", "0x59cf850d330f01ed5dbcf71b6243ca2e65664275", "0x70b918c1d5b4bb7ab90696a9cadf886fd9a374ce", "0xa8af4c7923857533b687df9bf02115156e3a325e", "0x0e0641cbd7849962226f5357f8a47f9b71da15d5", "0x0f99b597864d8a3977ebf7f225b7394a52f59b59", "0x4dfd481c16d9995b809780fd8a9808e8689f6e4a", "0x3dfc2049aa06ef35d7d2bb69e037da753067acb7", "0x574e3aa34743c81f8f9e65c38599e4da95e83ef1", "0x47bc4b50a8d0c4a07b22bfd949f9c6afb8aec043", "0x30e443872ddf63b2908a49f92cd690c304a55102", "0x4eb85167e92a59b671478bbdaaa901551a6a9231"], "scores": {"0x040ec398e277f9d7f366621dfa7ea5ddae088edf": 8.383076169772767, "0x088ffbbc6f2c0b3839d2832e75f37e1bcecbc9e7": 8.270193657231728, "0x0a26054fe174697bf6be759c4b600fdb830d1851": 8.69042236442413, "0x0b32ba9d6a6e4cfefaf1affcd81b1eb40a8934aa": 2.2958703281137676, "0x0e0641cbd7849962226f5357f8a47f9b71da15d5": 2.4465455249446753, "0x0f99b597864d8a3977ebf7f225b7394a52f59b59": 6.194152688797213, "0x1446fddafd68b9b83717e91d5ab35da6db247f6e": 2.4495987851016667, "0x183a2a0b034877e761af0778da5134bebc37d514": 3.741833479132798, "0x1e83fbe8db43b9c6c80778d01a56bbb03d289482": 8.44642461944763, "0x2364bef8024c8c0a88d7ce539811f49a9f6e2582": 3.4373205089164087, "0x2a019dc0089ea8c6edbbafc8a7cc9ba77b4b6397": 6.498060495600448, "0x2b92fb734214e109b6ea7d67337fb127d2cb89d4": 2.4120148296809027, "0x2bf309dd001df4f9b1f90c26432d6ff457a38c3d": 6.882961443312909, "0x305cedfc0e3cccdb8bef808e84234db66ec0dc57": 8.153840781116106, "0x30e443872ddf63b2908a49f92cd690c304a55102": 7.919604352530386, "0x3dfc2049aa06ef35d7d2bb69e037da753067acb7": 7.426941297006443, "0x47bc4b50a8d0c4a07b22bfd949f9c6afb8aec043": 6.788626624884509, "0x4c2da46b289847e3e8377c6f4ca3d520c620f8ae": 8.500646398592224, "0x4dfd481c16d9995b809780fd8a9808e8689f6e4a": 7.792914452349238, "0x4eb85167e92a59b671478bbdaaa901551a6a9231": 6.00924791561729, "0x51158621284d3321ec2130aa132c9bc9c0f3b61d": 6.43758441066943, "0x574e3aa34743c81f8f9e65c38599e4da95e83ef1": 7.531247596383141, "0x59cf850d330f01ed5dbcf71b6243ca2e65664275": 8.4618602331392, "0x5a181dcf3eb53a09fb32b20a5a9312fb8d26f689": 3.318289672876528, "0x5d4d3800cb347e766c7ada814cf0eddbeaf24a91": 8.47598045054653, "0x6064c928e923c4d0d3c7487dad1e6834e9481af8": 3.3422711843740482, "0x6139c42e48cf190e67a0a85d492413b499336b7a": 6.801558974148378, "0x6a96ea40ae3736da5e9708e4e96a696d8a7b5cb0": 6.131940693207811, "0x6f72fea92844c87b9d6683c415e7caef70ee83ad": 4.734979688811225, "0x70b918c1d5b4bb7ab90696a9cadf886fd9a374ce": 7.523326364993094, "0x712ff6df3887ef407655e2f7711bc1d03e859fe6": 6.462263222616334, "0x8f7bb1d97c28278e28943b8481f1a1651605154b": 6.106605154502471, "0x9bcada74fbcaa331afecdf7e861fbc9532ecca1f": 4.190935914143689, "0x9e9141c9fc1296d03c90e6857666ce67616a3f8e": 7.282698689208694, "0xa3b78f9bf0c217e26067f518db3ff6801b64a8dc": 2.342185232858821, "0xa8af4c7923857533b687df9bf02115156e3a325e": 6.735996102824119, "0xbc54e69667ceb6ccec538e5a0ba1927fc1fe680f": 7.958448722605965, "0xbf78282f15166f376b9f6471689a7f0c92ebc8c4": 3.142186234908361, "0xc4439174a5d5f821e173ce86def1d86c3145f19f": 3.008376987244002, "0xc7d88a8f8331b719d1a23bfde4f60fea4f71a0a6": 7.216189325997533, "0xcf9efbdb300d03a6c462eda8840dcc3ab9b1518e": 8.428938511993431, "0xd279d8a4900e7ceb645968558ff8e0355f96e09d": 6.592079102009669, "0xd31c8fd93a0ac222b3062c4ad6274b55436eb93f": 6.470243767172595, "0xe639e41094bbeae18f3e6d1790c17299183f082a": 4.287054220440195, "0xe64ffa7621459172ad81960762d5760e65d444a5": 5.821678837788279, "0xe6b1bb1ce61ccac0322e6694a6e99669fc8400c1": 8.35470949133238, "0xeb6f0a13ea8c5a7a0514c25495adbe815c1025f0": 5.88032956581858, "0xf1bb700a67e3e8a45dc8160a92f4e0405f41bf09": 3.119497563721586, "0xfe0ceadac05726b020c3b5f914cf276d506dc823": 3.0450558016359808}, "winrates": {"0x040ec398e277f9d7f366621dfa7ea5ddae088edf": 0.917104544912272, "0x088ffbbc6f2c0b3839d2832e75f37e1bcecbc9e7": 0.5532174042962944, "0x0a26054fe174697bf6be759c4b600fdb830d1851": 0.9785933062166302, "0x0b32ba9d6a6e4cfefaf1affcd81b1eb40a8934aa": 0.745658093861535, "0x0e0641cbd7849962226f5357f8a47f9b71da15d5": 0.46493750409099627, "0x0f99b597864d8a3977ebf7f225b7394a52f59b59": 0.36554576020346713, "0x1446fddafd68b9b83717e91d5ab35da6db247f6e": 0.5000012918577871, "0x183a2a0b034877e761af0778da5134bebc37d514": 0.9912292422519334, "0x1e83fbe8db43b9c6c80778d01a56bbb03d289482": 0.6682246764542311, "0x2364bef8024c8c0a88d7ce539811f49a9f6e2582": 0.7585833743039665, "0x2a019dc0089ea8c6edbbafc8a7cc9ba77b4b6397": 0.6103686398826657, "0x2b92fb734214e109b6ea7d67337fb127d2cb89d4": 0.8421869803169363, "0x2bf309dd001df4f9b1f90c26432d6ff457a38c3d": 0.6357728700406882, "0x305cedfc0e3cccdb8bef808e84234db66ec0dc57": 0.9960098657334883, "0x30e443872ddf63b2908a49f92cd690c304a55102": 0.7129180008187744, "0x3dfc2049aa06ef35d7d2bb69e037da753067acb7": 0.5542423172804148, "0x47bc4b50a8d0c4a07b22bfd949f9c6afb8aec043": 0.5218356098020774, "0x4c2da46b289847e3e8377c6f4ca3d520c620f8ae": 0.7221558431937701, "0x4dfd481c16d9995b809780fd8a9808e8689f6e4a": 0.725592916671513, "0x4eb85167e92a59b671478bbdaaa901551a6a9231": 0.40252652700052266, "0x51158621284d3321ec2130aa132c9bc9c0f3b61d": 0.5249503410778601, "0x574e3aa34743c81f8f9e65c38599e4da95e83ef1": 0.4181793484331193, "0x59cf850d330f01ed5dbcf71b6243ca2e65664275": 0.9998710417185569, "0x5a181dcf3eb53a09fb32b20a5a9312fb8d26f689": 0.9999331922487241, "0x5d4d3800cb347e766c7ada814cf0eddbeaf24a91": 0.5155478206252357, "0x6064c928e923c4d0d3c7487dad1e6834e9481af8": 0.38437947870228867, "0x6139c42e48cf190e67a0a85d492413b499336b7a": 0.3700255830888831, "0x6a96ea40ae3736da5e9708e4e96a696d8a7b5cb0": 0.5070473366058186, "0x6f72fea92844c87b9d6683c415e7caef70ee83ad": 0.585779579344705, "0x70b918c1d5b4bb7ab90696a9cadf886fd9a374ce": 0.518824125103216, "0x712ff6df3887ef407655e2f7711bc1d03e859fe6": 0.3913401201124117, "0x8f7bb1d97c28278e28943b8481f1a1651605154b": 0.7729825756753249, "0x9bcada74fbcaa331afecdf7e861fbc9532ecca1f": 0.9999508452175419, "0x9e9141c9fc1296d03c90e6857666ce67616a3f8e": 0.41243850712302815, "0xa3b78f9bf0c217e26067f518db3ff6801b64a8dc": 0.5032631536842487, "0xa8af4c7923857533b687df9bf02115156e3a325e": 0.5114497455506818, "0xbc54e69667ceb6ccec538e5a0ba1927fc1fe680f": 0.7067075053284436, "0xbf78282f15166f376b9f6471689a7f0c92ebc8c4": 0.3706147399748961,