{"whale_set": ["0xe598435df0cdf5d22bdd5082d557f75f9180a0a8", "0xa2f1fecf1cc7db65a46588f764b6691533052d22", "0x847667d84fc4d81db36689c4f4c5845c8d125418", "0x60581f6fd33332a587718d0683b255eb7ba7d286", "0x5685bf6758facce7d1221d3cc3ab0fdb836a62e2", "0xbaa2bcb5439e985ce4ccf815b4700027d1b92c73", "0xc93c86f929a23f8f688d12db7ad2ed736ef652f1", "0x2a1410533fe6abeeff9d124a51f023539b64e0fb", "0xeb92ca532033ff350cb3672f958ffc3f35ccfdf0", "0x1489046ca0f9980fc2d9a950d103d3bec02c1307", "0xec0bc5b9d6f9cf4e88706d1e3efe333c6ee669e6", "0xd86d87914387111b47355e87aca7c032dbe5648d", "0xed322eac0406328b804d160915364b72e3f820d6", "0x000d257d2dc7616feaef4ae0f14600fdf50a758e", "0xf2f6af4f27ec2dcf4072095ab804016e14cd5817", "0xd25b8718f61fb64a754356ad8cf16b5579f59f3d", "0xe0718185ae103323d86b4eb687cb439b8d10f836", "0x2ae3e6f5c1b211858a4c4e8c7c58303e8fdfbc70", "0x0ce3ba832b15107d7ca7f05aedc393d3b12c3bc3", "0x24c8cf69a0e0a17eee21f69d29752bfa32e823e1", "0x879eb52a11d5296d62d8d0d78ff2baf12b43c960", "0x3b334cd6ca37ada031247deb0deaccdc0455a5f8", "0x31646fb225a7743287e760e44923345644513033", "0xd1ed12197b7dc22dede923727e9b714024dbd7cb", "0x355f3b6a0e5b430a21b5067403c2f4507dbc0df8", "0x2a019dc0089ea8c6edbbafc8a7cc9ba77b4b6397", "0x0ffcad4963e25dc150774363f4061ebe840c8236", "0x477a7d28ed844984088129207c0afcb2459e2d8e", "0xa4da7cb218c5dcb36666815c6aa043890fa82db1", "0x36e7e560c4d4cf32926906d939a18cf91f8a0b6b", "0xa9b44dca52ed35e59ac2a6f49d1203b8155464ed", "0xbad26fe5458e6219cec3e40272760e275e835296", "0xf5d92058c977a9c957c6cbfbe3e9a27c83a9be50", "0x711cf2d57de4c9aa53dd2c0bff3a2bf818688495", "0x682dbb961b8b4c4c99d9d56557d5ad68847e4cd6", "0xc8ab97a9089a9ff7e6ef0688e6e591a066946418"], "scores": {"0x000d257d2dc7616feaef4ae0f14600fdf50a758e": 8.378685730142843, "0x0ce3ba832b15107d7ca7f05aedc393d3b12c3bc3": 5.8276280270126986, "0x0ffcad4963e25dc150774363f4061ebe840c8236": 7.354351293902571, "0x1489046ca0f9980fc2d9a950d103d3bec02c1307": 3.0709130899735815, "0x24c8cf69a0e0a17eee21f69d29752bfa32e823e1": 8.136087391784143, "0x2a019dc0089ea8c6edbbafc8a7cc9ba77b4b6397": 8.33393784365992, "0x2a1410533fe6abeeff9d124a51f023539b64e0fb": 5.697238019854584, "0x2ae3e6f5c1b211858a4c4e8c7c58303e8fdfbc70": 6.502790431433525, "0x31646fb225a7743287e760e44923345644513033": 6.743994683233834, "0x355f3b6a0e5b430a21b5067403c2f4507dbc0df8": 3.2471449018044174, "0x36e7e560c4d4cf32926906d939a18cf91f8a0b6b": 8.268016268977785, "0x3b334cd6ca37ada031247deb0deaccdc0455a5f8": 2.608532576555281, "0x477a7d28ed844984088129207c0afcb2459e2d8e": 8.405698199832136, "0x5685bf6758facce7d1221d3cc3ab0fdb836a62e2": 8.62285163360701, "0x60581f6fd33332a587718d0683b255eb7ba7d286": 9.17492269447848, "0x682dbb961b8b4c4c99d9d56557d5ad68847e4cd6": 1.2892108340839787, "0x711cf2d57de4c9aa53dd2c0bff3a2bf818688495": 8.330806302285724, "0x847667d84fc4d81db36689c4f4c5845c8d125418": 8.43577191830725, "0x879eb52a11d5296d62d8d0d78ff2baf12b43c960": 6.0452655676046145, "0xa2f1fecf1cc7db65a46588f764b6691533052d22": 7.683195145544415, "0xa4da7cb218c5dcb36666815c6aa043890fa82db1": 6.883177752012313, "0xa9b44dca52ed35e59ac2a6f49d1203b8155464ed": 5.918139841133449, "0xbaa2bcb5439e985ce4ccf815b4700027d1b92c73": 7.529307228281415, "0xbad26fe5458e6219cec3e40272760e275e835296": 7.974907730702165, "0xc8ab97a9089a9ff7e6ef0688e6e591a066946418": 8.248006859313028, "0xc93c86f929a23f8f688d12db7ad2ed736ef652f1": 3.8481441613956036, "0xd1ed12197b7dc22dede923727e9b714024dbd7cb": 5.722292355954211, "0xd25b8718f61fb64a754356ad8cf16b5579f59f3d": 7.089039506568378, "0xd86d87914387111b47355e87aca7c032dbe5648d": 3.5488965036248956, "0xe0718185ae103323d86b4eb687cb439b8d10f836": 6.095410659232162, "0xe598435df0cdf5d22bdd5082d557f75f9180a0a8": 6.639884857655147, "0xeb92ca532033ff350cb3672f958ffc3f35ccfdf0": 6.041607215524262, "0xec0bc5b9d6f9cf4e88706d1e3efe333c6ee669e6": 8.703083331788017, "0xed322eac0406328b804d160915364b72e3f820d6": 8.283880263348598, "0xf2f6af4f27ec2dcf4072095ab804016e14cd5817": 8.400621552095542, "0xf5d92058c977a9c957c6cbfbe3e9a27c83a9be50": 8.517982526816553}, "winrates": {"0x000d257d2dc7616feaef4ae0f14600fdf50a758e": 0.7041180309053611, "0x0ce3ba832b15107d7ca7f05aedc393d3b12c3bc3": 0.609004930769966, "0x0ffcad4963e25dc150774363f4061ebe840c8236": 0.6364474067587866, "0x1489046ca0f9980fc2d9a950d103d3bec02c1307": 0.9998734755793933, "0x24c8cf69a0e0a17eee21f69d29752bfa32e823e1": 0.3539991388199385, "0x2a019dc0089ea8c6edbbafc8a7cc9ba77b4b6397": 0.8447383787967745, "0x2a1410533fe6abeeff9d124a51f023539b64e0fb": 0.9651016071680517, "0x2ae3e6f5c1b211858a4c4e8c7c58303e8fdfbc70": 0.7690503631329189, "0x31646fb225a7743287e760e44923345644513033": 0.6680811589254406, "0x355f3b6a0e5b430a21b5067403c2f4507dbc0df8": 0.7425457877667523, "0x36e7e560c4d4cf32926906d939a18cf91f8a0b6b": 0.9996268856638608, "0x3b334cd6ca37ada031247deb0deaccdc0455a5f8": 0.5377155712294577, "0x477a7d28ed844984088129207c0afcb2459e2d8e": 0.5451086753511117, "0x5685bf6758facce7d1221d3cc3ab0fdb836a62e2": 0.9994069492225702, "0x60581f6fd33332a587718d0683b255eb7ba7d286": 0.9705923578062082, "0x682dbb961b8b4c4c99d9d56557d5ad68847e4cd6": 0.1537906178261263, "0x711cf2d57de4c9aa53dd2c0bff3a2bf818688495": 0.5947053161325175, "0x847667d84fc4d81db36689c4f4c5845c8d125418": 0.9998680779564898, "0x879eb52a11d5296d62d8d0d78ff2baf12b43c960": 0.49999645700144035, "0xa2f1fecf1cc7db65a46588f764b6691533052d22": 0.8694865435682592, "0xa4da7cb218c5dcb36666815c6aa043890fa82db1": 0.6701837230970501, "0xa9b44dca52ed35e59ac2a6f49d1203b8155464ed": 0.21028825316177868, "0xbaa2bcb5439e985ce4ccf815b4700027d1b92c73": 0.5878899292066346, "0xbad26fe5458e6219cec3e40272760e275e835296": 0.5965650844275902, "0xc8ab97a9089a9ff7e6ef0688e6e591a066946418": 0.9857080338564845, "0xc93c86f929a23f8f688d12db7ad2ed736ef652f1": 0.862262056943759, "0xd1ed12197b7dc22dede923727e9b714024dbd7cb": 0.5131133067709017, "0xd25b8718f61fb64a754356ad8cf16b5579f59f3d": 0.501528521589037, "0xd86d87914387111b47355e87aca7c032dbe5648d": 0.6496598839200739, "0xe0718185ae103323d86b4eb687cb439b8d10f836": 0.606116480191271, "0xe598435df0cdf5d22bdd5082d557f75f9180a0a8": 0.5298218062326921, "0xeb92ca532033ff350cb3672f958ffc3f35ccfdf0": 0.5310612070891534, "0xec0bc5b9d6f9cf4e88706d1e3efe333c6ee669e6": 0.9592415918443649, "0xed322eac0406328b804d160915364b72e3f820d6": 0.7980184137196874, "0xf2f6af4f27ec2dcf4072095ab804016e14cd5817": 0.722691329990194, "0xf5d92058c977a9c957c6cbfbe3e9a27c83a9be50": 0.8147503669419759}}