{"whale_set": ["0xe598435df0cdf5d22bdd5082d557f75f9180a0a8", "0xa2f1fecf1cc7db65a46588f764b6691533052d22", "0x847667d84fc4d81db36689c4f4c5845c8d125418", "0x60581f6fd33332a587718d0683b255eb7ba7d286", "0x5685bf6758facce7d1221d3cc3ab0fdb836a62e2", "0xbaa2bcb5439e985ce4ccf815b4700027d1b92c73", "0xc93c86f929a23f8f688d12db7ad2ed736ef652f1", "0x2a1410533fe6abeeff9d124a51f023539b64e0fb", "0x1489046ca0f9980fc2d9a950d103d3bec02c1307", "0xec0bc5b9d6f9cf4e88706d1e3efe333c6ee669e6", "0xd86d87914387111b47355e87aca7c032dbe5648d", "0xed322eac0406328b804d160915364b72e3f820d6", "0x000d257d2dc7616feaef4ae0f14600fdf50a758e", "0xf2f6af4f27ec2dcf4072095ab804016e14cd5817", "0xd25b8718f61fb64a754356ad8cf16b5579f59f3d", "0xe0718185ae103323d86b4eb687cb439b8d10f836", "0x12bff6ca3cb6cfc950a27b275b795fd84d4dddaf", "0x0ce3ba832b15107d7ca7f05aedc393d3b12c3bc3", "0x24c8cf69a0e0a17eee21f69d29752bfa32e823e1", "0x2ae3e6f5c1b211858a4c4e8c7c58303e8fdfbc70", "0x879eb52a11d5296d62d8d0d78ff2baf12b43c960", "0x3b334cd6ca37ada031247deb0deaccdc0455a5f8", "0x31646fb225a7743287e760e44923345644513033", "0xd1ed12197b7dc22dede923727e9b714024dbd7cb", "0x355f3b6a0e5b430a21b5067403c2f4507dbc0df8", "0x2a019dc0089ea8c6edbbafc8a7cc9ba77b4b6397", "0x0ffcad4963e25dc150774363f4061ebe840c8236", "0x477a7d28ed844984088129207c0afcb2459e2d8e", "0xa4da7cb218c5dcb36666815c6aa043890fa82db1", "0x36e7e560c4d4cf32926906d939a18cf91f8a0b6b", "0xa9b44dca52ed35e59ac2a6f49d1203b8155464ed", "0xbad26fe5458e6219cec3e40272760e275e835296", "0xf5d92058c977a9c957c6cbfbe3e9a27c83a9be50", "0x1d379e322ef813587a3e13ad79857c45edc7f4a4", "0x711cf2d57de4c9aa53dd2c0bff3a2bf818688495", "0x682dbb961b8b4c4c99d9d56557d5ad68847e4cd6", "0xc8ab97a9089a9ff7e6ef0688e6e591a066946418"], "scores": {"0x000d257d2dc7616feaef4ae0f14600fdf50a758e": 8.3711213967957, "0x0ce3ba832b15107d7ca7f05aedc393d3b12c3bc3": 5.819716885291849, "0x0ffcad4963e25dc150774363f4061ebe840c8236": 7.893721375324926, "0x12bff6ca3cb6cfc950a27b275b795fd84d4dddaf": 2.5714220820648714, "0x1489046ca0f9980fc2d9a950d103d3bec02c1307": 3.0579305863718806, "0x1d379e322ef813587a3e13ad79857c45edc7f4a4": 3.071134781465809, "0x24c8cf69a0e0a17eee21f69d29752bfa32e823e1": 8.387165047675122, "0x2a019dc0089ea8c6edbbafc8a7cc9ba77b4b6397": 8.320802070609863, "0x2a1410533fe6abeeff9d124a51f023539b64e0fb": 5.694970277494921, "0x2ae3e6f5c1b211858a4c4e8c7c58303e8fdfbc70": 6.33928180664624, "0x31646fb225a7743287e760e44923345644513033": 6.4278771269191965, "0x355f3b6a0e5b430a21b5067403c2f4507dbc0df8": 4.338550118729581, "0x36e7e560c4d4cf32926906d939a18cf91f8a0b6b": 8.220356552342585, "0x3b334cd6ca37ada031247deb0deaccdc0455a5f8": 2.4326540252708417, "0x477a7d28ed844984088129207c0afcb2459e2d8e": 8.402696877774611, "0x5685bf6758facce7d1221d3cc3ab0fdb836a62e2": 8.616276901030293, "0x60581f6fd33332a587718d0683b255eb7ba7d286": 9.183056112719907, "0x682dbb961b8b4c4c99d9d56557d5ad68847e4cd6": 2.098706887574142, "0x711cf2d57de4c9aa53dd2c0bff3a2bf818688495": 8.255639497576832, "0x847667d84fc4d81db36689c4f4c5845c8d125418": 8.343416650852888, "0x879eb52a11d5296d62d8d0d78ff2baf12b43c960": 6.03366680934112, "0xa2f1fecf1cc7db65a46588f764b6691533052d22": 7.990179742078263, "0xa4da7cb218c5dcb36666815c6aa043890fa82db1": 7.082774139646823, "0xa9b44dca52ed35e59ac2a6f49d1203b8155464ed": 5.969392017856108, "0xbaa2bcb5439e985ce4ccf815b4700027d1b92c73": 7.257534145198511, "0xbad26fe5458e6219cec3e40272760e275e835296": 7.558318792005507, "0xc8ab97a9089a9ff7e6ef0688e6e591a066946418": 8.234737384244953, "0xc93c86f929a23f8f688d12db7ad2ed736ef652f1": 4.581534951315705, "0xd1ed12197b7dc22dede923727e9b714024dbd7cb": 6.210344675270303, "0xd25b8718f61fb64a754356ad8cf16b5579f59f3d": 8.198183595982657, "0xd86d87914387111b47355e87aca7c032dbe5648d": 3.6152899066823645, "0xe0718185ae103323d86b4eb687cb439b8d10f836": 5.905095069269602, "0xe598435df0cdf5d22bdd5082d557f75f9180a0a8": 6.1257248132862445, "0xec0bc5b9d6f9cf4e88706d1e3efe333c6ee669e6": 8.71815099944594, "0xed322eac0406328b804d160915364b72e3f820d6": 8.338331824680342, "0xf2f6af4f27ec2dcf4072095ab804016e14cd5817": 8.43965468634093, "0xf5d92058c977a9c957c6cbfbe3e9a27c83a9be50": 8.518008692233588}, "winrates": {"0x000d257d2dc7616feaef4ae0f14600fdf50a758e": 0.7015661209341205, "0x0ce3ba832b15107d7ca7f05aedc393d3b12c3bc3": 0.6098631638883775, "0x0ffcad4963e25dc150774363f4061ebe840c8236": 0.6349601678141208, "0x12bff6ca3cb6cfc950a27b275b795fd84d4dddaf": 0.35015105731211704, "0x1489046ca0f9980fc2d9a950d103d3bec02c1307": 0.999928886596889, "0x1d379e322ef813587a3e13ad79857c45edc7f4a4": 0.5792086654560857, "0x24c8cf69a0e0a17eee21f69d29752bfa32e823e1": 0.4270323828418222, "0x2a019dc0089ea8c6edbbafc8a7cc9ba77b4b6397": 0.8165999737397478, "0x2a1410533fe6abeeff9d124a51f023539b64e0fb": 0.9657211424839888, "0x2ae3e6f5c1b211858a4c4e8c7c58303e8fdfbc70": 0.7599757654746041, "0x31646fb225a7743287e760e44923345644513033": 0.6522652272755346, "0x355f3b6a0e5b430a21b5067403c2f4507dbc0df8": 0.7667504557975863, "0x36e7e560c4d4cf32926906d939a18cf91f8a0b6b": 0.9997675956110776, "0x3b334cd6ca37ada031247deb0deaccdc0455a5f8": 0.5292869481511053, "0x477a7d28ed844984088129207c0afcb2459e2d8e": 0.5463394076867929, "0x5685bf6758facce7d1221d3cc3ab0fdb836a62e2": 0.9997386560463275, "0x60581f6fd33332a587718d0683b255eb7ba7d286": 0.9778598225331925, "0x682dbb961b8b4c4c99d9d56557d5ad68847e4cd6": 0.260739846763301, "0x711cf2d57de4c9aa53dd2c0bff3a2bf818688495": 0.5531067693796226, "0x847667d84fc4d81db36689c4f4c5845c8d125418": 0.999919558731356, "0x879eb52a11d5296d62d8d0d78ff2baf12b43c960": 0.4999989477079171, "0xa2f1fecf1cc7db65a46588f764b6691533052d22": 0.8410068652415523, "0xa4da7cb218c5dcb36666815c6aa043890fa82db1": 0.6614091687188102, "0xa9b44dca52ed35e59ac2a6f49d1203b8155464ed": 0.2699000245981966, "0xbaa2bcb5439e985ce4ccf815b4700027d1b92c73": 0.5746144152124308, "0xbad26fe5458e6219cec3e40272760e275e835296": 0.5958124347917646, "0xc8ab97a9089a9ff7e6ef0688e6e591a066946418": 0.9668879823591557, "0xc93c86f929a23f8f688d12db7ad2ed736ef652f1": 0.8481392895305455, "0xd1ed12197b7dc22dede923727e9b714024dbd7cb": 0.5228763690433607, "0xd25b8718f61fb64a754356ad8cf16b5579f59f3d": 0.5363855757549736, "0xd86d87914387111b47355e87aca7c032dbe5648d": 0.64013491181788, "0xe0718185ae103323d86b4eb687cb439b8d10f836": 0.5990153594197156, "0xe598435df0cdf5d22bdd5082d557f75f9180a0a8": 0.5154538776353574, "0xec0bc5b9d6f9cf4e88706d1e3efe333c6ee669e6": 0.9602630422533215, "0xed322eac0406328b804d160915364b72e3f820d6": 0.8149732467158038, "0xf2f6af4f27ec2dcf4072095ab804016e14cd5817": 0.7220069722651079, "0xf5d92058c977a9c957c6cbfbe3e9a27c83a9be50": 0.8146880844890296}}