{"whale_set": ["0x53a4f5be7d64abd9c49835374b5686cb86454447", "0xbb611d193d53fe25a0d372d98cf24e4dc03558ff", "0xa2f1fecf1cc7db65a46588f764b6691533052d22", "0x3b5d93e768e79c0974ac0f7d210237988120cc80", "0x847667d84fc4d81db36689c4f4c5845c8d125418", "0xbaa2bcb5439e985ce4ccf815b4700027d1b92c73", "0x5685bf6758facce7d1221d3cc3ab0fdb836a62e2", "0xc93c86f929a23f8f688d12db7ad2ed736ef652f1", "0x2a1410533fe6abeeff9d124a51f023539b64e0fb", "0x1489046ca0f9980fc2d9a950d103d3bec02c1307", "0x77a4ba69bfd3a388bce7031900a3fabc105fc84f", "0xec0bc5b9d6f9cf4e88706d1e3efe333c6ee669e6", "0xd86d87914387111b47355e87aca7c032dbe5648d", "0xed322eac0406328b804d160915364b72e3f820d6", "0x491952b03ecf9ff4c3d0189b7e4f13431584067e", "0x000d257d2dc7616feaef4ae0f14600fdf50a758e", "0x4f5b608cbdaac7d946578a58493109ed9a60d411", "0xf2f6af4f27ec2dcf4072095ab804016e14cd5817", "0xd25b8718f61fb64a754356ad8cf16b5579f59f3d", "0x05ab749a8554fb7c852238c271d384bae6798145", "0x0ce3ba832b15107d7ca7f05aedc393d3b12c3bc3", "0x12bff6ca3cb6cfc950a27b275b795fd84d4dddaf", "0x24c8cf69a0e0a17eee21f69d29752bfa32e823e1", "0x2ae3e6f5c1b211858a4c4e8c7c58303e8fdfbc70", "0x879eb52a11d5296d62d8d0d78ff2baf12b43c960", "0x3b334cd6ca37ada031247deb0deaccdc0455a5f8", "0x4a8accbbcb898b0d9218d98ae83d2dd87000e4cd", "0x31646fb225a7743287e760e44923345644513033", "0x8c7b26969470bd87494b5d406c3e84256d102a87", "0x204f72f35326db932158cba6adff0b9a1da95e14", "0xd1ed12197b7dc22dede923727e9b714024dbd7cb", "0x355f3b6a0e5b430a21b5067403c2f4507dbc0df8", "0x2a019dc0089ea8c6edbbafc8a7cc9ba77b4b6397", "0x0ffcad4963e25dc150774363f4061ebe840c8236", "0x477a7d28ed844984088129207c0afcb2459e2d8e", "0xa4da7cb218c5dcb36666815c6aa043890fa82db1", "0x36e7e560c4d4cf32926906d939a18cf91f8a0b6b", "0xa9b44dca52ed35e59ac2a6f49d1203b8155464ed", "0xbad26fe5458e6219cec3e40272760e275e835296", "0xf5d92058c977a9c957c6cbfbe3e9a27c83a9be50", "0x1d379e322ef813587a3e13ad79857c45edc7f4a4", "0x711cf2d57de4c9aa53dd2c0bff3a2bf818688495", "0x682dbb961b8b4c4c99d9d56557d5ad68847e4cd6", "0x60581f6fd33332a587718d0683b255eb7ba7d286"], "scores": {"0x000d257d2dc7616feaef4ae0f14600fdf50a758e": 8.3711213967957, "0x05ab749a8554fb7c852238c271d384bae6798145": 2.2921235851310846, "0x0ce3ba832b15107d7ca7f05aedc393d3b12c3bc3": 5.821031066785532, "0x0ffcad4963e25dc150774363f4061ebe840c8236": 7.895169457295425, "0x12bff6ca3cb6cfc950a27b275b795fd84d4dddaf": 2.583968873384897, "0x1489046ca0f9980fc2d9a950d103d3bec02c1307": 3.0577959831458763, "0x1d379e322ef813587a3e13ad79857c45edc7f4a4": 3.088347409311485, "0x204f72f35326db932158cba6adff0b9a1da95e14": 7.096116047049985, "0x24c8cf69a0e0a17eee21f69d29752bfa32e823e1": 8.38020894702856, "0x2a019dc0089ea8c6edbbafc8a7cc9ba77b4b6397": 7.884185671833546, "0x2a1410533fe6abeeff9d124a51f023539b64e0fb": 5.69497428736348, "0x2ae3e6f5c1b211858a4c4e8c7c58303e8fdfbc70": 6.340324982391909, "0x31646fb225a7743287e760e44923345644513033": 6.428116430803126, "0x355f3b6a0e5b430a21b5067403c2f4507dbc0df8": 4.252522296958755, "0x36e7e560c4d4cf32926906d939a18cf91f8a0b6b": 8.220356552342583, "0x3b334cd6ca37ada031247deb0deaccdc0455a5f8": 2.4560805889270343, "0x3b5d93e768e79c0974ac0f7d210237988120cc80": 2.74662623684979, "0x477a7d28ed844984088129207c0afcb2459e2d8e": 8.402696877774611, "0x491952b03ecf9ff4c3d0189b7e4f13431584067e": 2.663191261534833, "0x4a8accbbcb898b0d9218d98ae83d2dd87000e4cd": 8.092655307460033, "0x4f5b608cbdaac7d946578a58493109ed9a60d411": 8.317688953646506, "0x53a4f5be7d64abd9c49835374b5686cb86454447": 7.680462846544058, "0x5685bf6758facce7d1221d3cc3ab0fdb836a62e2": 8.616276901030293, "0x60581f6fd33332a587718d0683b255eb7ba7d286": 9.183056112719907, "0x682dbb961b8b4c4c99d9d56557d5ad68847e4cd6": 7.399951050870964, "0x711cf2d57de4c9aa53dd2c0bff3a2bf818688495": 8.255639497576832, "0x77a4ba69bfd3a388bce7031900a3fabc105fc84f": 2.6578865633811795, "0x847667d84fc4d81db36689c4f4c5845c8d125418": 8.343416650852888, "0x879eb52a11d5296d62d8d0d78ff2baf12b43c960": 6.037450816239554, "0x8c7b26969470bd87494b5d406c3e84256d102a87": 3.9246966943064723, "0xa2f1fecf1cc7db65a46588f764b6691533052d22": 7.991275119438457, "0xa4da7cb218c5dcb36666815c6aa043890fa82db1": 7.086151833793345, "0xa9b44dca52ed35e59ac2a6f49d1203b8155464ed": 5.970057735622558, "0xbaa2bcb5439e985ce4ccf815b4700027d1b92c73": 7.334713108810537, "0xbad26fe5458e6219cec3e40272760e275e835296": 7.160864518877213, "0xbb611d193d53fe25a0d372d98cf24e4dc03558ff": 2.830236885331022, "0xc93c86f929a23f8f688d12db7ad2ed736ef652f1": 3.7554926088166294, "0xd1ed12197b7dc22dede923727e9b714024dbd7cb": 6.2235895739323945, "0xd25b8718f61fb64a754356ad8cf16b5579f59f3d": 8.198183595982657, "0xd86d87914387111b47355e87aca7c032dbe5648d": 3.6167500837869078, "0xec0bc5b9d6f9cf4e88706d1e3efe333c6ee669e6": 8.71815099944594, "0xed322eac0406328b804d160915364b72e3f820d6": 8.338331824680342, "0xf2f6af4f27ec2dcf4072095ab804016e14cd5817": 8.44248692140303, "0xf5d92058c977a9c957c6cbfbe3e9a27c83a9be50": 8.518008692233588}, "winrates": {"0x000d257d2dc7616feaef4ae0f14600fdf50a758e": 0.7015795353578183, "0x05ab749a8554fb7c852238c271d384bae6798145": 0.47845752173985723, "0x0ce3ba832b15107d7ca7f05aedc393d3b12c3bc3": 0.6099420147779984, "0x0ffcad4963e25dc150774363f4061ebe840c8236": 0.6350470527323507, "0x12bff6ca3cb6cfc950a27b275b795fd84d4dddaf": 0.35090386479131863, "0x1489046ca0f9980fc2d9a950d103d3bec02c1307": 0.9999208104033289, "0x1d379e322ef813587a3e13ad79857c45edc7f4a4": 0.5802414231268263, "0x204f72f35326db932158cba6adff0b9a1da95e14": 0.9999321718546264, "0x24c8cf69a0e0a17eee21f69d29752bfa32e823e1": 0.4168098338763136, "0x2a019dc0089ea8c6edbbafc8a7cc9ba77b4b6397": 0.6863461813808288, "0x2a1410533fe6abeeff9d124a51f023539b64e0fb": 0.9657213830761022, "0x2ae3e6f5c1b211858a4c4e8c7c58303e8fdfbc70": 0.7600383560193442, "0x31646fb225a7743287e760e44923345644513033": 0.6522795855085702, "0x355f3b6a0e5b430a21b5067403c2f4507dbc0df8": 0.7543136849197243, "0x36e7e560c4d4cf32926906d939a18cf91f8a0b6b": 0.9997413508167466, "0x3b334cd6ca37ada031247deb0deaccdc0455a5f8": 0.530692541970477, "0x3b5d93e768e79c0974ac0f7d210237988120cc80": 0.5734935234763983, "0x477a7d28ed844984088129207c0afcb2459e2d8e": 0.5464134716209714, "0x491952b03ecf9ff4c3d0189b7e4f13431584067e": 0.7865625034673674, "0x4a8accbbcb898b0d9218d98ae83d2dd87000e4cd": 0.7555868903201843, "0x4f5b608cbdaac7d946578a58493109ed9a60d411": 0.7694712764233531, "0x53a4f5be7d64abd9c49835374b5686cb86454447": 0.5995866480381374, "0x5685bf6758facce7d1221d3cc3ab0fdb836a62e2": 0.999709173201171, "0x60581f6fd33332a587718d0683b255eb7ba7d286": 0.9778571100646206, "0x682dbb961b8b4c4c99d9d56557d5ad68847e4cd6": 0.4370980429558616, "0x711cf2d57de4c9aa53dd2c0bff3a2bf818688495": 0.5532290264364773, "0x77a4ba69bfd3a388bce7031900a3fabc105fc84f": 0.40252394885263904, "0x847667d84fc4d81db36689c4f4c5845c8d125418": 0.9999104261739911, "0x879eb52a11d5296d62d8d0d78ff2baf12b43c960": 0.5002259881218232, "0x8c7b26969470bd87494b5d406c3e84256d102a87": 0.7200591616590447, "0xa2f1fecf1cc7db65a46588f764b6691533052d22": 0.8410725878831641, "0xa4da7cb218c5dcb36666815c6aa043890fa82db1": 0.6616118303676014, "0xa9b44dca52ed35e59ac2a6f49d1203b8155464ed": 0.26993996766418366, "0xbaa2bcb5439e985ce4ccf815b4700027d1b92c73": 0.588502429868086, "0xbad26fe5458e6219cec3e40272760e275e835296": 0.5284616206734509, "0xbb611d193d53fe25a0d372d98cf24e4dc03558ff": 0.9877538044689285, "0xc93c86f929a23f8f688d12db7ad2ed736ef652f1": 0.8024114224766586, "0xd1ed12197b7dc22dede923727e9b714024dbd7cb": 0.5236710629630861, "0xd25b8718f61fb64a754356ad8cf16b5579f59f3d": 0.5370668711780863, "0xd86d87914387111b47355e87aca7c032dbe5648d": 0.6402225224441525, "0xec0bc5b9d6f9cf4e88706d1e3efe333c6ee669e6": 0.9602635771869221, "0xed322eac0406328b804d160915364b72e3f820d6": 0.8150177040279587, "0xf2f6af4f27ec2dcf4072095ab804016e14cd5817": 0.7226436219449274, "0xf5d92058c977a9c957c6cbfbe3e9a27c83a9be50": 0.8147238253466905}}