{"whale_set": ["0xe598435df0cdf5d22bdd5082d557f75f9180a0a8", "0xa2f1fecf1cc7db65a46588f764b6691533052d22", "0x847667d84fc4d81db36689c4f4c5845c8d125418", "0x60581f6fd33332a587718d0683b255eb7ba7d286", "0x5685bf6758facce7d1221d3cc3ab0fdb836a62e2", "0xbaa2bcb5439e985ce4ccf815b4700027d1b92c73", "0xc93c86f929a23f8f688d12db7ad2ed736ef652f1", "0x2a1410533fe6abeeff9d124a51f023539b64e0fb", "0x1489046ca0f9980fc2d9a950d103d3bec02c1307", "0xec0bc5b9d6f9cf4e88706d1e3efe333c6ee669e6", "0xd86d87914387111b47355e87aca7c032dbe5648d", "0xed322eac0406328b804d160915364b72e3f820d6", "0x000d257d2dc7616feaef4ae0f14600fdf50a758e", "0xf2f6af4f27ec2dcf4072095ab804016e14cd5817", "0xd25b8718f61fb64a754356ad8cf16b5579f59f3d", "0xe0718185ae103323d86b4eb687cb439b8d10f836", "0x12bff6ca3cb6cfc950a27b275b795fd84d4dddaf", "0x0ce3ba832b15107d7ca7f05aedc393d3b12c3bc3", "0x24c8cf69a0e0a17eee21f69d29752bfa32e823e1", "0x2ae3e6f5c1b211858a4c4e8c7c58303e8fdfbc70", "0x879eb52a11d5296d62d8d0d78ff2baf12b43c960", "0x3b334cd6ca37ada031247deb0deaccdc0455a5f8", "0x31646fb225a7743287e760e44923345644513033", "0xd1ed12197b7dc22dede923727e9b714024dbd7cb", "0x355f3b6a0e5b430a21b5067403c2f4507dbc0df8", "0x2a019dc0089ea8c6edbbafc8a7cc9ba77b4b6397", "0x0ffcad4963e25dc150774363f4061ebe840c8236", "0x477a7d28ed844984088129207c0afcb2459e2d8e", "0xa4da7cb218c5dcb36666815c6aa043890fa82db1", "0x36e7e560c4d4cf32926906d939a18cf91f8a0b6b", "0xa9b44dca52ed35e59ac2a6f49d1203b8155464ed", "0xbad26fe5458e6219cec3e40272760e275e835296", "0xf5d92058c977a9c957c6cbfbe3e9a27c83a9be50", "0x1d379e322ef813587a3e13ad79857c45edc7f4a4", "0x711cf2d57de4c9aa53dd2c0bff3a2bf818688495", "0x682dbb961b8b4c4c99d9d56557d5ad68847e4cd6", "0xc8ab97a9089a9ff7e6ef0688e6e591a066946418"], "scores": {"0x000d257d2dc7616feaef4ae0f14600fdf50a758e": 8.3711213967957, "0x0ce3ba832b15107d7ca7f05aedc393d3b12c3bc3": 5.820117928051558, "0x0ffcad4963e25dc150774363f4061ebe840c8236": 7.8941660147403, "0x12bff6ca3cb6cfc950a27b275b795fd84d4dddaf": 2.575122020923234, "0x1489046ca0f9980fc2d9a950d103d3bec02c1307": 3.0579306706511566, "0x1d379e322ef813587a3e13ad79857c45edc7f4a4": 3.0763627952757826, "0x24c8cf69a0e0a17eee21f69d29752bfa32e823e1": 8.387165047675122, "0x2a019dc0089ea8c6edbbafc8a7cc9ba77b4b6397": 8.320802070609863, "0x2a1410533fe6abeeff9d124a51f023539b64e0fb": 5.69498645077741, "0x2ae3e6f5c1b211858a4c4e8c7c58303e8fdfbc70": 6.3396189399201175, "0x31646fb225a7743287e760e44923345644513033": 6.4279509464945495, "0x355f3b6a0e5b430a21b5067403c2f4507dbc0df8": 4.339138312921301, "0x36e7e560c4d4cf32926906d939a18cf91f8a0b6b": 8.220356552342585, "0x3b334cd6ca37ada031247deb0deaccdc0455a5f8": 2.439710830893943, "0x477a7d28ed844984088129207c0afcb2459e2d8e": 8.402696877774611, "0x5685bf6758facce7d1221d3cc3ab0fdb836a62e2": 8.616276901030293, "0x60581f6fd33332a587718d0683b255eb7ba7d286": 9.183056112719907, "0x682dbb961b8b4c4c99d9d56557d5ad68847e4cd6": 2.1008463986299706, "0x711cf2d57de4c9aa53dd2c0bff3a2bf818688495": 8.255639497576832, "0x847667d84fc4d81db36689c4f4c5845c8d125418": 8.343416650852888, "0x879eb52a11d5296d62d8d0d78ff2baf12b43c960": 6.03479961488883, "0xa2f1fecf1cc7db65a46588f764b6691533052d22": 7.990563799500988, "0xa4da7cb218c5dcb36666815c6aa043890fa82db1": 7.083819390794663, "0xa9b44dca52ed35e59ac2a6f49d1203b8155464ed": 5.969587061487858, "0xbaa2bcb5439e985ce4ccf815b4700027d1b92c73": 7.257693043304652, "0xbad26fe5458e6219cec3e40272760e275e835296": 7.559244145691286, "0xc8ab97a9089a9ff7e6ef0688e6e591a066946418": 8.234737384244953, "0xc93c86f929a23f8f688d12db7ad2ed736ef652f1": 4.58189743636832, "0xd1ed12197b7dc22dede923727e9b714024dbd7cb": 6.214326481251987, "0xd25b8718f61fb64a754356ad8cf16b5579f59f3d": 8.198183595982657, "0xd86d87914387111b47355e87aca7c032dbe5648d": 3.61573888015544, "0xe0718185ae103323d86b4eb687cb439b8d10f836": 5.906133424159809, "0xe598435df0cdf5d22bdd5082d557f75f9180a0a8": 6.125907092975832, "0xec0bc5b9d6f9cf4e88706d1e3efe333c6ee669e6": 8.71815099944594, "0xed322eac0406328b804d160915364b72e3f820d6": 8.338331824680342, "0xf2f6af4f27ec2dcf4072095ab804016e14cd5817": 8.43965468634093, "0xf5d92058c977a9c957c6cbfbe3e9a27c83a9be50": 8.518008692233588}, "winrates": {"0x000d257d2dc7616feaef4ae0f14600fdf50a758e": 0.7015703291910115, "0x0ce3ba832b15107d7ca7f05aedc393d3b12c3bc3": 0.60988722645396, "0x0ffcad4963e25dc150774363f4061ebe840c8236": 0.6349868461790432, "0x12bff6ca3cb6cfc950a27b275b795fd84d4dddaf": 0.3503730536436188, "0x1489046ca0f9980fc2d9a950d103d3bec02c1307": 0.9999288916536456, "0x1d379e322ef813587a3e13ad79857c45edc7f4a4": 0.5795223462846841, "0x24c8cf69a0e0a17eee21f69d29752bfa32e823e1": 0.42703718807117286, "0x2a019dc0089ea8c6edbbafc8a7cc9ba77b4b6397": 0.816605698048294, "0x2a1410533fe6abeeff9d124a51f023539b64e0fb": 0.9657221128809381, "0x2ae3e6f5c1b211858a4c4e8c7c58303e8fdfbc70": 0.7599959934710367, "0x31646fb225a7743287e760e44923345644513033": 0.6522696564500557, "0x355f3b6a0e5b430a21b5067403c2f4507dbc0df8": 0.7667857474490894, "0x36e7e560c4d4cf32926906d939a18cf91f8a0b6b": 0.999767649610328, "0x3b334cd6ca37ada031247deb0deaccdc0455a5f8": 0.5297103564884914, "0x477a7d28ed844984088129207c0afcb2459e2d8e": 0.5463617304000724, "0x5685bf6758facce7d1221d3cc3ab0fdb836a62e2": 0.9997387243291443, "0x60581f6fd33332a587718d0683b255eb7ba7d286": 0.9778615472662959, "0x682dbb961b8b4c4c99d9d56557d5ad68847e4cd6": 0.2608682174266507, "0x711cf2d57de4c9aa53dd2c0bff3a2bf818688495": 0.5531436628077449, "0x847667d84fc4d81db36689c4f4c5845c8d125418": 0.9999195652016332, "0x879eb52a11d5296d62d8d0d78ff2baf12b43c960": 0.5000669160407797, "0xa2f1fecf1cc7db65a46588f764b6691533052d22": 0.8410299086869157, "0xa4da7cb218c5dcb36666815c6aa043890fa82db1": 0.6614718837876806, "0xa9b44dca52ed35e59ac2a6f49d1203b8155464ed": 0.2699117272161016, "0xbaa2bcb5439e985ce4ccf815b4700027d1b92c73": 0.5746239490987993, "0xbad26fe5458e6219cec3e40272760e275e835296": 0.5958679560129113, "0xc8ab97a9089a9ff7e6ef0688e6e591a066946418": 0.9669005269956309, "0xc93c86f929a23f8f688d12db7ad2ed736ef652f1": 0.8481610386337024, "0xd1ed12197b7dc22dede923727e9b714024dbd7cb": 0.5231152774022617, "0xd25b8718f61fb64a754356ad8cf16b5579f59f3d": 0.5365907910753612, "0xd86d87914387111b47355e87aca7c032dbe5648d": 0.6401618502262645, "0xe0718185ae103323d86b4eb687cb439b8d10f836": 0.5990776607131281, "0xe598435df0cdf5d22bdd5082d557f75f9180a0a8": 0.5154648144167326, "0xec0bc5b9d6f9cf4e88706d1e3efe333c6ee669e6": 0.960263801977917, "0xed322eac0406328b804d160915364b72e3f820d6": 0.8149883000697938, "0xf2f6af4f27ec2dcf4072095ab804016e14cd5817": 0.7220206402949099, "0xf5d92058c977a9c957c6cbfbe3e9a27c83a9be50": 0.8147001820527966}}