{"whale_set": ["0xb8fe807aa951e35af53fd0fee36abc303864ce76", "0xee50a31c3f5a7c77824b12a941a54388a2827ed6", "0x0ce3ba832b15107d7ca7f05aedc393d3b12c3bc3", "0xab19716584931d81cd9e7763402673a64baa4876", "0xcaab19659b995951a44cc992447cb2ad5be324dd", "0x3b5d93e768e79c0974ac0f7d210237988120cc80", "0x4a8accbbcb898b0d9218d98ae83d2dd87000e4cd", "0x31646fb225a7743287e760e44923345644513033", "0xea8ee311382139d952087a669252252625663de0", "0x51a15d76e6b5cd7e0b21fa1f3d1995439a5da78f", "0x000d257d2dc7616feaef4ae0f14600fdf50a758e", "0x60581f6fd33332a587718d0683b255eb7ba7d286", "0xf5d92058c977a9c957c6cbfbe3e9a27c83a9be50", "0x682dbb961b8b4c4c99d9d56557d5ad68847e4cd6", "0x4b786ddc5c56d0429094bedd15320def5b464d2f", "0xc8ab97a9089a9ff7e6ef0688e6e591a066946418"], "scores": {"0x000d257d2dc7616feaef4ae0f14600fdf50a758e": 8.352700803542108, "0x0ce3ba832b15107d7ca7f05aedc393d3b12c3bc3": 5.8196625253778995, "0x31646fb225a7743287e760e44923345644513033": 6.427861568478524, "0x3b5d93e768e79c0974ac0f7d210237988120cc80": 2.746098210414587, "0x4a8accbbcb898b0d9218d98ae83d2dd87000e4cd": 7.749328479726103, "0x4b786ddc5c56d0429094bedd15320def5b464d2f": 8.092030273340711, "0x51a15d76e6b5cd7e0b21fa1f3d1995439a5da78f": 3.732376375367253, "0x60581f6fd33332a587718d0683b255eb7ba7d286": 9.183056112719907, "0x682dbb961b8b4c4c99d9d56557d5ad68847e4cd6": 7.627348421999744, "0xab19716584931d81cd9e7763402673a64baa4876": 5.960152554398138, "0xb8fe807aa951e35af53fd0fee36abc303864ce76": 7.939916247409457, "0xc8ab97a9089a9ff7e6ef0688e6e591a066946418": 6.021256140491672, "0xcaab19659b995951a44cc992447cb2ad5be324dd": 7.403329890794845, "0xea8ee311382139d952087a669252252625663de0": 2.4430688312927664, "0xee50a31c3f5a7c77824b12a941a54388a2827ed6": 3.3024547887483027, "0xf5d92058c977a9c957c6cbfbe3e9a27c83a9be50": 7.293966462351238}, "winrates": {"0x000d257d2dc7616feaef4ae0f14600fdf50a758e": 0.7248098323630757, "0x0ce3ba832b15107d7ca7f05aedc393d3b12c3bc3": 0.6098599022935406, "0x31646fb225a7743287e760e44923345644513033": 0.6522642937690942, "0x3b5d93e768e79c0974ac0f7d210237988120cc80": 0.5734618418902862, "0x4a8accbbcb898b0d9218d98ae83d2dd87000e4cd": 0.6935411972147117, "0x4b786ddc5c56d0429094bedd15320def5b464d2f": 0.5707429207101465, "0x51a15d76e6b5cd7e0b21fa1f3d1995439a5da78f": 0.9998427521954044, "0x60581f6fd33332a587718d0683b255eb7ba7d286": 0.9778419041875587, "0x682dbb961b8b4c4c99d9d56557d5ad68847e4cd6": 0.5999386863311944, "0xab19716584931d81cd9e7763402673a64baa4876": 0.8553684987650838, "0xb8fe807aa951e35af53fd0fee36abc303864ce76": 0.4358971741375855, "0xc8ab97a9089a9ff7e6ef0688e6e591a066946418": 0.7453112813382324, "0xcaab19659b995951a44cc992447cb2ad5be324dd": 0.7217676741605128, "0xea8ee311382139d952087a669252252625663de0": 0.7561963305380272, "0xee50a31c3f5a7c77824b12a941a54388a2827ed6": 0.8611708989022472, "0xf5d92058c977a9c957c6cbfbe3e9a27c83a9be50": 0.5797106120348954}}