{"whale_set": ["0x3b5d93e768e79c0974ac0f7d210237988120cc80", "0xbaa2bcb5439e985ce4ccf815b4700027d1b92c73", "0xe40362b6d2c1eb1134da886f4c64f02f08f6e5a4", "0xb8fe807aa951e35af53fd0fee36abc303864ce76", "0xab19716584931d81cd9e7763402673a64baa4876", "0x93d1974fcfb0885f4a438f67aa74c6d86a28a451", "0x000d257d2dc7616feaef4ae0f14600fdf50a758e", "0x89b9612be1bd62a91e202d12cca8888f1b3fa20f", "0xf2f6af4f27ec2dcf4072095ab804016e14cd5817", "0xee50a31c3f5a7c77824b12a941a54388a2827ed6", "0x0ce3ba832b15107d7ca7f05aedc393d3b12c3bc3", "0x4a8accbbcb898b0d9218d98ae83d2dd87000e4cd", "0x31646fb225a7743287e760e44923345644513033", "0xea8ee311382139d952087a669252252625663de0", "0x51a15d76e6b5cd7e0b21fa1f3d1995439a5da78f", "0x355f3b6a0e5b430a21b5067403c2f4507dbc0df8", "0xcf9efbdb300d03a6c462eda8840dcc3ab9b1518e", "0x4b786ddc5c56d0429094bedd15320def5b464d2f", "0xf5d92058c977a9c957c6cbfbe3e9a27c83a9be50", "0x682dbb961b8b4c4c99d9d56557d5ad68847e4cd6", "0x60581f6fd33332a587718d0683b255eb7ba7d286", "0xc8ab97a9089a9ff7e6ef0688e6e591a066946418"], "scores": {"0x000d257d2dc7616feaef4ae0f14600fdf50a758e": 8.352700803542108, "0x0ce3ba832b15107d7ca7f05aedc393d3b12c3bc3": 5.819647003394271, "0x31646fb225a7743287e760e44923345644513033": 6.427857125771433, "0x355f3b6a0e5b430a21b5067403c2f4507dbc0df8": 5.802563396240301, "0x3b5d93e768e79c0974ac0f7d210237988120cc80": 2.746094517891162, "0x4a8accbbcb898b0d9218d98ae83d2dd87000e4cd": 7.749313347095276, "0x4b786ddc5c56d0429094bedd15320def5b464d2f": 8.092026197861404, "0x51a15d76e6b5cd7e0b21fa1f3d1995439a5da78f": 3.732231254630017, "0x60581f6fd33332a587718d0683b255eb7ba7d286": 9.183056112719907, "0x682dbb961b8b4c4c99d9d56557d5ad68847e4cd6": 7.64710650397147, "0x89b9612be1bd62a91e202d12cca8888f1b3fa20f": 2.510241918707022, "0x93d1974fcfb0885f4a438f67aa74c6d86a28a451": 8.296390214569282, "0xab19716584931d81cd9e7763402673a64baa4876": 5.961138889671323, "0xb8fe807aa951e35af53fd0fee36abc303864ce76": 7.939945056901108, "0xbaa2bcb5439e985ce4ccf815b4700027d1b92c73": 6.756704762997665, "0xc8ab97a9089a9ff7e6ef0688e6e591a066946418": 6.036711819870836, "0xcf9efbdb300d03a6c462eda8840dcc3ab9b1518e": 8.52158425289635, "0xe40362b6d2c1eb1134da886f4c64f02f08f6e5a4": 8.291393065430393, "0xea8ee311382139d952087a669252252625663de0": 2.4265304439555746, "0xee50a31c3f5a7c77824b12a941a54388a2827ed6": 3.3024448904951447, "0xf2f6af4f27ec2dcf4072095ab804016e14cd5817": 8.322665902571359, "0xf5d92058c977a9c957c6cbfbe3e9a27c83a9be50": 7.2939634427156435}, "winrates": {"0x000d257d2dc7616feaef4ae0f14600fdf50a758e": 0.7248094305919724, "0x0ce3ba832b15107d7ca7f05aedc393d3b12c3bc3": 0.6098589709745227, "0x31646fb225a7743287e760e44923345644513033": 0.6522640272066689, "0x355f3b6a0e5b430a21b5067403c2f4507dbc0df8": 0.7558298947216172, "0x3b5d93e768e79c0974ac0f7d210237988120cc80": 0.5734616203388807, "0x4a8accbbcb898b0d9218d98ae83d2dd87000e4cd": 0.6935402892568622, "0x4b786ddc5c56d0429094bedd15320def5b464d2f": 0.5707426761813881, "0x51a15d76e6b5cd7e0b21fa1f3d1995439a5da78f": 0.9998340449511701, "0x60581f6fd33332a587718d0683b255eb7ba7d286": 0.9778367878167784, "0x682dbb961b8b4c4c99d9d56557d5ad68847e4cd6": 0.6187560357981683, "0x89b9612be1bd62a91e202d12cca8888f1b3fa20f": 0.4945515784458707, "0x93d1974fcfb0885f4a438f67aa74c6d86a28a451": 0.9997996210973372, "0xab19716584931d81cd9e7763402673a64baa4876": 0.8559685048082809, "0xb8fe807aa951e35af53fd0fee36abc303864ce76": 0.43589890270708453, "0xbaa2bcb5439e985ce4ccf815b4700027d1b92c73": 0.5686389947960395, "0xc8ab97a9089a9ff7e6ef0688e6e591a066946418": 0.744932437402978, "0xcf9efbdb300d03a6c462eda8840dcc3ab9b1518e": 0.999451278549737, "0xe40362b6d2c1eb1134da886f4c64f02f08f6e5a4": 0.9471952450672046, "0xea8ee311382139d952087a669252252625663de0": 0.7080170867397602, "0xee50a31c3f5a7c77824b12a941a54388a2827ed6": 0.8611703050070577, "0xf2f6af4f27ec2dcf4072095ab804016e14cd5817": 0.5828371820228725, "0xf5d92058c977a9c957c6cbfbe3e9a27c83a9be50": 0.5797104308567597}}