{"whale_set": ["0x421bf8e567f99bb544f317f38fe71719dbb6ac12", "0x088ffbbc6f2c0b3839d2832e75f37e1bcecbc9e7", "0x832bbb891caf3a24c7d1915d9f6369c4949b5c91", "0x562fa836dd0c7ecaf666cd02e88652b8acfde46f", "0x3b5d93e768e79c0974ac0f7d210237988120cc80", "0x777fae71d2ff9ec48a1213d48ba1d9d91024a1bb", "0x3d7710f91dbc7efcaaf0a37f305c42a6deacabd5", "0xe40362b6d2c1eb1134da886f4c64f02f08f6e5a4", "0x963137a0ba0b02ebf6f37710023cc1b0303289a1", "0x17ce7c9a7f768bfa98946caf7d64c9e051f5beec", "0x09d600cfc7437488da4892884c51843f244e0fda", "0xb8fe807aa951e35af53fd0fee36abc303864ce76", "0x3a8651c42ac19aa3e3141531a298abc72f51dea8", "0x93d1974fcfb0885f4a438f67aa74c6d86a28a451", "0xf72044fb3f98854411a069d9a682e54e4b824599", "0x8b32f4a2bebb3ef05d5a46a93d0ce27ab76db1fd", "0x89b9612be1bd62a91e202d12cca8888f1b3fa20f", "0x382caa87e714afb16c2c8b9e2fc023d4b6b2a0d7", "0x796301e7bb7bb0891993b4b35ca2bdc10fe35c7b", "0xd5ccdf772f795547e299de57f47966e24de8dea4", "0x7b676d5a6379855773d405fcf19b9aa577651b07", "0xee50a31c3f5a7c77824b12a941a54388a2827ed6", "0x0ce3ba832b15107d7ca7f05aedc393d3b12c3bc3", "0x24c8cf69a0e0a17eee21f69d29752bfa32e823e1", "0x42f28da8182099407250b490ca6c75cdf7d04460", "0x5e9c76f30788f31f6c6867f5f44b1e95a7a7cd75", "0x4a8accbbcb898b0d9218d98ae83d2dd87000e4cd", "0x31646fb225a7743287e760e44923345644513033", "0xb51b3beffd13cde071ed799e70a7b0b598e8b4d9", "0x51a15d76e6b5cd7e0b21fa1f3d1995439a5da78f", "0x9e1c1f91fd5ee35bc63ea015c7633cf30e7ce87a", "0xcf9efbdb300d03a6c462eda8840dcc3ab9b1518e", "0x4b786ddc5c56d0429094bedd15320def5b464d2f", "0x22b57908ba8b730b1242cce3781407090194bdca", "0x0eee1b21001ca9af6e5ab8a7321fc2ee46dd4c52", "0x6e8f80ca0cddb8d3f207dc5147ac0e6062ae162c", "0xefc16fbfcf59943f3fd43c6bc01bddbda007dfcd", "0x7d0a771ddd2c63255013a1efb5f0e42659b38c6c", "0x682dbb961b8b4c4c99d9d56557d5ad68847e4cd6", "0xfbfb0883a151234e76a5a5ea72ffc5f47e9df563", "0x60581f6fd33332a587718d0683b255eb7ba7d286", "0xc8ab97a9089a9ff7e6ef0688e6e591a066946418"], "scores": {"0x088ffbbc6f2c0b3839d2832e75f37e1bcecbc9e7": 7.12901806970372, "0x09d600cfc7437488da4892884c51843f244e0fda": 6.163592125414906, "0x0ce3ba832b15107d7ca7f05aedc393d3b12c3bc3": 5.8195555091798665, "0x0eee1b21001ca9af6e5ab8a7321fc2ee46dd4c52": 6.249786885598018, "0x17ce7c9a7f768bfa98946caf7d64c9e051f5beec": 8.09874369325847, "0x22b57908ba8b730b1242cce3781407090194bdca": 8.463276006146609, "0x24c8cf69a0e0a17eee21f69d29752bfa32e823e1": 7.320898998245967, "0x31646fb225a7743287e760e44923345644513033": 6.997710009596583, "0x382caa87e714afb16c2c8b9e2fc023d4b6b2a0d7": 2.597525973981272, "0x3a8651c42ac19aa3e3141531a298abc72f51dea8": 7.828898105211595, "0x3b5d93e768e79c0974ac0f7d210237988120cc80": 2.7460727515203533, "0x3d7710f91dbc7efcaaf0a37f305c42a6deacabd5": 8.427554178706004, "0x421bf8e567f99bb544f317f38fe71719dbb6ac12": 8.474761462288651, "0x42f28da8182099407250b490ca6c75cdf7d04460": 8.786195343749949, "0x4a8accbbcb898b0d9218d98ae83d2dd87000e4cd": 7.523626168006516, "0x4b786ddc5c56d0429094bedd15320def5b464d2f": 7.925646829902185, "0x51a15d76e6b5cd7e0b21fa1f3d1995439a5da78f": 3.731375894286627, "0x562fa836dd0c7ecaf666cd02e88652b8acfde46f": 8.307604551225, "0x5e9c76f30788f31f6c6867f5f44b1e95a7a7cd75": 8.752758047832152, "0x60581f6fd33332a587718d0683b255eb7ba7d286": 9.183056112719907, "0x682dbb961b8b4c4c99d9d56557d5ad68847e4cd6": 6.294345533972698, "0x6e8f80ca0cddb8d3f207dc5147ac0e6062ae162c": 8.221426328016404, "0x777fae71d2ff9ec48a1213d48ba1d9d91024a1bb": 8.313734137160917, "0x796301e7bb7bb0891993b4b35ca2bdc10fe35c7b": 6.211080753104026, "0x7b676d5a6379855773d405fcf19b9aa577651b07": 8.656452129974593, "0x7d0a771ddd2c63255013a1efb5f0e42659b38c6c": 6.589698608707337, "0x832bbb891caf3a24c7d1915d9f6369c4949b5c91": 6.44767097786792, "0x89b9612be1bd62a91e202d12cca8888f1b3fa20f": 6.703101513699207, "0x8b32f4a2bebb3ef05d5a46a93d0ce27ab76db1fd": 8.379220887175181, "0x93d1974fcfb0885f4a438f67aa74c6d86a28a451": 8.296390214569282, "0x963137a0ba0b02ebf6f37710023cc1b0303289a1": 7.708620720921432, "0x9e1c1f91fd5ee35bc63ea015c7633cf30e7ce87a": 8.411947022330857, "0xb51b3beffd13cde071ed799e70a7b0b598e8b4d9": 7.645768675969751, "0xb8fe807aa951e35af53fd0fee36abc303864ce76": 6.617073104158758, "0xc8ab97a9089a9ff7e6ef0688e6e591a066946418": 6.010518349981833, "0xcf9efbdb300d03a6c462eda8840dcc3ab9b1518e": 8.500328877061722, "0xd5ccdf772f795547e299de57f47966e24de8dea4": 8.787471736901633, "0xe40362b6d2c1eb1134da886f4c64f02f08f6e5a4": 8.298457534440699, "0xee50a31c3f5a7c77824b12a941a54388a2827ed6": 3.3023865425684344, "0xefc16fbfcf59943f3fd43c6bc01bddbda007dfcd": 7.85697407385691, "0xf72044fb3f98854411a069d9a682e54e4b824599": 2.626843663315968, "0xfbfb0883a151234e76a5a5ea72ffc5f47e9df563": 7.863229902011036}, "winrates": {"0x088ffbbc6f2c0b3839d2832e75f37e1bcecbc9e7": 0.5320434915085119, "0x09d600cfc7437488da4892884c51843f244e0fda": 0.9621499243747127, "0x0ce3ba832b15107d7ca7f05aedc393d3b12c3bc3": 0.6098534813216585, "0x0eee1b21001ca9af6e5ab8a7321fc2ee46dd4c52": 0.5090702426776648, "0x17ce7c9a7f768bfa98946caf7d64c9e051f5beec": 0.6013706807736977, "0x22b57908ba8b730b1242cce3781407090194bdca": 0.6589150274035557, "0x24c8cf69a0e0a17eee21f69d29752bfa32e823e1": 0.4838108829857767, "0x31646fb225a7743287e760e44923345644513033": 0.6649030405086679, "0x382caa87e714afb16c2c8b9e2fc023d4b6b2a0d7": 0.8893631280999597, "0x3a8651c42ac19aa3e3141531a298abc72f51dea8": 0.571162508694108, "0x3b5d93e768e79c0974ac0f7d210237988120cc80": 0.573460314356632, "0x3d7710f91dbc7efcaaf0a37f305c42a6deacabd5": 0.8035330910144455, "0x421bf8e567f99bb544f317f38fe71719dbb6ac12": 0.906597813704315, "0x42f28da8182099407250b490ca6c75cdf7d04460": 0.9671305539682593, "0x4a8accbbcb898b0d9218d98ae83d2dd87000e4cd": 0.6708746779064227, "0x4b786ddc5c56d0429094bedd15320def5b464d2f": 0.5657394211660708, "0x51a15d76e6b5cd7e0b21fa1f3d1995439a5da78f": 0.999782723330567, "0x562fa836dd0c7ecaf666cd02e88652b8acfde46f": 0.5547929780433741, "0x5e9c76f30788f31f6c6867f5f44b1e95a7a7cd75": 0.9695668369957442, "0x60581f6fd33332a587718d0683b255eb7ba7d286": 0.9778066298717983, "0x682dbb961b8b4c4c99d9d56557d5ad68847e4cd6": 0.6091178895661619, "0x6e8f80ca0cddb8d3f207dc5147ac0e6062ae162c": 0.7882263482725029, "0x777fae71d2ff9ec48a1213d48ba1d9d91024a1bb": 0.27983068300383884, "0x796301e7bb7bb0891993b4b35ca2bdc10fe35c7b": 0.5874775755875222, "0x7b676d5a6379855773d405fcf19b9aa577651b07": 0.8956167834734055, "0x7d0a771ddd2c63255013a1efb5f0e42659b38c6c": 0.5206049305180301, "0x832bbb891caf3a24c7d1915d9f6369c4949b5c91": 0.7850296652790606, "0x89b9612be1bd62a91e202d12cca8888f1b3fa20f": 0.5083706323444745, "0x8b32f4a2bebb3ef05d5a46a93d0ce27ab76db1fd": 0.44282423709800645, "0x93d1974fcfb0885f4a438f67aa74c6d86a28a451": 0.9997376594828133, "0x963137a0ba0b02ebf6f37710023cc1b0303289a1": 0.5604365615053029, "0x9e1c1f91fd5ee35bc63ea015c7633cf30e7ce87a": 0.6761895309587714, "0xb51b3beffd13cde071ed799e70a7b0b598e8b4d9": 0.8891044854268694, "0xb8fe807aa951e35af53fd0fee36abc303864ce76": 0.5078189176449089, "0xc8ab97a9089a9ff7e6ef0688e6e591a066946418": 0.5247439268562623, "0xcf9efbdb300d03a6c462eda8840dcc3ab9b1518e": 0.9998877821489864, "0xd5ccdf772f795547e299de57f47966e24de8dea4": 0.7979528643115444, "0xe40362b6d2c1eb1134da886f4c64f02f08f6e5a4": 0.9456598602404376, "0xee50a31c3f5a7c77824b12a941a54388a2827ed6": 0.8611668041314552, "0xefc16fbfcf59943f3fd43c6bc01bddbda007dfcd": 0.837378405209943, "0xf72044fb3f98854411a069d9a682e54e4b824599": 0.3637319424891752, "0xfbfb0883a151234e76a5a5ea72ffc5f47e9df563": 0.5928100134121009}}