{"whale_set": ["0xe64ffa7621459172ad81960762d5760e65d444a5", "0x2364bef8024c8c0a88d7ce539811f49a9f6e2582", "0x2b92fb734214e109b6ea7d67337fb127d2cb89d4", "0x9bcada74fbcaa331afecdf7e861fbc9532ecca1f", "0xc4439174a5d5f821e173ce86def1d86c3145f19f", "0x040ec398e277f9d7f366621dfa7ea5ddae088edf", "0x2bf309dd001df4f9b1f90c26432d6ff457a38c3d", "0x6a96ea40ae3736da5e9708e4e96a696d8a7b5cb0", "0xd279d8a4900e7ceb645968558ff8e0355f96e09d", "0x1446fddafd68b9b83717e91d5ab35da6db247f6e", "0x0a26054fe174697bf6be759c4b600fdb830d1851", "0x5a181dcf3eb53a09fb32b20a5a9312fb8d26f689", "0xf1bb700a67e3e8a45dc8160a92f4e0405f41bf09", "0xa3b78f9bf0c217e26067f518db3ff6801b64a8dc", "0xbc54e69667ceb6ccec538e5a0ba1927fc1fe680f", "0xd31c8fd93a0ac222b3062c4ad6274b55436eb93f", "0xe6b1bb1ce61ccac0322e6694a6e99669fc8400c1", "0x4c2da46b289847e3e8377c6f4ca3d520c620f8ae", "0xcf9efbdb300d03a6c462eda8840dcc3ab9b1518e", "0xbf78282f15166f376b9f6471689a7f0c92ebc8c4", "0x6064c928e923c4d0d3c7487dad1e6834e9481af8", "0x6139c42e48cf190e67a0a85d492413b499336b7a", "0x088ffbbc6f2c0b3839d2832e75f37e1bcecbc9e7", "0x0b32ba9d6a6e4cfefaf1affcd81b1eb40a8934aa", "0xfe0ceadac05726b020c3b5f914cf276d506dc823", "0x5d4d3800cb347e766c7ada814cf0eddbeaf24a91", "0x183a2a0b034877e761af0778da5134bebc37d514", "0x51158621284d3321ec2130aa132c9bc9c0f3b61d", "0x9e9141c9fc1296d03c90e6857666ce67616a3f8e", "0x1e83fbe8db43b9c6c80778d01a56bbb03d289482", "0x59cf850d330f01ed5dbcf71b6243ca2e65664275", "0x70b918c1d5b4bb7ab90696a9cadf886fd9a374ce", "0xa8af4c7923857533b687df9bf02115156e3a325e", "0x0e0641cbd7849962226f5357f8a47f9b71da15d5", "0x71ed0bc95433cdf1be29f43219725fce9addd9eb", "0x4dfd481c16d9995b809780fd8a9808e8689f6e4a", "0x3dfc2049aa06ef35d7d2bb69e037da753067acb7", "0x574e3aa34743c81f8f9e65c38599e4da95e83ef1", "0x47bc4b50a8d0c4a07b22bfd949f9c6afb8aec043", "0x30e443872ddf63b2908a49f92cd690c304a55102", "0x4eb85167e92a59b671478bbdaaa901551a6a9231"], "scores": {"0x040ec398e277f9d7f366621dfa7ea5ddae088edf": 8.372907394439602, "0x088ffbbc6f2c0b3839d2832e75f37e1bcecbc9e7": 8.270196542423854, "0x0a26054fe174697bf6be759c4b600fdb830d1851": 8.69042236442413, "0x0b32ba9d6a6e4cfefaf1affcd81b1eb40a8934aa": 2.2959068709040893, "0x0e0641cbd7849962226f5357f8a47f9b71da15d5": 2.446531111845461, "0x1446fddafd68b9b83717e91d5ab35da6db247f6e": 2.4495987862075563, "0x183a2a0b034877e761af0778da5134bebc37d514": 3.74198570190787, "0x1e83fbe8db43b9c6c80778d01a56bbb03d289482": 8.44642461944763, "0x2364bef8024c8c0a88d7ce539811f49a9f6e2582": 3.4373725645604427, "0x2b92fb734214e109b6ea7d67337fb127d2cb89d4": 2.412083144479069, "0x2bf309dd001df4f9b1f90c26432d6ff457a38c3d": 6.9983410284647745, "0x30e443872ddf63b2908a49f92cd690c304a55102": 7.919636231358833, "0x3dfc2049aa06ef35d7d2bb69e037da753067acb7": 7.426950172124758, "0x47bc4b50a8d0c4a07b22bfd949f9c6afb8aec043": 6.788627256246089, "0x4c2da46b289847e3e8377c6f4ca3d520c620f8ae": 8.500646398592224, "0x4dfd481c16d9995b809780fd8a9808e8689f6e4a": 7.792914452349238, "0x4eb85167e92a59b671478bbdaaa901551a6a9231": 6.009216101612426, "0x51158621284d3321ec2130aa132c9bc9c0f3b61d": 6.437593407864425, "0x574e3aa34743c81f8f9e65c38599e4da95e83ef1": 7.53083891680347, "0x59cf850d330f01ed5dbcf71b6243ca2e65664275": 8.4618602331392, "0x5a181dcf3eb53a09fb32b20a5a9312fb8d26f689": 3.3184034700305, "0x5d4d3800cb347e766c7ada814cf0eddbeaf24a91": 8.535388251908925, "0x6064c928e923c4d0d3c7487dad1e6834e9481af8": 3.342228487783849, "0x6139c42e48cf190e67a0a85d492413b499336b7a": 8.19678043895989, "0x6a96ea40ae3736da5e9708e4e96a696d8a7b5cb0": 6.131940819040728, "0x70b918c1d5b4bb7ab90696a9cadf886fd9a374ce": 7.523347098395951, "0x71ed0bc95433cdf1be29f43219725fce9addd9eb": 7.816386032744282, "0x9bcada74fbcaa331afecdf7e861fbc9532ecca1f": 4.191019644722408, "0x9e9141c9fc1296d03c90e6857666ce67616a3f8e": 7.282590322107741, "0xa3b78f9bf0c217e26067f518db3ff6801b64a8dc": 2.3421891534839823, "0xa8af4c7923857533b687df9bf02115156e3a325e": 6.73599728032845, "0xbc54e69667ceb6ccec538e5a0ba1927fc1fe680f": 7.958532582380209, "0xbf78282f15166f376b9f6471689a7f0c92ebc8c4": 3.1421631143763737, "0xc4439174a5d5f821e173ce86def1d86c3145f19f": 3.0083897522879703, "0xcf9efbdb300d03a6c462eda8840dcc3ab9b1518e": 8.428938511993431, "0xd279d8a4900e7ceb645968558ff8e0355f96e09d": 6.592079102009669, "0xd31c8fd93a0ac222b3062c4ad6274b55436eb93f": 6.470270115691138, "0xe64ffa7621459172ad81960762d5760e65d444a5": 5.821671104274212, "0xe6b1bb1ce61ccac0322e6694a6e99669fc8400c1": 8.35470949133238, "0xf1bb700a67e3e8a45dc8160a92f4e0405f41bf09": 3.1200661147753688, "0xfe0ceadac05726b020c3b5f914cf276d506dc823": 3.044985423205554}, "winrates": {"0x040ec398e277f9d7f366621dfa7ea5ddae088edf": 0.9158260235194461, "0x088ffbbc6f2c0b3839d2832e75f37e1bcecbc9e7": 0.553217577407822, "0x0a26054fe174697bf6be759c4b600fdb830d1851": 0.9786032311462033, "0x0b32ba9d6a6e4cfefaf1affcd81b1eb40a8934aa": 0.7456602864289543, "0x0e0641cbd7849962226f5357f8a47f9b71da15d5": 0.46493663930504336, "0x1446fddafd68b9b83717e91d5ab35da6db247f6e": 0.5000012919241404, "0x183a2a0b034877e761af0778da5134bebc37d514": 0.9912383756184376, "0x1e83fbe8db43b9c6c80778d01a56bbb03d289482": 0.6682476192453051, "0x2364bef8024c8c0a88d7ce539811f49a9f6e2582": 0.7585864976426085, "0x2b92fb734214e109b6ea7d67337fb127d2cb89d4": 0.8421910792048264, "0x2bf309dd001df4f9b1f90c26432d6ff457a38c3d": 0.785945328973816, "0x30e443872ddf63b2908a49f92cd690c304a55102": 0.7129199135484813, "0x3dfc2049aa06ef35d7d2bb69e037da753067acb7": 0.5542428497875137, "0x47bc4b50a8d0c4a07b22bfd949f9c6afb8aec043": 0.5218356476837723, "0x4c2da46b289847e3e8377c6f4ca3d520c620f8ae": 0.7221593805708152, "0x4dfd481c16d9995b809780fd8a9808e8689f6e4a": 0.7255962809059976, "0x4eb85167e92a59b671478bbdaaa901551a6a9231": 0.4025246181602308, "0x51158621284d3321ec2130aa132c9bc9c0f3b61d": 0.5249508809095598, "0x574e3aa34743c81f8f9e65c38599e4da95e83ef1": 0.41815482765833906, "0x59cf850d330f01ed5dbcf71b6243ca2e65664275": 0.9998842199326314, "0x5a181dcf3eb53a09fb32b20a5a9312fb8d26f689": 0.9999400200779625, "0x5d4d3800cb347e766c7ada814cf0eddbeaf24a91": 0.5793166694662485, "0x6064c928e923c4d0d3c7487dad1e6834e9481af8": 0.38437691690687675, "0x6139c42e48cf190e67a0a85d492413b499336b7a": 0.49595193094933643, "0x6a96ea40ae3736da5e9708e4e96a696d8a7b5cb0": 0.5070473441557937, "0x70b918c1d5b4bb7ab90696a9cadf886fd9a374ce": 0.5188253691073874, "0x71ed0bc95433cdf1be29f43219725fce9addd9eb": 0.4890927406938725, "0x9bcada74fbcaa331afecdf7e861fbc9532ecca1f": 0.999955869052265, "0x9e9141c9fc1296d03c90e6857666ce67616a3f8e": 0.41243200509697103, "0xa3b78f9bf0c217e26067f518db3ff6801b64a8dc": 0.5032633889217584, "0xa8af4c7923857533b687df9bf02115156e3a325e": 0.5114498162009417, "0xbc54e69667ceb6ccec538e5a0ba1927fc1fe680f": 0.7067125369148982, "0xbf78282f15166f376b9f6471689a7f0c92ebc8c4": 0.37061335274297685, "0xc4439174a5d5f821e173ce86def1d86c3145f19f": 0.9845637051510737, "0xcf9efbdb300d03a6c462eda8840dcc3ab9b1518e": 0.7896453594577997, "0xd279d8a4900e7ceb645968558ff8e0355f96e09d": 0.982798012933114, "0xd31c8fd93a0ac222b3062c4ad6274b55436eb93f": 0.5626806391298035, "0xe64ffa7621459172ad81960762d5760e65d444a5": 0.2048574982751751, "0xe6b1bb1ce61ccac0322e6694a6e99669fc8400c1": 0.9984911321924852, "0xf1bb700a67e3e8a45dc8160a92f4e0405f41bf09": 0.8624880562959335, "0xfe0ceadac05726b020c3b5f914cf276d506dc823": 0.21165897010132603}}