{"whale_set": ["0x53a4f5be7d64abd9c49835374b5686cb86454447", "0xbb611d193d53fe25a0d372d98cf24e4dc03558ff", "0xa2f1fecf1cc7db65a46588f764b6691533052d22", "0x3b5d93e768e79c0974ac0f7d210237988120cc80", "0x847667d84fc4d81db36689c4f4c5845c8d125418", "0xbaa2bcb5439e985ce4ccf815b4700027d1b92c73", "0x5685bf6758facce7d1221d3cc3ab0fdb836a62e2", "0xc93c86f929a23f8f688d12db7ad2ed736ef652f1", "0x2a1410533fe6abeeff9d124a51f023539b64e0fb", "0x1489046ca0f9980fc2d9a950d103d3bec02c1307", "0x77a4ba69bfd3a388bce7031900a3fabc105fc84f", "0xec0bc5b9d6f9cf4e88706d1e3efe333c6ee669e6", "0xd86d87914387111b47355e87aca7c032dbe5648d", "0xed322eac0406328b804d160915364b72e3f820d6", "0x491952b03ecf9ff4c3d0189b7e4f13431584067e", "0x000d257d2dc7616feaef4ae0f14600fdf50a758e", "0x4f5b608cbdaac7d946578a58493109ed9a60d411", "0xf2f6af4f27ec2dcf4072095ab804016e14cd5817", "0xd25b8718f61fb64a754356ad8cf16b5579f59f3d", "0x05ab749a8554fb7c852238c271d384bae6798145", "0x0ce3ba832b15107d7ca7f05aedc393d3b12c3bc3", "0x12bff6ca3cb6cfc950a27b275b795fd84d4dddaf", "0x24c8cf69a0e0a17eee21f69d29752bfa32e823e1", "0x2ae3e6f5c1b211858a4c4e8c7c58303e8fdfbc70", "0x879eb52a11d5296d62d8d0d78ff2baf12b43c960", "0x3b334cd6ca37ada031247deb0deaccdc0455a5f8", "0x4a8accbbcb898b0d9218d98ae83d2dd87000e4cd", "0x31646fb225a7743287e760e44923345644513033", "0x8c7b26969470bd87494b5d406c3e84256d102a87", "0x204f72f35326db932158cba6adff0b9a1da95e14", "0xd1ed12197b7dc22dede923727e9b714024dbd7cb", "0x355f3b6a0e5b430a21b5067403c2f4507dbc0df8", "0x2a019dc0089ea8c6edbbafc8a7cc9ba77b4b6397", "0x0ffcad4963e25dc150774363f4061ebe840c8236", "0x477a7d28ed844984088129207c0afcb2459e2d8e", "0xa4da7cb218c5dcb36666815c6aa043890fa82db1", "0x36e7e560c4d4cf32926906d939a18cf91f8a0b6b", "0xa9b44dca52ed35e59ac2a6f49d1203b8155464ed", "0xbad26fe5458e6219cec3e40272760e275e835296", "0xf5d92058c977a9c957c6cbfbe3e9a27c83a9be50", "0x1d379e322ef813587a3e13ad79857c45edc7f4a4", "0x711cf2d57de4c9aa53dd2c0bff3a2bf818688495", "0x682dbb961b8b4c4c99d9d56557d5ad68847e4cd6", "0x60581f6fd33332a587718d0683b255eb7ba7d286"], "scores": {"0x000d257d2dc7616feaef4ae0f14600fdf50a758e": 8.3711213967957, "0x05ab749a8554fb7c852238c271d384bae6798145": 2.2895241816169123, "0x0ce3ba832b15107d7ca7f05aedc393d3b12c3bc3": 5.820137862844146, "0x0ffcad4963e25dc150774363f4061ebe840c8236": 7.8941791941395625, "0x12bff6ca3cb6cfc950a27b275b795fd84d4dddaf": 2.5757370249005147, "0x1489046ca0f9980fc2d9a950d103d3bec02c1307": 3.0577957740796915, "0x1d379e322ef813587a3e13ad79857c45edc7f4a4": 3.0767324995782768, "0x204f72f35326db932158cba6adff0b9a1da95e14": 7.096116047049985, "0x24c8cf69a0e0a17eee21f69d29752bfa32e823e1": 8.38020894702856, "0x2a019dc0089ea8c6edbbafc8a7cc9ba77b4b6397": 7.883934582487256, "0x2a1410533fe6abeeff9d124a51f023539b64e0fb": 5.694938258728462, "0x2ae3e6f5c1b211858a4c4e8c7c58303e8fdfbc70": 6.339574167744519, "0x31646fb225a7743287e760e44923345644513033": 6.427951990372891, "0x355f3b6a0e5b430a21b5067403c2f4507dbc0df8": 4.251164767313094, "0x36e7e560c4d4cf32926906d939a18cf91f8a0b6b": 8.220356552342583, "0x3b334cd6ca37ada031247deb0deaccdc0455a5f8": 2.440411893166383, "0x3b5d93e768e79c0974ac0f7d210237988120cc80": 2.7462787703064353, "0x477a7d28ed844984088129207c0afcb2459e2d8e": 8.402696877774611, "0x491952b03ecf9ff4c3d0189b7e4f13431584067e": 2.6613065117398054, "0x4a8accbbcb898b0d9218d98ae83d2dd87000e4cd": 8.092655307460033, "0x4f5b608cbdaac7d946578a58493109ed9a60d411": 8.317688953646506, "0x53a4f5be7d64abd9c49835374b5686cb86454447": 7.679982070180895, "0x5685bf6758facce7d1221d3cc3ab0fdb836a62e2": 8.616276901030293, "0x60581f6fd33332a587718d0683b255eb7ba7d286": 9.183056112719907, "0x682dbb961b8b4c4c99d9d56557d5ad68847e4cd6": 7.397542647834885, "0x711cf2d57de4c9aa53dd2c0bff3a2bf818688495": 8.255639497576832, "0x77a4ba69bfd3a388bce7031900a3fabc105fc84f": 2.652418693307697, "0x847667d84fc4d81db36689c4f4c5845c8d125418": 8.343416650852888, "0x879eb52a11d5296d62d8d0d78ff2baf12b43c960": 6.034928527282802, "0x8c7b26969470bd87494b5d406c3e84256d102a87": 3.9224177147555412, "0xa2f1fecf1cc7db65a46588f764b6691533052d22": 7.9904199503610265, "0xa4da7cb218c5dcb36666815c6aa043890fa82db1": 7.083824867778097, "0xa9b44dca52ed35e59ac2a6f49d1203b8155464ed": 5.969623262894601, "0xbaa2bcb5439e985ce4ccf815b4700027d1b92c73": 7.3343818459692605, "0xbad26fe5458e6219cec3e40272760e275e835296": 7.159294006235604, "0xbb611d193d53fe25a0d372d98cf24e4dc03558ff": 2.8301842586033534, "0xc93c86f929a23f8f688d12db7ad2ed736ef652f1": 3.7544987305286766, "0xd1ed12197b7dc22dede923727e9b714024dbd7cb": 6.2147355895991225, "0xd25b8718f61fb64a754356ad8cf16b5579f59f3d": 8.198183595982657, "0xd86d87914387111b47355e87aca7c032dbe5648d": 3.6157501742313993, "0xec0bc5b9d6f9cf4e88706d1e3efe333c6ee669e6": 8.71815099944594, "0xed322eac0406328b804d160915364b72e3f820d6": 8.338331824680342, "0xf2f6af4f27ec2dcf4072095ab804016e14cd5817": 8.44248692140303, "0xf5d92058c977a9c957c6cbfbe3e9a27c83a9be50": 8.518008692233588}, "winrates": {"0x000d257d2dc7616feaef4ae0f14600fdf50a758e": 0.7015701610866157, "0x05ab749a8554fb7c852238c271d384bae6798145": 0.4783015575290069, "0x0ce3ba832b15107d7ca7f05aedc393d3b12c3bc3": 0.6098884225415152, "0x0ffcad4963e25dc150774363f4061ebe840c8236": 0.634987636942999, "0x12bff6ca3cb6cfc950a27b275b795fd84d4dddaf": 0.3504099538822557, "0x1489046ca0f9980fc2d9a950d103d3bec02c1307": 0.9999207978593578, "0x1d379e322ef813587a3e13ad79857c45edc7f4a4": 0.5795445285428338, "0x204f72f35326db932158cba6adff0b9a1da95e14": 0.9999321626520633, "0x24c8cf69a0e0a17eee21f69d29752bfa32e823e1": 0.41679919954082195, "0x2a019dc0089ea8c6edbbafc8a7cc9ba77b4b6397": 0.6863311160200514, "0x2a1410533fe6abeeff9d124a51f023539b64e0fb": 0.9657192213580011, "0x2ae3e6f5c1b211858a4c4e8c7c58303e8fdfbc70": 0.7599933071405008, "0x31646fb225a7743287e760e44923345644513033": 0.6522697190827561, "0x355f3b6a0e5b430a21b5067403c2f4507dbc0df8": 0.7542322331409846, "0x36e7e560c4d4cf32926906d939a18cf91f8a0b6b": 0.9997412169486969, "0x3b334cd6ca37ada031247deb0deaccdc0455a5f8": 0.5297524202248379, "0x3b5d93e768e79c0974ac0f7d210237988120cc80": 0.573472675483797, "0x477a7d28ed844984088129207c0afcb2459e2d8e": 0.5463637522462687, "0x491952b03ecf9ff4c3d0189b7e4f13431584067e": 0.7864494184796658, "0x4a8accbbcb898b0d9218d98ae83d2dd87000e4cd": 0.7555497117387301, "0x4f5b608cbdaac7d946578a58493109ed9a60d411": 0.7694320738629533, "0x53a4f5be7d64abd9c49835374b5686cb86454447": 0.5995578014563476, "0x5685bf6758facce7d1221d3cc3ab0fdb836a62e2": 0.9997090039422671, "0x60581f6fd33332a587718d0683b255eb7ba7d286": 0.9778532675066215, "0x682dbb961b8b4c4c99d9d56557d5ad68847e4cd6": 0.4369535387736968, "0x711cf2d57de4c9aa53dd2c0bff3a2bf818688495": 0.5531468637136316, "0x77a4ba69bfd3a388bce7031900a3fabc105fc84f": 0.4021958766482301, "0x847667d84fc4d81db36689c4f4c5845c8d125418": 0.9999104101241751, "0x879eb52a11d5296d62d8d0d78ff2baf12b43c960": 0.500074650784418, "0x8c7b26969470bd87494b5d406c3e84256d102a87": 0.7199224228859888, "0xa2f1fecf1cc7db65a46588f764b6691533052d22": 0.8410212777385182, "0xa4da7cb218c5dcb36666815c6aa043890fa82db1": 0.6614722124066865, "0xa9b44dca52ed35e59ac2a6f49d1203b8155464ed": 0.2699138993005062, "0xbaa2bcb5439e985ce4ccf815b4700027d1b92c73": 0.5884825540976094, "0xbad26fe5458e6219cec3e40272760e275e835296": 0.5283673899149544, "0xbb611d193d53fe25a0d372d98cf24e4dc03558ff": 0.9877506468652684, "0xc93c86f929a23f8f688d12db7ad2ed736ef652f1": 0.8023517897793815, "0xd1ed12197b7dc22dede923727e9b714024dbd7cb": 0.5231398239030898, "0xd25b8718f61fb64a754356ad8cf16b5579f59f3d": 0.5366104536319596, "0xd86d87914387111b47355e87aca7c032dbe5648d": 0.640162527870822, "0xec0bc5b9d6f9cf4e88706d1e3efe333c6ee669e6": 0.9602618847815777, "0xed322eac0406328b804d160915364b72e3f820d6": 0.814984178646522, "0xf2f6af4f27ec2dcf4072095ab804016e14cd5817": 0.7226133087732405, "0xf5d92058c977a9c957c6cbfbe3e9a27c83a9be50": 0.8146968813913151}}