{"whale_set": ["0xbb611d193d53fe25a0d372d98cf24e4dc03558ff", "0xa2f1fecf1cc7db65a46588f764b6691533052d22", "0x3b5d93e768e79c0974ac0f7d210237988120cc80", "0xbaa2bcb5439e985ce4ccf815b4700027d1b92c73", "0x60581f6fd33332a587718d0683b255eb7ba7d286", "0x2a1410533fe6abeeff9d124a51f023539b64e0fb", "0xed322eac0406328b804d160915364b72e3f820d6", "0x000d257d2dc7616feaef4ae0f14600fdf50a758e", "0xf2f6af4f27ec2dcf4072095ab804016e14cd5817", "0xd25b8718f61fb64a754356ad8cf16b5579f59f3d", "0xe0718185ae103323d86b4eb687cb439b8d10f836", "0x12bff6ca3cb6cfc950a27b275b795fd84d4dddaf", "0x0ce3ba832b15107d7ca7f05aedc393d3b12c3bc3", "0x24c8cf69a0e0a17eee21f69d29752bfa32e823e1", "0x31646fb225a7743287e760e44923345644513033", "0x355f3b6a0e5b430a21b5067403c2f4507dbc0df8", "0x477a7d28ed844984088129207c0afcb2459e2d8e", "0x36e7e560c4d4cf32926906d939a18cf91f8a0b6b", "0xa9b44dca52ed35e59ac2a6f49d1203b8155464ed", "0xf5d92058c977a9c957c6cbfbe3e9a27c83a9be50", "0x8c7b26969470bd87494b5d406c3e84256d102a87", "0x682dbb961b8b4c4c99d9d56557d5ad68847e4cd6", "0xc8ab97a9089a9ff7e6ef0688e6e591a066946418"], "scores": {"0x000d257d2dc7616feaef4ae0f14600fdf50a758e": 8.3711213967957, "0x0ce3ba832b15107d7ca7f05aedc393d3b12c3bc3": 5.819704373487469, "0x12bff6ca3cb6cfc950a27b275b795fd84d4dddaf": 2.571516626954734, "0x24c8cf69a0e0a17eee21f69d29752bfa32e823e1": 8.387165047675122, "0x2a1410533fe6abeeff9d124a51f023539b64e0fb": 5.694945934218981, "0x31646fb225a7743287e760e44923345644513033": 6.427873545959962, "0x355f3b6a0e5b430a21b5067403c2f4507dbc0df8": 4.250559393454231, "0x36e7e560c4d4cf32926906d939a18cf91f8a0b6b": 8.220356552342585, "0x3b5d93e768e79c0974ac0f7d210237988120cc80": 2.7461081654570165, "0x477a7d28ed844984088129207c0afcb2459e2d8e": 8.402696877774611, "0x60581f6fd33332a587718d0683b255eb7ba7d286": 9.183056112719907, "0x682dbb961b8b4c4c99d9d56557d5ad68847e4cd6": 7.420674671145505, "0x8c7b26969470bd87494b5d406c3e84256d102a87": 3.9213713519711506, "0xa2f1fecf1cc7db65a46588f764b6691533052d22": 7.990088476462183, "0xa9b44dca52ed35e59ac2a6f49d1203b8155464ed": 5.969398827783875, "0xbaa2bcb5439e985ce4ccf815b4700027d1b92c73": 7.257531057480372, "0xbb611d193d53fe25a0d372d98cf24e4dc03558ff": 3.1715621336277526, "0xc8ab97a9089a9ff7e6ef0688e6e591a066946418": 8.464446571469981, "0xd25b8718f61fb64a754356ad8cf16b5579f59f3d": 8.198183595982657, "0xe0718185ae103323d86b4eb687cb439b8d10f836": 6.145597059629814, "0xed322eac0406328b804d160915364b72e3f820d6": 8.338331824680342, "0xf2f6af4f27ec2dcf4072095ab804016e14cd5817": 8.44248692140303, "0xf5d92058c977a9c957c6cbfbe3e9a27c83a9be50": 8.518008692233588}, "winrates": {"0x000d257d2dc7616feaef4ae0f14600fdf50a758e": 0.7015658060524325, "0x0ce3ba832b15107d7ca7f05aedc393d3b12c3bc3": 0.6098624131801147, "0x12bff6ca3cb6cfc950a27b275b795fd84d4dddaf": 0.35015673000550884, "0x24c8cf69a0e0a17eee21f69d29752bfa32e823e1": 0.4270324506352742, "0x2a1410533fe6abeeff9d124a51f023539b64e0fb": 0.9657196818874324, "0x31646fb225a7743287e760e44923345644513033": 0.6522650124179805, "0x355f3b6a0e5b430a21b5067403c2f4507dbc0df8": 0.7541959107094529, "0x36e7e560c4d4cf32926906d939a18cf91f8a0b6b": 0.9997547287817734, "0x3b5d93e768e79c0974ac0f7d210237988120cc80": 0.5734624391928319, "0x477a7d28ed844984088129207c0afcb2459e2d8e": 0.5463391550737858, "0x60581f6fd33332a587718d0683b255eb7ba7d286": 0.9778556983143163, "0x682dbb961b8b4c4c99d9d56557d5ad68847e4cd6": 0.42624198483477305, "0x8c7b26969470bd87494b5d406c3e84256d102a87": 0.7198596411189253, "0xa2f1fecf1cc7db65a46588f764b6691533052d22": 0.8410013893045875, "0xa9b44dca52ed35e59ac2a6f49d1203b8155464ed": 0.2699004331938627, "0xbaa2bcb5439e985ce4ccf815b4700027d1b92c73": 0.5746142299493424, "0xbb611d193d53fe25a0d372d98cf24e4dc03558ff": 0.9998763279342868, "0xc8ab97a9089a9ff7e6ef0688e6e591a066946418": 0.6275067080775181, "0xd25b8718f61fb64a754356ad8cf16b5579f59f3d": 0.5363837908160174, "0xe0718185ae103323d86b4eb687cb439b8d10f836": 0.6049652884409776, "0xed322eac0406328b804d160915364b72e3f820d6": 0.8149704076586508, "0xf2f6af4f27ec2dcf4072095ab804016e14cd5817": 0.7225994266347527, "0xf5d92058c977a9c957c6cbfbe3e9a27c83a9be50": 0.814685808498833}}