{"whale_set": ["0xe598435df0cdf5d22bdd5082d557f75f9180a0a8", "0xa2f1fecf1cc7db65a46588f764b6691533052d22", "0x847667d84fc4d81db36689c4f4c5845c8d125418", "0x60581f6fd33332a587718d0683b255eb7ba7d286", "0x5685bf6758facce7d1221d3cc3ab0fdb836a62e2", "0xbaa2bcb5439e985ce4ccf815b4700027d1b92c73", "0xc93c86f929a23f8f688d12db7ad2ed736ef652f1", "0x2a1410533fe6abeeff9d124a51f023539b64e0fb", "0x1489046ca0f9980fc2d9a950d103d3bec02c1307", "0xec0bc5b9d6f9cf4e88706d1e3efe333c6ee669e6", "0xd86d87914387111b47355e87aca7c032dbe5648d", "0xed322eac0406328b804d160915364b72e3f820d6", "0x000d257d2dc7616feaef4ae0f14600fdf50a758e", "0xf2f6af4f27ec2dcf4072095ab804016e14cd5817", "0xd25b8718f61fb64a754356ad8cf16b5579f59f3d", "0xe0718185ae103323d86b4eb687cb439b8d10f836", "0x12bff6ca3cb6cfc950a27b275b795fd84d4dddaf", "0x0ce3ba832b15107d7ca7f05aedc393d3b12c3bc3", "0x24c8cf69a0e0a17eee21f69d29752bfa32e823e1", "0x2ae3e6f5c1b211858a4c4e8c7c58303e8fdfbc70", "0x879eb52a11d5296d62d8d0d78ff2baf12b43c960", "0x3b334cd6ca37ada031247deb0deaccdc0455a5f8", "0x31646fb225a7743287e760e44923345644513033", "0xd1ed12197b7dc22dede923727e9b714024dbd7cb", "0x355f3b6a0e5b430a21b5067403c2f4507dbc0df8", "0x2a019dc0089ea8c6edbbafc8a7cc9ba77b4b6397", "0x0ffcad4963e25dc150774363f4061ebe840c8236", "0x477a7d28ed844984088129207c0afcb2459e2d8e", "0xa4da7cb218c5dcb36666815c6aa043890fa82db1", "0x36e7e560c4d4cf32926906d939a18cf91f8a0b6b", "0xa9b44dca52ed35e59ac2a6f49d1203b8155464ed", "0xbad26fe5458e6219cec3e40272760e275e835296", "0xf5d92058c977a9c957c6cbfbe3e9a27c83a9be50", "0x1d379e322ef813587a3e13ad79857c45edc7f4a4", "0x711cf2d57de4c9aa53dd2c0bff3a2bf818688495", "0x682dbb961b8b4c4c99d9d56557d5ad68847e4cd6", "0xc8ab97a9089a9ff7e6ef0688e6e591a066946418"], "scores": {"0x000d257d2dc7616feaef4ae0f14600fdf50a758e": 8.366512170574103, "0x0ce3ba832b15107d7ca7f05aedc393d3b12c3bc3": 5.817898391727072, "0x0ffcad4963e25dc150774363f4061ebe840c8236": 8.011623139764417, "0x12bff6ca3cb6cfc950a27b275b795fd84d4dddaf": 2.7915444382153947, "0x1489046ca0f9980fc2d9a950d103d3bec02c1307": 3.0547067824005016, "0x1d379e322ef813587a3e13ad79857c45edc7f4a4": 3.378944948122726, "0x24c8cf69a0e0a17eee21f69d29752bfa32e823e1": 8.41654077086655, "0x2a019dc0089ea8c6edbbafc8a7cc9ba77b4b6397": 8.315455264888989, "0x2a1410533fe6abeeff9d124a51f023539b64e0fb": 5.694987653294788, "0x2ae3e6f5c1b211858a4c4e8c7c58303e8fdfbc70": 6.2912665299027015, "0x31646fb225a7743287e760e44923345644513033": 6.355016759920871, "0x355f3b6a0e5b430a21b5067403c2f4507dbc0df8": 4.700403361223482, "0x36e7e560c4d4cf32926906d939a18cf91f8a0b6b": 8.209340064327714, "0x3b334cd6ca37ada031247deb0deaccdc0455a5f8": 2.3875194429501785, "0x477a7d28ed844984088129207c0afcb2459e2d8e": 8.401935573474594, "0x5685bf6758facce7d1221d3cc3ab0fdb836a62e2": 8.614407015905671, "0x60581f6fd33332a587718d0683b255eb7ba7d286": 9.184734539787653, "0x682dbb961b8b4c4c99d9d56557d5ad68847e4cd6": 2.3161585653885646, "0x711cf2d57de4c9aa53dd2c0bff3a2bf818688495": 8.23855202258199, "0x847667d84fc4d81db36689c4f4c5845c8d125418": 8.322721198067477, "0x879eb52a11d5296d62d8d0d78ff2baf12b43c960": 6.0303152928529435, "0xa2f1fecf1cc7db65a46588f764b6691533052d22": 8.080510094057512, "0xa4da7cb218c5dcb36666815c6aa043890fa82db1": 7.138063693975612, "0xa9b44dca52ed35e59ac2a6f49d1203b8155464ed": 5.981372942585558, "0xbaa2bcb5439e985ce4ccf815b4700027d1b92c73": 7.11172924419123, "0xbad26fe5458e6219cec3e40272760e275e835296": 7.475768042974306, "0xc8ab97a9089a9ff7e6ef0688e6e591a066946418": 8.23034934395461, "0xc93c86f929a23f8f688d12db7ad2ed736ef652f1": 4.811848920627008, "0xd1ed12197b7dc22dede923727e9b714024dbd7cb": 6.2646001834939185, "0xd25b8718f61fb64a754356ad8cf16b5579f59f3d": 8.213482834763365, "0xd86d87914387111b47355e87aca7c032dbe5648d": 3.64934107773012, "0xe0718185ae103323d86b4eb687cb439b8d10f836": 5.867392626398942, "0xe598435df0cdf5d22bdd5082d557f75f9180a0a8": 5.99420074748803, "0xec0bc5b9d6f9cf4e88706d1e3efe333c6ee669e6": 8.720428731634726, "0xed322eac0406328b804d160915364b72e3f820d6": 8.352822366736891, "0xf2f6af4f27ec2dcf4072095ab804016e14cd5817": 8.447411522973526, "0xf5d92058c977a9c957c6cbfbe3e9a27c83a9be50": 8.518015125930464}, "winrates": {"0x000d257d2dc7616feaef4ae0f14600fdf50a758e": 0.6987728174160723, "0x0ce3ba832b15107d7ca7f05aedc393d3b12c3bc3": 0.6101100497233828, "0x0ffcad4963e25dc150774363f4061ebe840c8236": 0.6340104718616874, "0x12bff6ca3cb6cfc950a27b275b795fd84d4dddaf": 0.3649891932305279, "0x1489046ca0f9980fc2d9a950d103d3bec02c1307": 0.9999384312751265, "0x1d379e322ef813587a3e13ad79857c45edc7f4a4": 0.5972438669808112, "0x24c8cf69a0e0a17eee21f69d29752bfa32e823e1": 0.4451499370948115, "0x2a019dc0089ea8c6edbbafc8a7cc9ba77b4b6397": 0.8089115709779776, "0x2a1410533fe6abeeff9d124a51f023539b64e0fb": 0.9658915061190574, "0x2ae3e6f5c1b211858a4c4e8c7c58303e8fdfbc70": 0.7573934033484371, "0x31646fb225a7743287e760e44923345644513033": 0.6479572035646081, "0x355f3b6a0e5b430a21b5067403c2f4507dbc0df8": 0.7725016609622211, "0x36e7e560c4d4cf32926906d939a18cf91f8a0b6b": 0.9997940236395543, "0x3b334cd6ca37ada031247deb0deaccdc0455a5f8": 0.5271224349820003, "0x477a7d28ed844984088129207c0afcb2459e2d8e": 0.546644582847034, "0x5685bf6758facce7d1221d3cc3ab0fdb836a62e2": 0.9997877673812694, "0x60581f6fd33332a587718d0683b255eb7ba7d286": 0.9793775866227273, "0x682dbb961b8b4c4c99d9d56557d5ad68847e4cd6": 0.2914915223604397, "0x711cf2d57de4c9aa53dd2c0bff3a2bf818688495": 0.5438985240212232, "0x847667d84fc4d81db36689c4f4c5845c8d125418": 0.9999291044467592, "0x879eb52a11d5296d62d8d0d78ff2baf12b43c960": 0.4999995568171307, "0xa2f1fecf1cc7db65a46588f764b6691533052d22": 0.8336226434270498, "0xa4da7cb218c5dcb36666815c6aa043890fa82db1": 0.6600306575975576, "0xa9b44dca52ed35e59ac2a6f49d1203b8155464ed": 0.286474419840139, "0xbaa2bcb5439e985ce4ccf815b4700027d1b92c73": 0.5686264245766897, "0xbad26fe5458e6219cec3e40272760e275e835296": 0.5948401988705656, "0xc8ab97a9089a9ff7e6ef0688e6e591a066946418": 0.9594386390301903, "0xc93c86f929a23f8f688d12db7ad2ed736ef652f1": 0.8441195337561996, "0xd1ed12197b7dc22dede923727e9b714024dbd7cb": 0.523528487779891, "0xd25b8718f61fb64a754356ad8cf16b5579f59f3d": 0.5450177090366307, "0xd86d87914387111b47355e87aca7c032dbe5648d": 0.6377317204523768, "0xe0718185ae103323d86b4eb687cb439b8d10f836": 0.5976079686881651, "0xe598435df0cdf5d22bdd5082d557f75f9180a0a8": 0.5117790580062666, "0xec0bc5b9d6f9cf4e88706d1e3efe333c6ee669e6": 0.9605801571754605, "0xed322eac0406328b804d160915364b72e3f820d6": 0.8193646764156136, "0xf2f6af4f27ec2dcf4072095ab804016e14cd5817": 0.7192986583350626, "0xf5d92058c977a9c957c6cbfbe3e9a27c83a9be50": 0.8146722953710832}}