{"whale_set": ["0xbb611d193d53fe25a0d372d98cf24e4dc03558ff", "0xa2f1fecf1cc7db65a46588f764b6691533052d22", "0x3b5d93e768e79c0974ac0f7d210237988120cc80", "0x847667d84fc4d81db36689c4f4c5845c8d125418", "0xbaa2bcb5439e985ce4ccf815b4700027d1b92c73", "0x5685bf6758facce7d1221d3cc3ab0fdb836a62e2", "0xc93c86f929a23f8f688d12db7ad2ed736ef652f1", "0x2a1410533fe6abeeff9d124a51f023539b64e0fb", "0x1489046ca0f9980fc2d9a950d103d3bec02c1307", "0x77a4ba69bfd3a388bce7031900a3fabc105fc84f", "0xec0bc5b9d6f9cf4e88706d1e3efe333c6ee669e6", "0xd86d87914387111b47355e87aca7c032dbe5648d", "0xed322eac0406328b804d160915364b72e3f820d6", "0x000d257d2dc7616feaef4ae0f14600fdf50a758e", "0xf2f6af4f27ec2dcf4072095ab804016e14cd5817", "0xd25b8718f61fb64a754356ad8cf16b5579f59f3d", "0xe0718185ae103323d86b4eb687cb439b8d10f836", "0x05ab749a8554fb7c852238c271d384bae6798145", "0x0ce3ba832b15107d7ca7f05aedc393d3b12c3bc3", "0x12bff6ca3cb6cfc950a27b275b795fd84d4dddaf", "0x24c8cf69a0e0a17eee21f69d29752bfa32e823e1", "0x2ae3e6f5c1b211858a4c4e8c7c58303e8fdfbc70", "0x879eb52a11d5296d62d8d0d78ff2baf12b43c960", "0x3b334cd6ca37ada031247deb0deaccdc0455a5f8", "0x8c7b26969470bd87494b5d406c3e84256d102a87", "0x31646fb225a7743287e760e44923345644513033", "0xd1ed12197b7dc22dede923727e9b714024dbd7cb", "0x204f72f35326db932158cba6adff0b9a1da95e14", "0x355f3b6a0e5b430a21b5067403c2f4507dbc0df8", "0x2a019dc0089ea8c6edbbafc8a7cc9ba77b4b6397", "0x0ffcad4963e25dc150774363f4061ebe840c8236", "0x477a7d28ed844984088129207c0afcb2459e2d8e", "0xa4da7cb218c5dcb36666815c6aa043890fa82db1", "0x36e7e560c4d4cf32926906d939a18cf91f8a0b6b", "0xa9b44dca52ed35e59ac2a6f49d1203b8155464ed", "0xbad26fe5458e6219cec3e40272760e275e835296", "0xf5d92058c977a9c957c6cbfbe3e9a27c83a9be50", "0x1d379e322ef813587a3e13ad79857c45edc7f4a4", "0x711cf2d57de4c9aa53dd2c0bff3a2bf818688495", "0x682dbb961b8b4c4c99d9d56557d5ad68847e4cd6", "0x60581f6fd33332a587718d0683b255eb7ba7d286", "0xc8ab97a9089a9ff7e6ef0688e6e591a066946418"], "scores": {"0x000d257d2dc7616feaef4ae0f14600fdf50a758e": 8.3711213967957, "0x05ab749a8554fb7c852238c271d384bae6798145": 2.2872939174065294, "0x0ce3ba832b15107d7ca7f05aedc393d3b12c3bc3": 5.8193868972339295, "0x0ffcad4963e25dc150774363f4061ebe840c8236": 7.8933511670636145, "0x12bff6ca3cb6cfc950a27b275b795fd84d4dddaf": 2.5685863080046674, "0x1489046ca0f9980fc2d9a950d103d3bec02c1307": 3.057864874937689, "0x1d379e322ef813587a3e13ad79857c45edc7f4a4": 3.0668822320253804, "0x204f72f35326db932158cba6adff0b9a1da95e14": 7.0961160470499856, "0x24c8cf69a0e0a17eee21f69d29752bfa32e823e1": 8.387165047675122, "0x2a019dc0089ea8c6edbbafc8a7cc9ba77b4b6397": 8.314002757545204, "0x2a1410533fe6abeeff9d124a51f023539b64e0fb": 5.6949331312100435, "0x2ae3e6f5c1b211858a4c4e8c7c58303e8fdfbc70": 6.338974454605413, "0x31646fb225a7743287e760e44923345644513033": 6.4278151132785615, "0x355f3b6a0e5b430a21b5067403c2f4507dbc0df8": 4.250076661543272, "0x36e7e560c4d4cf32926906d939a18cf91f8a0b6b": 8.220356552342585, "0x3b334cd6ca37ada031247deb0deaccdc0455a5f8": 2.4270110860740304, "0x3b5d93e768e79c0974ac0f7d210237988120cc80": 2.7459846896878792, "0x477a7d28ed844984088129207c0afcb2459e2d8e": 8.402696877774611, "0x5685bf6758facce7d1221d3cc3ab0fdb836a62e2": 8.616276901030293, "0x60581f6fd33332a587718d0683b255eb7ba7d286": 9.183056112719907, "0x682dbb961b8b4c4c99d9d56557d5ad68847e4cd6": 7.419757418995097, "0x711cf2d57de4c9aa53dd2c0bff3a2bf818688495": 8.255639497576832, "0x77a4ba69bfd3a388bce7031900a3fabc105fc84f": 2.647690021140137, "0x847667d84fc4d81db36689c4f4c5845c8d125418": 8.343416650852888, "0x879eb52a11d5296d62d8d0d78ff2baf12b43c960": 6.032769939987488, "0x8c7b26969470bd87494b5d406c3e84256d102a87": 3.9205606517490454, "0xa2f1fecf1cc7db65a46588f764b6691533052d22": 7.989784393816933, "0xa4da7cb218c5dcb36666815c6aa043890fa82db1": 7.081891302583224, "0xa9b44dca52ed35e59ac2a6f49d1203b8155464ed": 5.969244438220234, "0xbaa2bcb5439e985ce4ccf815b4700027d1b92c73": 7.257405277947424, "0xbad26fe5458e6219cec3e40272760e275e835296": 7.557561859085714, "0xbb611d193d53fe25a0d372d98cf24e4dc03558ff": 3.171561942425269, "0xc8ab97a9089a9ff7e6ef0688e6e591a066946418": 8.464446571469981, "0xc93c86f929a23f8f688d12db7ad2ed736ef652f1": 4.581155878058854, "0xd1ed12197b7dc22dede923727e9b714024dbd7cb": 6.207169080804516, "0xd25b8718f61fb64a754356ad8cf16b5579f59f3d": 8.198183595982657, "0xd86d87914387111b47355e87aca7c032dbe5648d": 3.614915108984815, "0xe0718185ae103323d86b4eb687cb439b8d10f836": 6.144799163515729, "0xec0bc5b9d6f9cf4e88706d1e3efe333c6ee669e6": 8.71815099944594, "0xed322eac0406328b804d160915364b72e3f820d6": 8.338331824680342, "0xf2f6af4f27ec2dcf4072095ab804016e14cd5817": 8.44248692140303, "0xf5d92058c977a9c957c6cbfbe3e9a27c83a9be50": 8.518008692233588}, "winrates": {"0x000d257d2dc7616feaef4ae0f14600fdf50a758e": 0.7015624749521895, "0x05ab749a8554fb7c852238c271d384bae6798145": 0.478167741676384, "0x0ce3ba832b15107d7ca7f05aedc393d3b12c3bc3": 0.6098433646049023, "0x0ffcad4963e25dc150774363f4061ebe840c8236": 0.6349379553184421, "0x12bff6ca3cb6cfc950a27b275b795fd84d4dddaf": 0.34998091086850486, "0x1489046ca0f9980fc2d9a950d103d3bec02c1307": 0.9999249439108375, "0x1d379e322ef813587a3e13ad79857c45edc7f4a4": 0.57895351248966, "0x204f72f35326db932158cba6adff0b9a1da95e14": 0.9999357151092005, "0x24c8cf69a0e0a17eee21f69d29752bfa32e823e1": 0.4270286470347463, "0x2a019dc0089ea8c6edbbafc8a7cc9ba77b4b6397": 0.8075111428945567, "0x2a1410533fe6abeeff9d124a51f023539b64e0fb": 0.9657189137068961, "0x2ae3e6f5c1b211858a4c4e8c7c58303e8fdfbc70": 0.7599573243521546, "0x31646fb225a7743287e760e44923345644513033": 0.6522615064570965, "0x355f3b6a0e5b430a21b5067403c2f4507dbc0df8": 0.7541669467947953, "0x36e7e560c4d4cf32926906d939a18cf91f8a0b6b": 0.9997546836549943, "0x3b334cd6ca37ada031247deb0deaccdc0455a5f8": 0.5289483717992968, "0x3b5d93e768e79c0974ac0f7d210237988120cc80": 0.5734550306466837, "0x477a7d28ed844984088129207c0afcb2459e2d8e": 0.546321484207143, "0x5685bf6758facce7d1221d3cc3ab0fdb836a62e2": 0.999724130826052, "0x60581f6fd33332a587718d0683b255eb7ba7d286": 0.9778543326801766, "0x682dbb961b8b4c4c99d9d56557d5ad68847e4cd6": 0.42618694970574855, "0x711cf2d57de4c9aa53dd2c0bff3a2bf818688495": 0.5530770768147236, "0x77a4ba69bfd3a388bce7031900a3fabc105fc84f": 0.4019121563181765, "0x847667d84fc4d81db36689c4f4c5845c8d125418": 0.99991509834843, "0x879eb52a11d5296d62d8d0d78ff2baf12b43c960": 0.4999451355466992, "0x8c7b26969470bd87494b5d406c3e84256d102a87": 0.719810999105599, "0xa2f1fecf1cc7db65a46588f764b6691533052d22": 0.8409831443458725, "0xa4da7cb218c5dcb36666815c6aa043890fa82db1": 0.6613561984949942, "0xa9b44dca52ed35e59ac2a6f49d1203b8155464ed": 0.26989116982004424, "0xbaa2bcb5439e985ce4ccf815b4700027d1b92c73": 0.5746066831773655, "0xbad26fe5458e6219cec3e40272760e275e835296": 0.595767018816577, "0xbb611d193d53fe25a0d372d98cf24e4dc03558ff": 0.9998763164621378, "0xc8ab97a9089a9ff7e6ef0688e6e591a066946418": 0.6274949789612644, "0xc93c86f929a23f8f688d12db7ad2ed736ef652f1": 0.8481165451351346, "0xd1ed12197b7dc22dede923727e9b714024dbd7cb": 0.5226858333754134, "0xd25b8718f61fb64a754356ad8cf16b5579f59f3d": 0.5362212324278641, "0xd86d87914387111b47355e87aca7c032dbe5648d": 0.6401124239560269, "0xe0718185ae103323d86b4eb687cb439b8d10f836": 0.6049174146741325, "0xec0bc5b9d6f9cf4e88706d1e3efe333c6ee669e6": 0.9602614659973063, "0xed322eac0406328b804d160915364b72e3f820d6": 0.8149584904639039, "0xf2f6af4f27ec2dcf4072095ab804016e14cd5817": 0.7225886530187713, "0xf5d92058c977a9c957c6cbfbe3e9a27c83a9be50": 0.8146762315841948}}