{"whale_set": ["0xbb611d193d53fe25a0d372d98cf24e4dc03558ff", "0xa2f1fecf1cc7db65a46588f764b6691533052d22", "0x3b5d93e768e79c0974ac0f7d210237988120cc80", "0x847667d84fc4d81db36689c4f4c5845c8d125418", "0x60581f6fd33332a587718d0683b255eb7ba7d286", "0x5685bf6758facce7d1221d3cc3ab0fdb836a62e2", "0xbaa2bcb5439e985ce4ccf815b4700027d1b92c73", "0xc93c86f929a23f8f688d12db7ad2ed736ef652f1", "0x2a1410533fe6abeeff9d124a51f023539b64e0fb", "0xeb92ca532033ff350cb3672f958ffc3f35ccfdf0", "0x1489046ca0f9980fc2d9a950d103d3bec02c1307", "0x77a4ba69bfd3a388bce7031900a3fabc105fc84f", "0xec0bc5b9d6f9cf4e88706d1e3efe333c6ee669e6", "0xd86d87914387111b47355e87aca7c032dbe5648d", "0xed322eac0406328b804d160915364b72e3f820d6", "0x000d257d2dc7616feaef4ae0f14600fdf50a758e", "0xf2f6af4f27ec2dcf4072095ab804016e14cd5817", "0xd25b8718f61fb64a754356ad8cf16b5579f59f3d", "0xe0718185ae103323d86b4eb687cb439b8d10f836", "0x05ab749a8554fb7c852238c271d384bae6798145", "0x0ce3ba832b15107d7ca7f05aedc393d3b12c3bc3", "0x24c8cf69a0e0a17eee21f69d29752bfa32e823e1", "0x2ae3e6f5c1b211858a4c4e8c7c58303e8fdfbc70", "0x879eb52a11d5296d62d8d0d78ff2baf12b43c960", "0x3b334cd6ca37ada031247deb0deaccdc0455a5f8", "0x31646fb225a7743287e760e44923345644513033", "0xd1ed12197b7dc22dede923727e9b714024dbd7cb", "0x204f72f35326db932158cba6adff0b9a1da95e14", "0x355f3b6a0e5b430a21b5067403c2f4507dbc0df8", "0x2a019dc0089ea8c6edbbafc8a7cc9ba77b4b6397", "0x0ffcad4963e25dc150774363f4061ebe840c8236", "0x477a7d28ed844984088129207c0afcb2459e2d8e", "0xa4da7cb218c5dcb36666815c6aa043890fa82db1", "0x36e7e560c4d4cf32926906d939a18cf91f8a0b6b", "0xa9b44dca52ed35e59ac2a6f49d1203b8155464ed", "0xbad26fe5458e6219cec3e40272760e275e835296", "0xf5d92058c977a9c957c6cbfbe3e9a27c83a9be50", "0x711cf2d57de4c9aa53dd2c0bff3a2bf818688495", "0x8c7b26969470bd87494b5d406c3e84256d102a87", "0x682dbb961b8b4c4c99d9d56557d5ad68847e4cd6", "0xc8ab97a9089a9ff7e6ef0688e6e591a066946418"], "scores": {"0x000d257d2dc7616feaef4ae0f14600fdf50a758e": 8.378685730142843, "0x05ab749a8554fb7c852238c271d384bae6798145": 2.283427268182438, "0x0ce3ba832b15107d7ca7f05aedc393d3b12c3bc3": 5.827547450549419, "0x0ffcad4963e25dc150774363f4061ebe840c8236": 7.354248946395272, "0x1489046ca0f9980fc2d9a950d103d3bec02c1307": 3.070543015135803, "0x204f72f35326db932158cba6adff0b9a1da95e14": 7.095272445998194, "0x24c8cf69a0e0a17eee21f69d29752bfa32e823e1": 8.13609985956604, "0x2a019dc0089ea8c6edbbafc8a7cc9ba77b4b6397": 8.318112284411397, "0x2a1410533fe6abeeff9d124a51f023539b64e0fb": 5.69713718227008, "0x2ae3e6f5c1b211858a4c4e8c7c58303e8fdfbc70": 6.502549443598287, "0x31646fb225a7743287e760e44923345644513033": 6.743970950291103, "0x355f3b6a0e5b430a21b5067403c2f4507dbc0df8": 3.1549190935550695, "0x36e7e560c4d4cf32926906d939a18cf91f8a0b6b": 8.268016268977785, "0x3b334cd6ca37ada031247deb0deaccdc0455a5f8": 2.607976995896623, "0x3b5d93e768e79c0974ac0f7d210237988120cc80": 3.2118937787541726, "0x477a7d28ed844984088129207c0afcb2459e2d8e": 8.405698199832136, "0x5685bf6758facce7d1221d3cc3ab0fdb836a62e2": 8.62285163360701, "0x60581f6fd33332a587718d0683b255eb7ba7d286": 9.174922694478482, "0x682dbb961b8b4c4c99d9d56557d5ad68847e4cd6": 7.468271565236772, "0x711cf2d57de4c9aa53dd2c0bff3a2bf818688495": 8.330806302285724, "0x77a4ba69bfd3a388bce7031900a3fabc105fc84f": 2.644712171535503, "0x847667d84fc4d81db36689c4f4c5845c8d125418": 8.43577191830725, "0x879eb52a11d5296d62d8d0d78ff2baf12b43c960": 6.045265573222849, "0x8c7b26969470bd87494b5d406c3e84256d102a87": 3.9219037409727235, "0xa2f1fecf1cc7db65a46588f764b6691533052d22": 7.682748318513594, "0xa4da7cb218c5dcb36666815c6aa043890fa82db1": 6.882893149118653, "0xa9b44dca52ed35e59ac2a6f49d1203b8155464ed": 5.91819126792857, "0xbaa2bcb5439e985ce4ccf815b4700027d1b92c73": 7.52928797326381, "0xbad26fe5458e6219cec3e40272760e275e835296": 7.974774186545881, "0xbb611d193d53fe25a0d372d98cf24e4dc03558ff": 2.9199222104544793, "0xc8ab97a9089a9ff7e6ef0688e6e591a066946418": 8.47913791133042, "0xc93c86f929a23f8f688d12db7ad2ed736ef652f1": 3.847712262812482, "0xd1ed12197b7dc22dede923727e9b714024dbd7cb": 5.722200998124987, "0xd25b8718f61fb64a754356ad8cf16b5579f59f3d": 7.089032333478983, "0xd86d87914387111b47355e87aca7c032dbe5648d": 3.548773677679172, "0xe0718185ae103323d86b4eb687cb439b8d10f836": 6.37792720339696, "0xeb92ca532033ff350cb3672f958ffc3f35ccfdf0": 5.826051225435545, "0xec0bc5b9d6f9cf4e88706d1e3efe333c6ee669e6": 8.703083331788017, "0xed322eac0406328b804d160915364b72e3f820d6": 8.283880263348598, "0xf2f6af4f27ec2dcf4072095ab804016e14cd5817": 8.403545044703044, "0xf5d92058c977a9c957c6cbfbe3e9a27c83a9be50": 8.517982526816553}, "winrates": {"0x000d257d2dc7616feaef4ae0f14600fdf50a758e": 0.7041162766915362, "0x05ab749a8554fb7c852238c271d384bae6798145": 0.4773578194838435, "0x0ce3ba832b15107d7ca7f05aedc393d3b12c3bc3": 0.6090000961821693, "0x0ffcad4963e25dc150774363f4061ebe840c8236": 0.6364412659083487, "0x1489046ca0f9980fc2d9a950d103d3bec02c1307": 0.9998512710891267, "0x204f72f35326db932158cba6adff0b9a1da95e14": 0.9999292433697086, "0x24c8cf69a0e0a17eee21f69d29752bfa32e823e1": 0.3539998868868523, "0x2a019dc0089ea8c6edbbafc8a7cc9ba77b4b6397": 0.8263226190126695, "0x2a1410533fe6abeeff9d124a51f023539b64e0fb": 0.9650955569129814, "0x2ae3e6f5c1b211858a4c4e8c7c58303e8fdfbc70": 0.7690359038628046, "0x31646fb225a7743287e760e44923345644513033": 0.6680797349488767, "0x355f3b6a0e5b430a21b5067403c2f4507dbc0df8": 0.7266456683804012, "0x36e7e560c4d4cf32926906d939a18cf91f8a0b6b": 0.9995614436737351, "0x3b334cd6ca37ada031247deb0deaccdc0455a5f8": 0.5376822363899383, "0x3b5d93e768e79c0974ac0f7d210237988120cc80": 0.6506079871070631, "0x477a7d28ed844984088129207c0afcb2459e2d8e": 0.5451067201750383, "0x5685bf6758facce7d1221d3cc3ab0fdb836a62e2": 0.9993029855309835, "0x60581f6fd33332a587718d0683b255eb7ba7d286": 0.9705577425918432, "0x682dbb961b8b4c4c99d9d56557d5ad68847e4cd6": 0.3879150243062887, "0x711cf2d57de4c9aa53dd2c0bff3a2bf818688495": 0.5947004833866397, "0x77a4ba69bfd3a388bce7031900a3fabc105fc84f": 0.4005003342175933, "0x847667d84fc4d81db36689c4f4c5845c8d125418": 0.9998449265005411, "0x879eb52a11d5296d62d8d0d78ff2baf12b43c960": 0.4999964573385345, "0x8c7b26969470bd87494b5d406c3e84256d102a87": 0.7199329903976341, "0xa2f1fecf1cc7db65a46588f764b6691533052d22": 0.8694597339464099, "0xa4da7cb218c5dcb36666815c6aa043890fa82db1": 0.6701666469234305, "0xa9b44dca52ed35e59ac2a6f49d1203b8155464ed": 0.21029133876948586, "0xbaa2bcb5439e985ce4ccf815b4700027d1b92c73": 0.5878887739055783, "0xbad26fe5458e6219cec3e40272760e275e835296": 0.596557071778213, "0xbb611d193d53fe25a0d372d98cf24e4dc03558ff": 0.9998604727350341, "0xc8ab97a9089a9ff7e6ef0688e6e591a066946418": 0.6294352522798881, "0xc93c86f929a23f8f688d12db7ad2ed736ef652f1": 0.8622361430287716, "0xd1ed12197b7dc22dede923727e9b714024dbd7cb": 0.5131078253011483, "0xd25b8718f61fb64a754356ad8cf16b5579f59f3d": 0.5015280912036733, "0xd86d87914387111b47355e87aca7c032dbe5648d": 0.6496525143633305, "0xe0718185ae103323d86b4eb687cb439b8d10f836": 0.6130159957242526, "0xeb92ca532033ff350cb3672f958ffc3f35ccfdf0": 0.577428670674218, "0xec0bc5b9d6f9cf4e88706d1e3efe333c6ee669e6": 0.9592357378675426, "0xed322eac0406328b804d160915364b72e3f820d6": 0.7980039102829339, "0xf2f6af4f27ec2dcf4072095ab804016e14cd5817": 0.7230373413425263, "0xf5d92058c977a9c957c6cbfbe3e9a27c83a9be50": 0.8147423957261501}}