{"whale_set": ["0x421bf8e567f99bb544f317f38fe71719dbb6ac12", "0x088ffbbc6f2c0b3839d2832e75f37e1bcecbc9e7", "0x832bbb891caf3a24c7d1915d9f6369c4949b5c91", "0x562fa836dd0c7ecaf666cd02e88652b8acfde46f", "0x3b5d93e768e79c0974ac0f7d210237988120cc80", "0x777fae71d2ff9ec48a1213d48ba1d9d91024a1bb", "0x3d7710f91dbc7efcaaf0a37f305c42a6deacabd5", "0xe40362b6d2c1eb1134da886f4c64f02f08f6e5a4", "0x963137a0ba0b02ebf6f37710023cc1b0303289a1", "0xb8fe807aa951e35af53fd0fee36abc303864ce76", "0x09d600cfc7437488da4892884c51843f244e0fda", "0x3a8651c42ac19aa3e3141531a298abc72f51dea8", "0x93d1974fcfb0885f4a438f67aa74c6d86a28a451", "0xf72044fb3f98854411a069d9a682e54e4b824599", "0x8b32f4a2bebb3ef05d5a46a93d0ce27ab76db1fd", "0x89b9612be1bd62a91e202d12cca8888f1b3fa20f", "0x382caa87e714afb16c2c8b9e2fc023d4b6b2a0d7", "0x796301e7bb7bb0891993b4b35ca2bdc10fe35c7b", "0xd5ccdf772f795547e299de57f47966e24de8dea4", "0x7b676d5a6379855773d405fcf19b9aa577651b07", "0xee50a31c3f5a7c77824b12a941a54388a2827ed6", "0x0ce3ba832b15107d7ca7f05aedc393d3b12c3bc3", "0x24c8cf69a0e0a17eee21f69d29752bfa32e823e1", "0x42f28da8182099407250b490ca6c75cdf7d04460", "0x5e9c76f30788f31f6c6867f5f44b1e95a7a7cd75", "0x4a8accbbcb898b0d9218d98ae83d2dd87000e4cd", "0x31646fb225a7743287e760e44923345644513033", "0xb51b3beffd13cde071ed799e70a7b0b598e8b4d9", "0x51a15d76e6b5cd7e0b21fa1f3d1995439a5da78f", "0x9e1c1f91fd5ee35bc63ea015c7633cf30e7ce87a", "0xcf9efbdb300d03a6c462eda8840dcc3ab9b1518e", "0x4b786ddc5c56d0429094bedd15320def5b464d2f", "0x25dcf4635fe93082e0849fbbf81c95680cf5e33b", "0x22b57908ba8b730b1242cce3781407090194bdca", "0x0eee1b21001ca9af6e5ab8a7321fc2ee46dd4c52", "0x6e8f80ca0cddb8d3f207dc5147ac0e6062ae162c", "0xefc16fbfcf59943f3fd43c6bc01bddbda007dfcd", "0x7d0a771ddd2c63255013a1efb5f0e42659b38c6c", "0x682dbb961b8b4c4c99d9d56557d5ad68847e4cd6", "0xcd71fd5370880f3d92bb941e628c05840fe0d127", "0xfbfb0883a151234e76a5a5ea72ffc5f47e9df563", "0x60581f6fd33332a587718d0683b255eb7ba7d286"], "scores": {"0x088ffbbc6f2c0b3839d2832e75f37e1bcecbc9e7": 7.12901782469593, "0x09d600cfc7437488da4892884c51843f244e0fda": 5.996024445106881, "0x0ce3ba832b15107d7ca7f05aedc393d3b12c3bc3": 5.819534061727491, "0x0eee1b21001ca9af6e5ab8a7321fc2ee46dd4c52": 6.249784196445376, "0x22b57908ba8b730b1242cce3781407090194bdca": 8.463276006146609, "0x24c8cf69a0e0a17eee21f69d29752bfa32e823e1": 7.071816302106515, "0x25dcf4635fe93082e0849fbbf81c95680cf5e33b": 6.827343544544863, "0x31646fb225a7743287e760e44923345644513033": 6.997703602336596, "0x382caa87e714afb16c2c8b9e2fc023d4b6b2a0d7": 2.5975096732127687, "0x3a8651c42ac19aa3e3141531a298abc72f51dea8": 7.846767408523115, "0x3b5d93e768e79c0974ac0f7d210237988120cc80": 2.5006990062320793, "0x3d7710f91dbc7efcaaf0a37f305c42a6deacabd5": 8.427554178706004, "0x421bf8e567f99bb544f317f38fe71719dbb6ac12": 8.474761462288651, "0x42f28da8182099407250b490ca6c75cdf7d04460": 8.786195343749949, "0x4a8accbbcb898b0d9218d98ae83d2dd87000e4cd": 7.523609080116059, "0x4b786ddc5c56d0429094bedd15320def5b464d2f": 7.925645139953358, "0x51a15d76e6b5cd7e0b21fa1f3d1995439a5da78f": 3.731175399570005, "0x562fa836dd0c7ecaf666cd02e88652b8acfde46f": 8.307604551225, "0x5e9c76f30788f31f6c6867f5f44b1e95a7a7cd75": 8.752758047832152, "0x60581f6fd33332a587718d0683b255eb7ba7d286": 9.183056112719907, "0x682dbb961b8b4c4c99d9d56557d5ad68847e4cd6": 6.2943271868930575, "0x6e8f80ca0cddb8d3f207dc5147ac0e6062ae162c": 7.508365792486193, "0x777fae71d2ff9ec48a1213d48ba1d9d91024a1bb": 8.315809191715251, "0x796301e7bb7bb0891993b4b35ca2bdc10fe35c7b": 6.211070206807546, "0x7b676d5a6379855773d405fcf19b9aa577651b07": 8.656452129974593, "0x7d0a771ddd2c63255013a1efb5f0e42659b38c6c": 6.589697222637018, "0x832bbb891caf3a24c7d1915d9f6369c4949b5c91": 6.399684941621352, "0x89b9612be1bd62a91e202d12cca8888f1b3fa20f": 6.703100321463867, "0x8b32f4a2bebb3ef05d5a46a93d0ce27ab76db1fd": 8.370784930589938, "0x93d1974fcfb0885f4a438f67aa74c6d86a28a451": 8.296390214569282, "0x963137a0ba0b02ebf6f37710023cc1b0303289a1": 8.338484564006597, "0x9e1c1f91fd5ee35bc63ea015c7633cf30e7ce87a": 8.411947022330857, "0xb51b3beffd13cde071ed799e70a7b0b598e8b4d9": 7.645725220140929, "0xb8fe807aa951e35af53fd0fee36abc303864ce76": 6.617072554648454, "0xcd71fd5370880f3d92bb941e628c05840fe0d127": 8.363140139623177, "0xcf9efbdb300d03a6c462eda8840dcc3ab9b1518e": 8.500328877061722, "0xd5ccdf772f795547e299de57f47966e24de8dea4": 8.787471736901633, "0xe40362b6d2c1eb1134da886f4c64f02f08f6e5a4": 8.298457534440699, "0xee50a31c3f5a7c77824b12a941a54388a2827ed6": 3.3023728643636505, "0xefc16fbfcf59943f3fd43c6bc01bddbda007dfcd": 7.856876305244662, "0xf72044fb3f98854411a069d9a682e54e4b824599": 2.6269044739647844, "0xfbfb0883a151234e76a5a5ea72ffc5f47e9df563": 7.863229154614284}, "winrates": {"0x088ffbbc6f2c0b3839d2832e75f37e1bcecbc9e7": 0.5320434768080445, "0x09d600cfc7437488da4892884c51843f244e0fda": 0.9524816310895567, "0x0ce3ba832b15107d7ca7f05aedc393d3b12c3bc3": 0.6098521944745161, "0x0eee1b21001ca9af6e5ab8a7321fc2ee46dd4c52": 0.5090700813285062, "0x22b57908ba8b730b1242cce3781407090194bdca": 0.6589147286668432, "0x24c8cf69a0e0a17eee21f69d29752bfa32e823e1": 0.45905607763474665, "0x25dcf4635fe93082e0849fbbf81c95680cf5e33b": 0.6746078933314821, "0x31646fb225a7743287e760e44923345644513033": 0.6649026560730686, "0x382caa87e714afb16c2c8b9e2fc023d4b6b2a0d7": 0.8893621500538493, "0x3a8651c42ac19aa3e3141531a298abc72f51dea8": 0.5750851756908342, "0x3b5d93e768e79c0974ac0f7d210237988120cc80": 0.32323562315101645, "0x3d7710f91dbc7efcaaf0a37f305c42a6deacabd5": 0.8035301450033835, "0x421bf8e567f99bb544f317f38fe71719dbb6ac12": 0.9065971176084371, "0x42f28da8182099407250b490ca6c75cdf7d04460": 0.9671216702251278, "0x4a8accbbcb898b0d9218d98ae83d2dd87000e4cd": 0.6708736526329954, "0x4b786ddc5c56d0429094bedd15320def5b464d2f": 0.5657393197691413, "0x51a15d76e6b5cd7e0b21fa1f3d1995439a5da78f": 0.9997706936475695, "0x562fa836dd0c7ecaf666cd02e88652b8acfde46f": 0.5547927958190051, "0x5e9c76f30788f31f6c6867f5f44b1e95a7a7cd75": 0.9695652076239495, "0x60581f6fd33332a587718d0683b255eb7ba7d286": 0.9777995605658514, "0x682dbb961b8b4c4c99d9d56557d5ad68847e4cd6": 0.6091167887413834, "0x6e8f80ca0cddb8d3f207dc5147ac0e6062ae162c": 0.7465967657905818, "0x777fae71d2ff9ec48a1213d48ba1d9d91024a1bb": 0.27765337232134546, "0x796301e7bb7bb0891993b4b35ca2bdc10fe35c7b": 0.5874769428097334, "0x7b676d5a6379855773d405fcf19b9aa577651b07": 0.8956133686694274, "0x7d0a771ddd2c63255013a1efb5f0e42659b38c6c": 0.520604847353811, "0x832bbb891caf3a24c7d1915d9f6369c4949b5c91": 0.7989569572222768, "0x89b9612be1bd62a91e202d12cca8888f1b3fa20f": 0.5083705608103541, "0x8b32f4a2bebb3ef05d5a46a93d0ce27ab76db1fd": 0.43974235465474815, "0x93d1974fcfb0885f4a438f67aa74c6d86a28a451": 0.9997231361888075, "0x963137a0ba0b02ebf6f37710023cc1b0303289a1": 0.6021060793516391, "0x9e1c1f91fd5ee35bc63ea015c7633cf30e7ce87a": 0.6761892499140135, "0xb51b3beffd13cde071ed799e70a7b0b598e8b4d9": 0.88910187807714, "0xb8fe807aa951e35af53fd0fee36abc303864ce76": 0.5078188846742907, "0xcd71fd5370880f3d92bb941e628c05840fe0d127": 0.7282091283037995, "0xcf9efbdb300d03a6c462eda8840dcc3ab9b1518e": 0.9998815677465698, "0xd5ccdf772f795547e299de57f47966e24de8dea4": 0.7979526776202839, "0xe40362b6d2c1eb1134da886f4c64f02f08f6e5a4": 0.9456577430361258, "0xee50a31c3f5a7c77824b12a941a54388a2827ed6": 0.8611659834391682, "0xefc16fbfcf59943f3fd43c6bc01bddbda007dfcd": 0.8373725390932082, "0xf72044fb3f98854411a069d9a682e54e4b824599": 0.36373559112810416, "0xfbfb0883a151234e76a5a5ea72ffc5f47e9df563": 0.5928099685682958}}