{"whale_set": ["0xbb611d193d53fe25a0d372d98cf24e4dc03558ff", "0x7a146c5e70c092d06be27097a5c770b49d0bd748", "0xa8c63f775ddbbe66b56614191747def3021444e8", "0xa2f1fecf1cc7db65a46588f764b6691533052d22", "0x3b5d93e768e79c0974ac0f7d210237988120cc80", "0x1604b15af9eab550175b268dd574a155c5ebff0e", "0xbaa2bcb5439e985ce4ccf815b4700027d1b92c73", "0x2a1410533fe6abeeff9d124a51f023539b64e0fb", "0x662ce90c51d613a2975a536272e477ab7c38bfe7", "0xe40362b6d2c1eb1134da886f4c64f02f08f6e5a4", "0xc851cd9bee7d262afd78674f861f9f576a12cd2a", "0xb8fe807aa951e35af53fd0fee36abc303864ce76", "0x96c6740f9b58c5a38c9172147cd6266da06c34a2", "0x93d1974fcfb0885f4a438f67aa74c6d86a28a451", "0xed322eac0406328b804d160915364b72e3f820d6", "0x000d257d2dc7616feaef4ae0f14600fdf50a758e", "0x89b9612be1bd62a91e202d12cca8888f1b3fa20f", "0x4f5b608cbdaac7d946578a58493109ed9a60d411", "0x796301e7bb7bb0891993b4b35ca2bdc10fe35c7b", "0x0e5bd76779e74304d08e759072abf126d87da593", "0xd25b8718f61fb64a754356ad8cf16b5579f59f3d", "0x7b676d5a6379855773d405fcf19b9aa577651b07", "0x12bff6ca3cb6cfc950a27b275b795fd84d4dddaf", "0x0ce3ba832b15107d7ca7f05aedc393d3b12c3bc3", "0x69e7ad68b5f11e97927e4bd938baf7dfb60bd3b0", "0xee50a31c3f5a7c77824b12a941a54388a2827ed6", "0x662244931c392df70bd064fa91f838eea0bfd7a9", "0x4a8accbbcb898b0d9218d98ae83d2dd87000e4cd", "0x31646fb225a7743287e760e44923345644513033", "0xea8ee311382139d952087a669252252625663de0", "0x51a15d76e6b5cd7e0b21fa1f3d1995439a5da78f", "0x355f3b6a0e5b430a21b5067403c2f4507dbc0df8", "0xefc16fbfcf59943f3fd43c6bc01bddbda007dfcd", "0x0ffcad4963e25dc150774363f4061ebe840c8236", "0xcf9efbdb300d03a6c462eda8840dcc3ab9b1518e", "0x4b786ddc5c56d0429094bedd15320def5b464d2f", "0xc6dd722558dbfbd8fa780efcbe819ed8c6604b9f", "0x290136916f9ab5adb804f83d5876ce6aecb5f4d6", "0x477a7d28ed844984088129207c0afcb2459e2d8e", "0x36e7e560c4d4cf32926906d939a18cf91f8a0b6b", "0xf5d92058c977a9c957c6cbfbe3e9a27c83a9be50", "0x9efda3d6354152901fc4706c3b1a9ce50b45ad00", "0x11e829d2a19e7ade935861fb043715766a015b74", "0x682dbb961b8b4c4c99d9d56557d5ad68847e4cd6", "0x60581f6fd33332a587718d0683b255eb7ba7d286", "0xc8ab97a9089a9ff7e6ef0688e6e591a066946418"], "scores": {"0x000d257d2dc7616feaef4ae0f14600fdf50a758e": 8.352700803542108, "0x0ce3ba832b15107d7ca7f05aedc393d3b12c3bc3": 5.819630621915705, "0x0e5bd76779e74304d08e759072abf126d87da593": 6.461271975847438, "0x0ffcad4963e25dc150774363f4061ebe840c8236": 7.246633408847113, "0x11e829d2a19e7ade935861fb043715766a015b74": 5.901682133360492, "0x12bff6ca3cb6cfc950a27b275b795fd84d4dddaf": 3.5507830397377513, "0x1604b15af9eab550175b268dd574a155c5ebff0e": 6.252871140687745, "0x290136916f9ab5adb804f83d5876ce6aecb5f4d6": 8.513882495328039, "0x2a1410533fe6abeeff9d124a51f023539b64e0fb": 5.694802437679993, "0x31646fb225a7743287e760e44923345644513033": 6.427852436994603, "0x355f3b6a0e5b430a21b5067403c2f4507dbc0df8": 5.8024948340961755, "0x36e7e560c4d4cf32926906d939a18cf91f8a0b6b": 8.220356552342585, "0x3b5d93e768e79c0974ac0f7d210237988120cc80": 2.7460906208588147, "0x477a7d28ed844984088129207c0afcb2459e2d8e": 8.408391986722112, "0x4a8accbbcb898b0d9218d98ae83d2dd87000e4cd": 7.523686011253183, "0x4b786ddc5c56d0429094bedd15320def5b464d2f": 8.328042172584057, "0x4f5b608cbdaac7d946578a58493109ed9a60d411": 8.106486431262407, "0x51a15d76e6b5cd7e0b21fa1f3d1995439a5da78f": 3.732078100973391, "0x60581f6fd33332a587718d0683b255eb7ba7d286": 9.183056112719907, "0x662244931c392df70bd064fa91f838eea0bfd7a9": 7.001189534866792, "0x662ce90c51d613a2975a536272e477ab7c38bfe7": 7.890641121167004, "0x682dbb961b8b4c4c99d9d56557d5ad68847e4cd6": 7.463131091486681, "0x69e7ad68b5f11e97927e4bd938baf7dfb60bd3b0": 1.4572317204907617, "0x796301e7bb7bb0891993b4b35ca2bdc10fe35c7b": 6.180567095129631, "0x7a146c5e70c092d06be27097a5c770b49d0bd748": 6.477990134054986, "0x7b676d5a6379855773d405fcf19b9aa577651b07": 8.656452129974593, "0x89b9612be1bd62a91e202d12cca8888f1b3fa20f": 2.51024259437959, "0x93d1974fcfb0885f4a438f67aa74c6d86a28a451": 8.296390214569282, "0x96c6740f9b58c5a38c9172147cd6266da06c34a2": 7.201268071413856, "0x9efda3d6354152901fc4706c3b1a9ce50b45ad00": 8.482400897021002, "0xa2f1fecf1cc7db65a46588f764b6691533052d22": 7.9347775727076355, "0xa8c63f775ddbbe66b56614191747def3021444e8": 8.422192968261427, "0xb8fe807aa951e35af53fd0fee36abc303864ce76": 7.801673108184536, "0xbaa2bcb5439e985ce4ccf815b4700027d1b92c73": 6.739173520706956, "0xbb611d193d53fe25a0d372d98cf24e4dc03558ff": 2.624234530704936, "0xc6dd722558dbfbd8fa780efcbe819ed8c6604b9f": 8.54986867055617, "0xc851cd9bee7d262afd78674f861f9f576a12cd2a": 6.447982651083877, "0xc8ab97a9089a9ff7e6ef0688e6e591a066946418": 6.118761173412852, "0xcf9efbdb300d03a6c462eda8840dcc3ab9b1518e": 8.52158425289635, "0xd25b8718f61fb64a754356ad8cf16b5579f59f3d": 8.198183595982657, "0xe40362b6d2c1eb1134da886f4c64f02f08f6e5a4": 8.291393065430393, "0xea8ee311382139d952087a669252252625663de0": 2.42652704334181, "0xed322eac0406328b804d160915364b72e3f820d6": 8.338331824680342, "0xee50a31c3f5a7c77824b12a941a54388a2827ed6": 3.3024344440017597, "0xefc16fbfcf59943f3fd43c6bc01bddbda007dfcd": 6.830782723763426, "0xf5d92058c977a9c957c6cbfbe3e9a27c83a9be50": 7.3909051675907}, "winrates": {"0x000d257d2dc7616feaef4ae0f14600fdf50a758e": 0.7248090065678673, "0x0ce3ba832b15107d7ca7f05aedc393d3b12c3bc3": 0.6098579880858088, "0x0e5bd76779e74304d08e759072abf126d87da593": 0.41447582567782437, "0x0ffcad4963e25dc150774363f4061ebe840c8236": 0.599463665945231, "0x11e829d2a19e7ade935861fb043715766a015b74": 0.4980732183464759, "0x12bff6ca3cb6cfc950a27b275b795fd84d4dddaf": 0.4646251301018706, "0x1604b15af9eab550175b268dd574a155c5ebff0e": 0.8924340054535606, "0x290136916f9ab5adb804f83d5876ce6aecb5f4d6": 0.9991261241572755, "0x2a1410533fe6abeeff9d124a51f023539b64e0fb": 0.965711072095093, "0x31646fb225a7743287e760e44923345644513033": 0.652263745880059, "0x355f3b6a0e5b430a21b5067403c2f4507dbc0df8": 0.7558257809929698, "0x36e7e560c4d4cf32926906d939a18cf91f8a0b6b": 0.9996788943831193, "0x3b5d93e768e79c0974ac0f7d210237988120cc80": 0.5734613865169398, "0x477a7d28ed844984088129207c0afcb2459e2d8e": 0.5415999851853734, "0x4a8accbbcb898b0d9218d98ae83d2dd87000e4cd": 0.6708782685012229, "0x4b786ddc5c56d0429094bedd15320def5b464d2f": 0.6104345087184028, "0x4f5b608cbdaac7d946578a58493109ed9a60d411": 0.572220111605433, "0x51a15d76e6b5cd7e0b21fa1f3d1995439a5da78f": 0.9998248557317726, "0x60581f6fd33332a587718d0683b255eb7ba7d286": 0.9778313881632202, "0x662244931c392df70bd064fa91f838eea0bfd7a9": 0.5811078464623408, "0x662ce90c51d613a2975a536272e477ab7c38bfe7": 0.611294827873254, "0x682dbb961b8b4c4c99d9d56557d5ad68847e4cd6": 0.628762988192833, "0x69e7ad68b5f11e97927e4bd938baf7dfb60bd3b0": 0.4604160692188147, "0x796301e7bb7bb0891993b4b35ca2bdc10fe35c7b": 0.5793948950959018, "0x7a146c5e70c092d06be27097a5c770b49d0bd748": 0.5795828349633912, "0x7b676d5a6379855773d405fcf19b9aa577651b07": 0.8956287425492393, "0x89b9612be1bd62a91e202d12cca8888f1b3fa20f": 0.49455161898622485, "0x93d1974fcfb0885f4a438f67aa74c6d86a28a451": 0.9997885265757924, "0x96c6740f9b58c5a38c9172147cd6266da06c34a2": 0.6723345126598954, "0x9efda3d6354152901fc4706c3b1a9ce50b45ad00": 0.7026493871455319, "0xa2f1fecf1cc7db65a46588f764b6691533052d22": 0.8425965078377161, "0xa8c63f775ddbbe66b56614191747def3021444e8": 0.8463012516947077, "0xb8fe807aa951e35af53fd0fee36abc303864ce76": 0.4252694527874102, "0xbaa2bcb5439e985ce4ccf815b4700027d1b92c73": 0.5815421219684659, "0xbb611d193d53fe25a0d372d98cf24e4dc03558ff": 0.7910405309436217, "0xc6dd722558dbfbd8fa780efcbe819ed8c6604b9f": 0.6126776670916732, "0xc851cd9bee7d262afd78674f861f9f576a12cd2a": 0.4438218513502919, "0xc8ab97a9089a9ff7e6ef0688e6e591a066946418": 0.7239261861794294, "0xcf9efbdb300d03a6c462eda8840dcc3ab9b1518e": 0.9994209194443695, "0xd25b8718f61fb64a754356ad8cf16b5579f59f3d": 0.5363732724497976, "0xe40362b6d2c1eb1134da886f4c64f02f08f6e5a4": 0.9471936198968222, "0xea8ee311382139d952087a669252252625663de0": 0.7080168827029342, "0xed322eac0406328b804d160915364b72e3f820d6": 0.8149536729197429,