{"whale_set": ["0xbb611d193d53fe25a0d372d98cf24e4dc03558ff", "0xa2f1fecf1cc7db65a46588f764b6691533052d22", "0x3b5d93e768e79c0974ac0f7d210237988120cc80", "0xbaa2bcb5439e985ce4ccf815b4700027d1b92c73", "0x60581f6fd33332a587718d0683b255eb7ba7d286", "0x2a1410533fe6abeeff9d124a51f023539b64e0fb", "0xed322eac0406328b804d160915364b72e3f820d6", "0x491952b03ecf9ff4c3d0189b7e4f13431584067e", "0x000d257d2dc7616feaef4ae0f14600fdf50a758e", "0x4f5b608cbdaac7d946578a58493109ed9a60d411", "0xf2f6af4f27ec2dcf4072095ab804016e14cd5817", "0xd25b8718f61fb64a754356ad8cf16b5579f59f3d", "0x12bff6ca3cb6cfc950a27b275b795fd84d4dddaf", "0x0ce3ba832b15107d7ca7f05aedc393d3b12c3bc3", "0x24c8cf69a0e0a17eee21f69d29752bfa32e823e1", "0x4a8accbbcb898b0d9218d98ae83d2dd87000e4cd", "0x31646fb225a7743287e760e44923345644513033", "0x355f3b6a0e5b430a21b5067403c2f4507dbc0df8", "0x2a019dc0089ea8c6edbbafc8a7cc9ba77b4b6397", "0x477a7d28ed844984088129207c0afcb2459e2d8e", "0x36e7e560c4d4cf32926906d939a18cf91f8a0b6b", "0xa9b44dca52ed35e59ac2a6f49d1203b8155464ed", "0xf5d92058c977a9c957c6cbfbe3e9a27c83a9be50", "0x682dbb961b8b4c4c99d9d56557d5ad68847e4cd6"], "scores": {"0x000d257d2dc7616feaef4ae0f14600fdf50a758e": 8.3711213967957, "0x0ce3ba832b15107d7ca7f05aedc393d3b12c3bc3": 5.819691168825437, "0x12bff6ca3cb6cfc950a27b275b795fd84d4dddaf": 2.5716164010302416, "0x24c8cf69a0e0a17eee21f69d29752bfa32e823e1": 8.38020894702856, "0x2a019dc0089ea8c6edbbafc8a7cc9ba77b4b6397": 7.8838090287686855, "0x2a1410533fe6abeeff9d124a51f023539b64e0fb": 5.694920242706842, "0x31646fb225a7743287e760e44923345644513033": 6.427869766658274, "0x355f3b6a0e5b430a21b5067403c2f4507dbc0df8": 4.250485664890456, "0x36e7e560c4d4cf32926906d939a18cf91f8a0b6b": 8.220356552342583, "0x3b5d93e768e79c0974ac0f7d210237988120cc80": 2.7461050242961043, "0x477a7d28ed844984088129207c0afcb2459e2d8e": 8.402696877774611, "0x491952b03ecf9ff4c3d0189b7e4f13431584067e": 2.6603633877000754, "0x4a8accbbcb898b0d9218d98ae83d2dd87000e4cd": 8.092655307460033, "0x4f5b608cbdaac7d946578a58493109ed9a60d411": 8.317688953646506, "0x60581f6fd33332a587718d0683b255eb7ba7d286": 9.183056112719907, "0x682dbb961b8b4c4c99d9d56557d5ad68847e4cd6": 7.39633798255626, "0xa2f1fecf1cc7db65a46588f764b6691533052d22": 7.989992158718644, "0xa9b44dca52ed35e59ac2a6f49d1203b8155464ed": 5.9694060148950765, "0xbaa2bcb5439e985ce4ccf815b4700027d1b92c73": 7.33421620254807, "0xbb611d193d53fe25a0d372d98cf24e4dc03558ff": 2.8301579350611075, "0xd25b8718f61fb64a754356ad8cf16b5579f59f3d": 8.198183595982657, "0xed322eac0406328b804d160915364b72e3f820d6": 8.338331824680342, "0xf2f6af4f27ec2dcf4072095ab804016e14cd5817": 8.44248692140303, "0xf5d92058c977a9c957c6cbfbe3e9a27c83a9be50": 8.518008692233588}, "winrates": {"0x000d257d2dc7616feaef4ae0f14600fdf50a758e": 0.7015654737301558, "0x0ce3ba832b15107d7ca7f05aedc393d3b12c3bc3": 0.6098616209003926, "0x12bff6ca3cb6cfc950a27b275b795fd84d4dddaf": 0.3501627164500393, "0x24c8cf69a0e0a17eee21f69d29752bfa32e823e1": 0.41679388222763886, "0x2a019dc0089ea8c6edbbafc8a7cc9ba77b4b6397": 0.6863235827969372, "0x2a1410533fe6abeeff9d124a51f023539b64e0fb": 0.9657181403967039, "0x31646fb225a7743287e760e44923345644513033": 0.6522647856598791, "0x355f3b6a0e5b430a21b5067403c2f4507dbc0df8": 0.7541914869956263, "0x36e7e560c4d4cf32926906d939a18cf91f8a0b6b": 0.9997411499626944, "0x3b5d93e768e79c0974ac0f7d210237988120cc80": 0.5734622507231771, "0x477a7d28ed844984088129207c0afcb2459e2d8e": 0.5463388884712435, "0x491952b03ecf9ff4c3d0189b7e4f13431584067e": 0.786392831037282, "0x4a8accbbcb898b0d9218d98ae83d2dd87000e4cd": 0.7555311182061518, "0x4f5b608cbdaac7d946578a58493109ed9a60d411": 0.7694124675823849, "0x60581f6fd33332a587718d0683b255eb7ba7d286": 0.9778513457274659, "0x682dbb961b8b4c4c99d9d56557d5ad68847e4cd6": 0.4368812588569793, "0xa2f1fecf1cc7db65a46588f764b6691533052d22": 0.8409956102399753, "0xa9b44dca52ed35e59ac2a6f49d1203b8155464ed": 0.26990086442053474, "0xbaa2bcb5439e985ce4ccf815b4700027d1b92c73": 0.588472615492338, "0xbb611d193d53fe25a0d372d98cf24e4dc03558ff": 0.9877490674527336, "0xd25b8718f61fb64a754356ad8cf16b5579f59f3d": 0.536381907197191, "0xed322eac0406328b804d160915364b72e3f820d6": 0.8149674113983956, "0xf2f6af4f27ec2dcf4072095ab804016e14cd5817": 0.722598149702493, "0xf5d92058c977a9c957c6cbfbe3e9a27c83a9be50": 0.814683406474652}}