{"whale_set": ["0x0ce3ba832b15107d7ca7f05aedc393d3b12c3bc3", "0x24c8cf69a0e0a17eee21f69d29752bfa32e823e1", "0x3b5d93e768e79c0974ac0f7d210237988120cc80", "0x31646fb225a7743287e760e44923345644513033", "0x000d257d2dc7616feaef4ae0f14600fdf50a758e", "0x355f3b6a0e5b430a21b5067403c2f4507dbc0df8", "0xf5d92058c977a9c957c6cbfbe3e9a27c83a9be50", "0x682dbb961b8b4c4c99d9d56557d5ad68847e4cd6", "0x60581f6fd33332a587718d0683b255eb7ba7d286"], "scores": {"0x000d257d2dc7616feaef4ae0f14600fdf50a758e": 8.3711213967957, "0x0ce3ba832b15107d7ca7f05aedc393d3b12c3bc3": 5.819691168825437, "0x24c8cf69a0e0a17eee21f69d29752bfa32e823e1": 8.38020894702856, "0x31646fb225a7743287e760e44923345644513033": 6.427869766658274, "0x355f3b6a0e5b430a21b5067403c2f4507dbc0df8": 4.250485664890456, "0x3b5d93e768e79c0974ac0f7d210237988120cc80": 2.7461050242961043, "0x60581f6fd33332a587718d0683b255eb7ba7d286": 9.183056112719907, "0x682dbb961b8b4c4c99d9d56557d5ad68847e4cd6": 7.39633798255626, "0xf5d92058c977a9c957c6cbfbe3e9a27c83a9be50": 8.518008692233588}, "winrates": {"0x000d257d2dc7616feaef4ae0f14600fdf50a758e": 0.7015654737301558, "0x0ce3ba832b15107d7ca7f05aedc393d3b12c3bc3": 0.6098616209003926, "0x24c8cf69a0e0a17eee21f69d29752bfa32e823e1": 0.41679388222763886, "0x31646fb225a7743287e760e44923345644513033": 0.6522647856598791, "0x355f3b6a0e5b430a21b5067403c2f4507dbc0df8": 0.7541914869956263, "0x3b5d93e768e79c0974ac0f7d210237988120cc80": 0.5734622507231771, "0x60581f6fd33332a587718d0683b255eb7ba7d286": 0.9778513457274659, "0x682dbb961b8b4c4c99d9d56557d5ad68847e4cd6": 0.4368812588569793, "0xf5d92058c977a9c957c6cbfbe3e9a27c83a9be50": 0.814683406474652}}