{"whale_set": ["0x0ce3ba832b15107d7ca7f05aedc393d3b12c3bc3", "0x24c8cf69a0e0a17eee21f69d29752bfa32e823e1", "0x3b5d93e768e79c0974ac0f7d210237988120cc80", "0x31646fb225a7743287e760e44923345644513033", "0x000d257d2dc7616feaef4ae0f14600fdf50a758e", "0x355f3b6a0e5b430a21b5067403c2f4507dbc0df8", "0xf5d92058c977a9c957c6cbfbe3e9a27c83a9be50", "0x682dbb961b8b4c4c99d9d56557d5ad68847e4cd6", "0x60581f6fd33332a587718d0683b255eb7ba7d286", "0xc8ab97a9089a9ff7e6ef0688e6e591a066946418"], "scores": {"0x000d257d2dc7616feaef4ae0f14600fdf50a758e": 8.3711213967957, "0x0ce3ba832b15107d7ca7f05aedc393d3b12c3bc3": 5.819704373487469, "0x24c8cf69a0e0a17eee21f69d29752bfa32e823e1": 8.387165047675122, "0x31646fb225a7743287e760e44923345644513033": 6.427873545959962, "0x355f3b6a0e5b430a21b5067403c2f4507dbc0df8": 4.250559393454231, "0x3b5d93e768e79c0974ac0f7d210237988120cc80": 2.7461081654570165, "0x60581f6fd33332a587718d0683b255eb7ba7d286": 9.183056112719907, "0x682dbb961b8b4c4c99d9d56557d5ad68847e4cd6": 7.420674671145505, "0xc8ab97a9089a9ff7e6ef0688e6e591a066946418": 8.464446571469981, "0xf5d92058c977a9c957c6cbfbe3e9a27c83a9be50": 8.518008692233588}, "winrates": {"0x000d257d2dc7616feaef4ae0f14600fdf50a758e": 0.7015658060524325, "0x0ce3ba832b15107d7ca7f05aedc393d3b12c3bc3": 0.6098624131801147, "0x24c8cf69a0e0a17eee21f69d29752bfa32e823e1": 0.4270324506352742, "0x31646fb225a7743287e760e44923345644513033": 0.6522650124179805, "0x355f3b6a0e5b430a21b5067403c2f4507dbc0df8": 0.7541959107094529, "0x3b5d93e768e79c0974ac0f7d210237988120cc80": 0.5734624391928319, "0x60581f6fd33332a587718d0683b255eb7ba7d286": 0.9778556983143163, "0x682dbb961b8b4c4c99d9d56557d5ad68847e4cd6": 0.42624198483477305, "0xc8ab97a9089a9ff7e6ef0688e6e591a066946418": 0.6275067080775181, "0xf5d92058c977a9c957c6cbfbe3e9a27c83a9be50": 0.814685808498833}}