{"whale_set": ["0x832bbb891caf3a24c7d1915d9f6369c4949b5c91", "0x562fa836dd0c7ecaf666cd02e88652b8acfde46f", "0x3b5d93e768e79c0974ac0f7d210237988120cc80", "0x3d7710f91dbc7efcaaf0a37f305c42a6deacabd5", "0xe40362b6d2c1eb1134da886f4c64f02f08f6e5a4", "0xb8fe807aa951e35af53fd0fee36abc303864ce76", "0x09d600cfc7437488da4892884c51843f244e0fda", "0x3a8651c42ac19aa3e3141531a298abc72f51dea8", "0x93d1974fcfb0885f4a438f67aa74c6d86a28a451", "0x000d257d2dc7616feaef4ae0f14600fdf50a758e", "0x89b9612be1bd62a91e202d12cca8888f1b3fa20f", "0x796301e7bb7bb0891993b4b35ca2bdc10fe35c7b", "0x7b676d5a6379855773d405fcf19b9aa577651b07", "0xee50a31c3f5a7c77824b12a941a54388a2827ed6", "0x0ce3ba832b15107d7ca7f05aedc393d3b12c3bc3", "0x42f28da8182099407250b490ca6c75cdf7d04460", "0x5e9c76f30788f31f6c6867f5f44b1e95a7a7cd75", "0x4a8accbbcb898b0d9218d98ae83d2dd87000e4cd", "0x31646fb225a7743287e760e44923345644513033", "0x51a15d76e6b5cd7e0b21fa1f3d1995439a5da78f", "0x9e1c1f91fd5ee35bc63ea015c7633cf30e7ce87a", "0xcf9efbdb300d03a6c462eda8840dcc3ab9b1518e", "0x4b786ddc5c56d0429094bedd15320def5b464d2f", "0x0eee1b21001ca9af6e5ab8a7321fc2ee46dd4c52", "0xefc16fbfcf59943f3fd43c6bc01bddbda007dfcd", "0x11e829d2a19e7ade935861fb043715766a015b74", "0x7d0a771ddd2c63255013a1efb5f0e42659b38c6c", "0x682dbb961b8b4c4c99d9d56557d5ad68847e4cd6", "0xcd71fd5370880f3d92bb941e628c05840fe0d127", "0x60581f6fd33332a587718d0683b255eb7ba7d286", "0xc8ab97a9089a9ff7e6ef0688e6e591a066946418"], "scores": {"0x000d257d2dc7616feaef4ae0f14600fdf50a758e": 8.32366305774138, "0x09d600cfc7437488da4892884c51843f244e0fda": 6.22878246994891, "0x0ce3ba832b15107d7ca7f05aedc393d3b12c3bc3": 5.819613333366285, "0x0eee1b21001ca9af6e5ab8a7321fc2ee46dd4c52": 6.249794135948893, "0x11e829d2a19e7ade935861fb043715766a015b74": 5.740353260939653, "0x31646fb225a7743287e760e44923345644513033": 6.997727283524554, "0x3a8651c42ac19aa3e3141531a298abc72f51dea8": 7.7745477379188035, "0x3b5d93e768e79c0974ac0f7d210237988120cc80": 2.746086507992308, "0x3d7710f91dbc7efcaaf0a37f305c42a6deacabd5": 8.427554178706004, "0x42f28da8182099407250b490ca6c75cdf7d04460": 8.786195343749949, "0x4a8accbbcb898b0d9218d98ae83d2dd87000e4cd": 7.523672237463995, "0x4b786ddc5c56d0429094bedd15320def5b464d2f": 8.292013830034541, "0x51a15d76e6b5cd7e0b21fa1f3d1995439a5da78f": 3.7319164700687972, "0x562fa836dd0c7ecaf666cd02e88652b8acfde46f": 8.307604551225, "0x5e9c76f30788f31f6c6867f5f44b1e95a7a7cd75": 8.752758047832152, "0x60581f6fd33332a587718d0683b255eb7ba7d286": 9.183056112719907, "0x682dbb961b8b4c4c99d9d56557d5ad68847e4cd6": 6.443226275605087, "0x796301e7bb7bb0891993b4b35ca2bdc10fe35c7b": 6.180559228604881, "0x7b676d5a6379855773d405fcf19b9aa577651b07": 8.656452129974593, "0x7d0a771ddd2c63255013a1efb5f0e42659b38c6c": 8.653456565684266, "0x832bbb891caf3a24c7d1915d9f6369c4949b5c91": 6.633805643931713, "0x89b9612be1bd62a91e202d12cca8888f1b3fa20f": 6.691786886312419, "0x93d1974fcfb0885f4a438f67aa74c6d86a28a451": 8.296390214569282, "0x9e1c1f91fd5ee35bc63ea015c7633cf30e7ce87a": 8.411947022330857, "0xb8fe807aa951e35af53fd0fee36abc303864ce76": 8.48229612908686, "0xc8ab97a9089a9ff7e6ef0688e6e591a066946418": 6.11096454278464, "0xcd71fd5370880f3d92bb941e628c05840fe0d127": 7.904849022674095, "0xcf9efbdb300d03a6c462eda8840dcc3ab9b1518e": 8.500328877061722, "0xe40362b6d2c1eb1134da886f4c64f02f08f6e5a4": 8.298457534440699, "0xee50a31c3f5a7c77824b12a941a54388a2827ed6": 3.3024234189045245, "0xefc16fbfcf59943f3fd43c6bc01bddbda007dfcd": 7.995886296907156}, "winrates": {"0x000d257d2dc7616feaef4ae0f14600fdf50a758e": 0.6508032042915621, "0x09d600cfc7437488da4892884c51843f244e0fda": 0.9663329590377034, "0x0ce3ba832b15107d7ca7f05aedc393d3b12c3bc3": 0.6098569507728436, "0x0eee1b21001ca9af6e5ab8a7321fc2ee46dd4c52": 0.5090706776987172, "0x11e829d2a19e7ade935861fb043715766a015b74": 0.7371258106664154, "0x31646fb225a7743287e760e44923345644513033": 0.6649040769443462, "0x3a8651c42ac19aa3e3141531a298abc72f51dea8": 0.5687181718502091, "0x3b5d93e768e79c0974ac0f7d210237988120cc80": 0.5734611397449494, "0x3d7710f91dbc7efcaaf0a37f305c42a6deacabd5": 0.8035410336560821, "0x42f28da8182099407250b490ca6c75cdf7d04460": 0.9671545059545983, "0x4a8accbbcb898b0d9218d98ae83d2dd87000e4cd": 0.6708774420738715, "0x4b786ddc5c56d0429094bedd15320def5b464d2f": 0.5927008137026366, "0x51a15d76e6b5cd7e0b21fa1f3d1995439a5da78f": 0.9998151578774972, "0x562fa836dd0c7ecaf666cd02e88652b8acfde46f": 0.5547934693207996, "0x5e9c76f30788f31f6c6867f5f44b1e95a7a7cd75": 0.9695712297891577, "0x60581f6fd33332a587718d0683b255eb7ba7d286": 0.9778256895490537, "0x682dbb961b8b4c4c99d9d56557d5ad68847e4cd6": 0.6120729915692433, "0x796301e7bb7bb0891993b4b35ca2bdc10fe35c7b": 0.5793944231044169, "0x7b676d5a6379855773d405fcf19b9aa577651b07": 0.8956259899753527, "0x7d0a771ddd2c63255013a1efb5f0e42659b38c6c": 0.7146985599672552, "0x832bbb891caf3a24c7d1915d9f6369c4949b5c91": 0.7784544851537344, "0x89b9612be1bd62a91e202d12cca8888f1b3fa20f": 0.4970174582136811, "0x93d1974fcfb0885f4a438f67aa74c6d86a28a451": 0.9997768180502661, "0x9e1c1f91fd5ee35bc63ea015c7633cf30e7ce87a": 0.676190288651406, "0xb8fe807aa951e35af53fd0fee36abc303864ce76": 0.5832347098018245, "0xc8ab97a9089a9ff7e6ef0688e6e591a066946418": 0.5176351079339353, "0xcd71fd5370880f3d92bb941e628c05840fe0d127": 0.7176628726261515, "0xcf9efbdb300d03a6c462eda8840dcc3ab9b1518e": 0.9999045367597605, "0xe40362b6d2c1eb1134da886f4c64f02f08f6e5a4": 0.9456655682594493, "0xee50a31c3f5a7c77824b12a941a54388a2827ed6": 0.8611690167116204, "0xefc16fbfcf59943f3fd43c6bc01bddbda007dfcd": 0.8838446959500031}}